insert into stocks values('PCLN','C000002521');
insert into transaction ("volume","time","price","seller","buyer","stock") values('0','1975-11-7 08:00:00','32.72','admin','admin','PCLN');
insert into orders ("time","price","volume","type","trader","stock","cat") values('2014-11-7 08:00:00','32.72','1467073','limit','C000002521','PCLN','sell');
insert into stocks values('HBANP','C000001279');
insert into transaction ("volume","time","price","seller","buyer","stock") values('0','1975-11-7 08:00:00','16.11','admin','admin','HBANP');
insert into orders ("time","price","volume","type","trader","stock","cat") values('2014-11-7 08:00:00','16.11','1081006','limit','C000001279','HBANP','sell');
insert into stocks values('GOOGL','C000000119');
insert into transaction ("volume","time","price","seller","buyer","stock") values('0','1975-11-7 08:00:00','472.46','admin','admin','GOOGL');
insert into orders ("time","price","volume","type","trader","stock","cat") values('2014-11-7 08:00:00','472.46','1963325','limit','C000000119','GOOGL','sell');
insert into stocks values('GOOG','C000000119');
insert into transaction ("volume","time","price","seller","buyer","stock") values('0','1975-11-7 08:00:00','449.86','admin','admin','GOOG');
insert into orders ("time","price","volume","type","trader","stock","cat") values('2014-11-7 08:00:00','449.86','1459162','limit','C000000119','GOOG','sell');
insert into stocks values('AMZN','C000000129');
insert into transaction ("volume","time","price","seller","buyer","stock") values('0','1975-11-7 08:00:00','440.72','admin','admin','AMZN');
insert into orders ("time","price","volume","type","trader","stock","cat") values('2014-11-7 08:00:00','440.72','1571894','limit','C000000129','AMZN','sell');
insert into stocks values('REGN','C000002146');
insert into transaction ("volume","time","price","seller","buyer","stock") values('0','1975-11-7 08:00:00','84.5','admin','admin','REGN');
insert into orders ("time","price","volume","type","trader","stock","cat") values('2014-11-7 08:00:00','84.5','1457372','limit','C000002146','REGN','sell');
insert into stocks values('ISRG','C000001376');
insert into transaction ("volume","time","price","seller","buyer","stock") values('0','1975-11-7 08:00:00','47.83','admin','admin','ISRG');
insert into orders ("time","price","volume","type","trader","stock","cat") values('2014-11-7 08:00:00','47.83','1410058','limit','C000001376','ISRG','sell');
insert into stocks values('UHAL','C000000136');
insert into transaction ("volume","time","price","seller","buyer","stock") values('0','1975-11-7 08:00:00','389.09','admin','admin','UHAL');
insert into orders ("time","price","volume","type","trader","stock","cat") values('2014-11-7 08:00:00','389.09','1172212','limit','C000000136','UHAL','sell');
insert into stocks values('ATRI','C000000264');
insert into transaction ("volume","time","price","seller","buyer","stock") values('0','1975-11-7 08:00:00','308.58','admin','admin','ATRI');
insert into orders ("time","price","volume","type","trader","stock","cat") values('2014-11-7 08:00:00','308.58','1628288','limit','C000000264','ATRI','sell');
insert into stocks values('IBB','C000001408');
insert into transaction ("volume","time","price","seller","buyer","stock") values('0','1975-11-7 08:00:00','214.79','admin','admin','IBB');
insert into orders ("time","price","volume","type","trader","stock","cat") values('2014-11-7 08:00:00','214.79','1731692','limit','C000001408','IBB','sell');
insert into stocks values('IRDMB','C000001391');
insert into transaction ("volume","time","price","seller","buyer","stock") values('0','1975-11-7 08:00:00','193.9','admin','admin','IRDMB');
insert into orders ("time","price","volume","type","trader","stock","cat") values('2014-11-7 08:00:00','193.9','1904841','limit','C000001391','IRDMB','sell');
insert into stocks values('EQIX','C000000879');
insert into transaction ("volume","time","price","seller","buyer","stock") values('0','1975-11-7 08:00:00','29.39','admin','admin','EQIX');
insert into orders ("time","price","volume","type","trader","stock","cat") values('2014-11-7 08:00:00','29.39','1413616','limit','C000000879','EQIX','sell');
insert into stocks values('BIIB','C000000338');
insert into transaction ("volume","time","price","seller","buyer","stock") values('0','1975-11-7 08:00:00','294.3','admin','admin','BIIB');
insert into orders ("time","price","volume","type","trader","stock","cat") values('2014-11-7 08:00:00','294.3','1171830','limit','C000000338','BIIB','sell');
insert into stocks values('ORLY','C000001887');
insert into transaction ("volume","time","price","seller","buyer","stock") values('0','1975-11-7 08:00:00','226.39','admin','admin','ORLY');
insert into orders ("time","price","volume","type","trader","stock","cat") values('2014-11-7 08:00:00','226.39','1325309','limit','C000001887','ORLY','sell');
insert into stocks values('FCNCA','C000000959');
insert into transaction ("volume","time","price","seller","buyer","stock") values('0','1975-11-7 08:00:00','272.91','admin','admin','FCNCA');
insert into orders ("time","price","volume","type","trader","stock","cat") values('2014-11-7 08:00:00','272.91','1125274','limit','C000000959','FCNCA','sell');
insert into stocks values('NWLI','C000001750');
insert into transaction ("volume","time","price","seller","buyer","stock") values('0','1975-11-7 08:00:00','441.72','admin','admin','NWLI');
insert into orders ("time","price","volume","type","trader","stock","cat") values('2014-11-7 08:00:00','441.72','1904698','limit','C000001750','NWLI','sell');
insert into stocks values('TSLA','C000002480');
insert into transaction ("volume","time","price","seller","buyer","stock") values('0','1975-11-7 08:00:00','92.36','admin','admin','TSLA');
insert into orders ("time","price","volume","type","trader","stock","cat") values('2014-11-7 08:00:00','92.36','1191418','limit','C000002480','TSLA','sell');
insert into stocks values('SHPG','C000002273');
insert into transaction ("volume","time","price","seller","buyer","stock") values('0','1975-11-7 08:00:00','97.82','admin','admin','SHPG');
insert into orders ("time","price","volume","type","trader","stock","cat") values('2014-11-7 08:00:00','97.82','1713377','limit','C000002273','SHPG','sell');
insert into stocks values('CSGP','C000000672');
insert into transaction ("volume","time","price","seller","buyer","stock") values('0','1975-11-7 08:00:00','260.75','admin','admin','CSGP');
insert into orders ("time","price","volume","type","trader","stock","cat") values('2014-11-7 08:00:00','260.75','1717455','limit','C000000672','CSGP','sell');
insert into stocks values('ULTI','C000002525');
insert into transaction ("volume","time","price","seller","buyer","stock") values('0','1975-11-7 08:00:00','71.68','admin','admin','ULTI');
insert into orders ("time","price","volume","type","trader","stock","cat") values('2014-11-7 08:00:00','71.68','1977234','limit','C000002525','ULTI','sell');
insert into stocks values('ONEQ','C000000937');
insert into transaction ("volume","time","price","seller","buyer","stock") values('0','1975-11-7 08:00:00','215.05','admin','admin','ONEQ');
insert into orders ("time","price","volume","type","trader","stock","cat") values('2014-11-7 08:00:00','215.05','1016799','limit','C000000937','ONEQ','sell');
insert into stocks values('DHIL','C000000762');
insert into transaction ("volume","time","price","seller","buyer","stock") values('0','1975-11-7 08:00:00','261.22','admin','admin','DHIL');
insert into orders ("time","price","volume","type","trader","stock","cat") values('2014-11-7 08:00:00','261.22','1183200','limit','C000000762','DHIL','sell');
insert into stocks values('ALGT','C000000106');
insert into transaction ("volume","time","price","seller","buyer","stock") values('0','1975-11-7 08:00:00','283.96','admin','admin','ALGT');
insert into orders ("time","price","volume","type","trader","stock","cat") values('2014-11-7 08:00:00','283.96','1467624','limit','C000000106','ALGT','sell');
insert into stocks values('BIDU','C000000292');
insert into transaction ("volume","time","price","seller","buyer","stock") values('0','1975-11-7 08:00:00','171.21','admin','admin','BIDU');
insert into orders ("time","price","volume","type","trader","stock","cat") values('2014-11-7 08:00:00','171.21','1953068','limit','C000000292','BIDU','sell');
insert into stocks values('CHTR','C000000529');
insert into transaction ("volume","time","price","seller","buyer","stock") values('0','1975-11-7 08:00:00','119.41','admin','admin','CHTR');
insert into orders ("time","price","volume","type","trader","stock","cat") values('2014-11-7 08:00:00','119.41','1742492','limit','C000000529','CHTR','sell');
insert into stocks values('COKE','C000000603');
insert into transaction ("volume","time","price","seller","buyer","stock") values('0','1975-11-7 08:00:00','214.05','admin','admin','COKE');
insert into orders ("time","price","volume","type","trader","stock","cat") values('2014-11-7 08:00:00','214.05','1982623','limit','C000000603','COKE','sell');
insert into stocks values('ICPT','C000001357');
insert into transaction ("volume","time","price","seller","buyer","stock") values('0','1975-11-7 08:00:00','112.49','admin','admin','ICPT');
insert into orders ("time","price","volume","type","trader","stock","cat") values('2014-11-7 08:00:00','112.49','1233111','limit','C000001357','ICPT','sell');
insert into stocks values('PNRA','C000001923');
insert into transaction ("volume","time","price","seller","buyer","stock") values('0','1975-11-7 08:00:00','191.16','admin','admin','PNRA');
insert into orders ("time","price","volume","type","trader","stock","cat") values('2014-11-7 08:00:00','191.16','1116536','limit','C000001923','PNRA','sell');
insert into stocks values('CACC','C000000685');
insert into transaction ("volume","time","price","seller","buyer","stock") values('0','1975-11-7 08:00:00','389.9','admin','admin','CACC');
insert into orders ("time","price","volume","type","trader","stock","cat") values('2014-11-7 08:00:00','389.9','1173211','limit','C000000685','CACC','sell');
insert into stocks values('MSTR','C000001674');
insert into transaction ("volume","time","price","seller","buyer","stock") values('0','1975-11-7 08:00:00','209.93','admin','admin','MSTR');
insert into orders ("time","price","volume","type","trader","stock","cat") values('2014-11-7 08:00:00','209.93','1043115','limit','C000001674','MSTR','sell');
insert into stocks values('ALXN','C000000099');
insert into transaction ("volume","time","price","seller","buyer","stock") values('0','1975-11-7 08:00:00','26.93','admin','admin','ALXN');
insert into orders ("time","price","volume","type","trader","stock","cat") values('2014-11-7 08:00:00','26.93','1694630','limit','C000000099','ALXN','sell');
insert into stocks values('ULTA','C000002598');
insert into transaction ("volume","time","price","seller","buyer","stock") values('0','1975-11-7 08:00:00','316.06','admin','admin','ULTA');
insert into orders ("time","price","volume","type","trader","stock","cat") values('2014-11-7 08:00:00','316.06','1452162','limit','C000002598','ULTA','sell');
insert into stocks values('MSG','C000001719');
insert into transaction ("volume","time","price","seller","buyer","stock") values('0','1975-11-7 08:00:00','343.17','admin','admin','MSG');
insert into orders ("time","price","volume","type","trader","stock","cat") values('2014-11-7 08:00:00','343.17','1420034','limit','C000001719','MSG','sell');
insert into stocks values('AMGN','C000000162');
insert into transaction ("volume","time","price","seller","buyer","stock") values('0','1975-11-7 08:00:00','144.41','admin','admin','AMGN');
insert into orders ("time","price","volume","type","trader","stock","cat") values('2014-11-7 08:00:00','144.41','1972224','limit','C000000162','AMGN','sell');
insert into stocks values('ATHN','C000000250');
insert into transaction ("volume","time","price","seller","buyer","stock") values('0','1975-11-7 08:00:00','361.86','admin','admin','ATHN');
insert into orders ("time","price","volume","type","trader","stock","cat") values('2014-11-7 08:00:00','361.86','1268550','limit','C000000250','ATHN','sell');
insert into stocks values('ESGR','C000000865');
insert into transaction ("volume","time","price","seller","buyer","stock") values('0','1975-11-7 08:00:00','450.17','admin','admin','ESGR');
insert into orders ("time","price","volume","type","trader","stock","cat") values('2014-11-7 08:00:00','450.17','1726524','limit','C000000865','ESGR','sell');
insert into stocks values('AMSGP','C000000166');
insert into transaction ("volume","time","price","seller","buyer","stock") values('0','1975-11-7 08:00:00','463.8','admin','admin','AMSGP');
insert into orders ("time","price","volume","type","trader","stock","cat") values('2014-11-7 08:00:00','463.8','1232436','limit','C000000166','AMSGP','sell');
insert into stocks values('COST','C000000673');
insert into transaction ("volume","time","price","seller","buyer","stock") values('0','1975-11-7 08:00:00','134.22','admin','admin','COST');
insert into orders ("time","price","volume","type","trader","stock","cat") values('2014-11-7 08:00:00','134.22','1439013','limit','C000000673','COST','sell');
insert into stocks values('ILMN','C000001307');
insert into transaction ("volume","time","price","seller","buyer","stock") values('0','1975-11-7 08:00:00','209.68','admin','admin','ILMN');
insert into orders ("time","price","volume","type","trader","stock","cat") values('2014-11-7 08:00:00','209.68','1514454','limit','C000001307','ILMN','sell');
insert into stocks values('HSIC','C000001235');
insert into transaction ("volume","time","price","seller","buyer","stock") values('0','1975-11-7 08:00:00','143.15','admin','admin','HSIC');
insert into orders ("time","price","volume","type","trader","stock","cat") values('2014-11-7 08:00:00','143.15','1867463','limit','C000001235','HSIC','sell');
insert into stocks values('UTHR','C000002627');
insert into transaction ("volume","time","price","seller","buyer","stock") values('0','1975-11-7 08:00:00','90.56','admin','admin','UTHR');
insert into orders ("time","price","volume","type","trader","stock","cat") values('2014-11-7 08:00:00','90.56','1955494','limit','C000002627','UTHR','sell');
insert into stocks values('BWLD','C000000409');
insert into transaction ("volume","time","price","seller","buyer","stock") values('0','1975-11-7 08:00:00','373.12','admin','admin','BWLD');
insert into orders ("time","price","volume","type","trader","stock","cat") values('2014-11-7 08:00:00','373.12','1049822','limit','C000000409','BWLD','sell');
insert into stocks values('SBNY','C000002288');
insert into transaction ("volume","time","price","seller","buyer","stock") values('0','1975-11-7 08:00:00','410.36','admin','admin','SBNY');
insert into orders ("time","price","volume","type","trader","stock","cat") values('2014-11-7 08:00:00','410.36','1438433','limit','C000002288','SBNY','sell');
insert into stocks values('CHDN','C000000567');
insert into transaction ("volume","time","price","seller","buyer","stock") values('0','1975-11-7 08:00:00','297.42','admin','admin','CHDN');
insert into orders ("time","price","volume","type","trader","stock","cat") values('2014-11-7 08:00:00','297.42','1487275','limit','C000000567','CHDN','sell');
insert into stocks values('NTES','C000001771');
insert into transaction ("volume","time","price","seller","buyer","stock") values('0','1975-11-7 08:00:00','464.37','admin','admin','NTES');
insert into orders ("time","price","volume","type","trader","stock","cat") values('2014-11-7 08:00:00','464.37','1702174','limit','C000001771','NTES','sell');
insert into stocks values('JAZZ','C000001439');
insert into transaction ("volume","time","price","seller","buyer","stock") values('0','1975-11-7 08:00:00','361.1','admin','admin','JAZZ');
insert into orders ("time","price","volume","type","trader","stock","cat") values('2014-11-7 08:00:00','361.1','1525951','limit','C000001439','JAZZ','sell');
insert into stocks values('SIAL','C000002285');
insert into transaction ("volume","time","price","seller","buyer","stock") values('0','1975-11-7 08:00:00','251.72','admin','admin','SIAL');
insert into orders ("time","price","volume","type","trader","stock","cat") values('2014-11-7 08:00:00','251.72','1714853','limit','C000002285','SIAL','sell');
insert into stocks values('EXPE','C000000907');
insert into transaction ("volume","time","price","seller","buyer","stock") values('0','1975-11-7 08:00:00','73.18','admin','admin','EXPE');
insert into orders ("time","price","volume","type","trader","stock","cat") values('2014-11-7 08:00:00','73.18','1941030','limit','C000000907','EXPE','sell');
insert into stocks values('CBRL','C000000682');
insert into transaction ("volume","time","price","seller","buyer","stock") values('0','1975-11-7 08:00:00','206.87','admin','admin','CBRL');
insert into orders ("time","price","volume","type","trader","stock","cat") values('2014-11-7 08:00:00','206.87','1121666','limit','C000000682','CBRL','sell');
insert into stocks values('MNST','C000001711');
insert into transaction ("volume","time","price","seller","buyer","stock") values('0','1975-11-7 08:00:00','44.62','admin','admin','MNST');
insert into orders ("time","price","volume","type","trader","stock","cat") values('2014-11-7 08:00:00','44.62','1083570','limit','C000001711','MNST','sell');
insert into stocks values('HIFS','C000001248');
insert into transaction ("volume","time","price","seller","buyer","stock") values('0','1975-11-7 08:00:00','32.87','admin','admin','HIFS');
insert into orders ("time","price","volume","type","trader","stock","cat") values('2014-11-7 08:00:00','32.87','1994392','limit','C000001248','HIFS','sell');
insert into stocks values('TW','C000002551');
insert into transaction ("volume","time","price","seller","buyer","stock") values('0','1975-11-7 08:00:00','199.15','admin','admin','TW');
insert into orders ("time","price","volume","type","trader","stock","cat") values('2014-11-7 08:00:00','199.15','1661748','limit','C000002551','TW','sell');
insert into stocks values('SIVB','C000002431');
insert into transaction ("volume","time","price","seller","buyer","stock") values('0','1975-11-7 08:00:00','21.16','admin','admin','SIVB');
insert into orders ("time","price","volume","type","trader","stock","cat") values('2014-11-7 08:00:00','21.16','1880075','limit','C000002431','SIVB','sell');
insert into stocks values('VRTS','C000002731');
insert into transaction ("volume","time","price","seller","buyer","stock") values('0','1975-11-7 08:00:00','474.02','admin','admin','VRTS');
insert into orders ("time","price","volume","type","trader","stock","cat") values('2014-11-7 08:00:00','474.02','1817192','limit','C000002731','VRTS','sell');
insert into stocks values('SRCL','C000002389');
insert into transaction ("volume","time","price","seller","buyer","stock") values('0','1975-11-7 08:00:00','33.1','admin','admin','SRCL');
insert into orders ("time","price","volume","type","trader","stock","cat") values('2014-11-7 08:00:00','33.1','1774140','limit','C000002389','SRCL','sell');
insert into stocks values('TQQQ','C000002069');
insert into transaction ("volume","time","price","seller","buyer","stock") values('0','1975-11-7 08:00:00','53.08','admin','admin','TQQQ');
insert into orders ("time","price","volume","type","trader","stock","cat") values('2014-11-7 08:00:00','53.08','1262377','limit','C000002069','TQQQ','sell');
insert into stocks values('JJSF','C000001424');
insert into transaction ("volume","time","price","seller","buyer","stock") values('0','1975-11-7 08:00:00','332.25','admin','admin','JJSF');
insert into orders ("time","price","volume","type","trader","stock","cat") values('2014-11-7 08:00:00','332.25','1792692','limit','C000001424','JJSF','sell');
insert into stocks values('VRTX','C000002698');
insert into transaction ("volume","time","price","seller","buyer","stock") values('0','1975-11-7 08:00:00','482.04','admin','admin','VRTX');
insert into orders ("time","price","volume","type","trader","stock","cat") values('2014-11-7 08:00:00','482.04','1582839','limit','C000002698','VRTX','sell');
insert into stocks values('AVGO','C000000275');
insert into transaction ("volume","time","price","seller","buyer","stock") values('0','1975-11-7 08:00:00','480.99','admin','admin','AVGO');
insert into orders ("time","price","volume","type","trader","stock","cat") values('2014-11-7 08:00:00','480.99','1361609','limit','C000000275','AVGO','sell');
insert into stocks values('AAPL','C000000191');
insert into transaction ("volume","time","price","seller","buyer","stock") values('0','1975-11-7 08:00:00','272.57','admin','admin','AAPL');
insert into orders ("time","price","volume","type","trader","stock","cat") values('2014-11-7 08:00:00','272.57','1539053','limit','C000000191','AAPL','sell');
insert into stocks values('CELG','C000000496');
insert into transaction ("volume","time","price","seller","buyer","stock") values('0','1975-11-7 08:00:00','229.15','admin','admin','CELG');
insert into orders ("time","price","volume","type","trader","stock","cat") values('2014-11-7 08:00:00','229.15','1114347','limit','C000000496','CELG','sell');
insert into stocks values('TREE','C000001520');
insert into transaction ("volume","time","price","seller","buyer","stock") values('0','1975-11-7 08:00:00','222.66','admin','admin','TREE');
insert into orders ("time","price","volume","type","trader","stock","cat") values('2014-11-7 08:00:00','222.66','1802766','limit','C000001520','TREE','sell');
insert into stocks values('MIDD','C000002518');
insert into transaction ("volume","time","price","seller","buyer","stock") values('0','1975-11-7 08:00:00','152.64','admin','admin','MIDD');
insert into orders ("time","price","volume","type","trader","stock","cat") values('2014-11-7 08:00:00','152.64','1189995','limit','C000002518','MIDD','sell');
insert into stocks values('INCY','C000001319');
insert into transaction ("volume","time","price","seller","buyer","stock") values('0','1975-11-7 08:00:00','323.16','admin','admin','INCY');
insert into orders ("time","price","volume","type","trader","stock","cat") values('2014-11-7 08:00:00','323.16','1302545','limit','C000001319','INCY','sell');
insert into stocks values('MELI','C000001649');
insert into transaction ("volume","time","price","seller","buyer","stock") values('0','1975-11-7 08:00:00','317.13','admin','admin','MELI');
insert into orders ("time","price","volume","type","trader","stock","cat") values('2014-11-7 08:00:00','317.13','1697938','limit','C000001649','MELI','sell');
insert into stocks values('QQQ','C000002029');
insert into transaction ("volume","time","price","seller","buyer","stock") values('0','1975-11-7 08:00:00','162.84','admin','admin','QQQ');
insert into orders ("time","price","volume","type","trader","stock","cat") values('2014-11-7 08:00:00','162.84','1327958','limit','C000002029','QQQ','sell');
insert into stocks values('CBPO','C000000547');
insert into transaction ("volume","time","price","seller","buyer","stock") values('0','1975-11-7 08:00:00','312.64','admin','admin','CBPO');
insert into orders ("time","price","volume","type","trader","stock","cat") values('2014-11-7 08:00:00','312.64','1814693','limit','C000000547','CBPO','sell');
insert into stocks values('ICUI','C000001295');
insert into transaction ("volume","time","price","seller","buyer","stock") values('0','1975-11-7 08:00:00','109.1','admin','admin','ICUI');
insert into orders ("time","price","volume","type","trader","stock","cat") values('2014-11-7 08:00:00','109.1','1453432','limit','C000001295','ICUI','sell');
insert into stocks values('MLAB','C000001659');
insert into transaction ("volume","time","price","seller","buyer","stock") values('0','1975-11-7 08:00:00','464.23','admin','admin','MLAB');
insert into orders ("time","price","volume","type","trader","stock","cat") values('2014-11-7 08:00:00','464.23','1631624','limit','C000001659','MLAB','sell');
insert into stocks values('LANC','C000001502');
insert into transaction ("volume","time","price","seller","buyer","stock") values('0','1975-11-7 08:00:00','54.1','admin','admin','LANC');
insert into orders ("time","price","volume","type","trader","stock","cat") values('2014-11-7 08:00:00','54.1','1158894','limit','C000001502','LANC','sell');
insert into stocks values('NFLX','C000001772');
insert into transaction ("volume","time","price","seller","buyer","stock") values('0','1975-11-7 08:00:00','34.78','admin','admin','NFLX');
insert into orders ("time","price","volume","type","trader","stock","cat") values('2014-11-7 08:00:00','34.78','1918949','limit','C000001772','NFLX','sell');
insert into stocks values('WPPGY','C000002818');
insert into transaction ("volume","time","price","seller","buyer","stock") values('0','1975-11-7 08:00:00','403.27','admin','admin','WPPGY');
insert into orders ("time","price","volume","type","trader","stock","cat") values('2014-11-7 08:00:00','403.27','1330918','limit','C000002818','WPPGY','sell');
insert into stocks values('CASY','C000000480');
insert into transaction ("volume","time","price","seller","buyer","stock") values('0','1975-11-7 08:00:00','416.79','admin','admin','CASY');
insert into orders ("time","price","volume","type","trader","stock","cat") values('2014-11-7 08:00:00','416.79','1017470','limit','C000000480','CASY','sell');
insert into stocks values('BMRN','C000000342');
insert into transaction ("volume","time","price","seller","buyer","stock") values('0','1975-11-7 08:00:00','60.52','admin','admin','BMRN');
insert into orders ("time","price","volume","type","trader","stock","cat") values('2014-11-7 08:00:00','60.52','1865362','limit','C000000342','BMRN','sell');
insert into stocks values('ANAC','C000000170');
insert into transaction ("volume","time","price","seller","buyer","stock") values('0','1975-11-7 08:00:00','73.45','admin','admin','ANAC');
insert into orders ("time","price","volume","type","trader","stock","cat") values('2014-11-7 08:00:00','73.45','1850629','limit','C000000170','ANAC','sell');
insert into stocks values('SBAC','C000002231');
insert into transaction ("volume","time","price","seller","buyer","stock") values('0','1975-11-7 08:00:00','87.37','admin','admin','SBAC');
insert into orders ("time","price","volume","type","trader","stock","cat") values('2014-11-7 08:00:00','87.37','1703051','limit','C000002231','SBAC','sell');
insert into stocks values('FFIV','C000000915');
insert into transaction ("volume","time","price","seller","buyer","stock") values('0','1975-11-7 08:00:00','115.08','admin','admin','FFIV');
insert into orders ("time","price","volume","type","trader","stock","cat") values('2014-11-7 08:00:00','115.08','1303315','limit','C000000915','FFIV','sell');
insert into stocks values('SIRO','C000002304');
insert into transaction ("volume","time","price","seller","buyer","stock") values('0','1975-11-7 08:00:00','423.53','admin','admin','SIRO');
insert into orders ("time","price","volume","type","trader","stock","cat") values('2014-11-7 08:00:00','423.53','1034834','limit','C000002304','SIRO','sell');
insert into stocks values('FB','C000000916');
insert into transaction ("volume","time","price","seller","buyer","stock") values('0','1975-11-7 08:00:00','421.83','admin','admin','FB');
insert into orders ("time","price","volume","type","trader","stock","cat") values('2014-11-7 08:00:00','421.83','1107411','limit','C000000916','FB','sell');
insert into stocks values('GILD','C000001127');
insert into transaction ("volume","time","price","seller","buyer","stock") values('0','1975-11-7 08:00:00','391.22','admin','admin','GILD');
insert into orders ("time","price","volume","type","trader","stock","cat") values('2014-11-7 08:00:00','391.22','1245370','limit','C000001127','GILD','sell');
insert into stocks values('SBNYW','C000002288');
insert into transaction ("volume","time","price","seller","buyer","stock") values('0','1975-11-7 08:00:00','261.38','admin','admin','SBNYW');
insert into orders ("time","price","volume","type","trader","stock","cat") values('2014-11-7 08:00:00','261.38','1594115','limit','C000002288','SBNYW','sell');
insert into stocks values('VTWG','C000002670');
insert into transaction ("volume","time","price","seller","buyer","stock") values('0','1975-11-7 08:00:00','181.65','admin','admin','VTWG');
insert into orders ("time","price","volume","type","trader","stock","cat") values('2014-11-7 08:00:00','181.65','1707774','limit','C000002670','VTWG','sell');
insert into stocks values('VONG','C000002667');
insert into transaction ("volume","time","price","seller","buyer","stock") values('0','1975-11-7 08:00:00','58.53','admin','admin','VONG');
insert into orders ("time","price","volume","type","trader","stock","cat") values('2014-11-7 08:00:00','58.53','1539867','limit','C000002667','VONG','sell');
insert into stocks values('ANAT','C000000149');
insert into transaction ("volume","time","price","seller","buyer","stock") values('0','1975-11-7 08:00:00','136.89','admin','admin','ANAT');
insert into orders ("time","price","volume","type","trader","stock","cat") values('2014-11-7 08:00:00','136.89','1027191','limit','C000000149','ANAT','sell');
insert into stocks values('LFUS','C000001551');
insert into transaction ("volume","time","price","seller","buyer","stock") values('0','1975-11-7 08:00:00','347.95','admin','admin','LFUS');
insert into orders ("time","price","volume","type","trader","stock","cat") values('2014-11-7 08:00:00','347.95','1500275','limit','C000001551','LFUS','sell');
insert into stocks values('CLVS','C000000595');
insert into transaction ("volume","time","price","seller","buyer","stock") values('0','1975-11-7 08:00:00','417.16','admin','admin','CLVS');
insert into orders ("time","price","volume","type","trader","stock","cat") values('2014-11-7 08:00:00','417.16','1868252','limit','C000000595','CLVS','sell');
insert into stocks values('RARE','C000002600');
insert into transaction ("volume","time","price","seller","buyer","stock") values('0','1975-11-7 08:00:00','298.27','admin','admin','RARE');
insert into orders ("time","price","volume","type","trader","stock","cat") values('2014-11-7 08:00:00','298.27','1346981','limit','C000002600','RARE','sell');
insert into stocks values('HELE','C000001230');
insert into transaction ("volume","time","price","seller","buyer","stock") values('0','1975-11-7 08:00:00','31.25','admin','admin','HELE');
insert into orders ("time","price","volume","type","trader","stock","cat") values('2014-11-7 08:00:00','31.25','1884699','limit','C000001230','HELE','sell');
insert into stocks values('PLUS','C000000878');
insert into transaction ("volume","time","price","seller","buyer","stock") values('0','1975-11-7 08:00:00','141.6','admin','admin','PLUS');
insert into orders ("time","price","volume","type","trader","stock","cat") values('2014-11-7 08:00:00','141.6','1256225','limit','C000000878','PLUS','sell');
insert into stocks values('ISRL','C000001418');
insert into transaction ("volume","time","price","seller","buyer","stock") values('0','1975-11-7 08:00:00','85.2','admin','admin','ISRL');
insert into orders ("time","price","volume","type","trader","stock","cat") values('2014-11-7 08:00:00','85.2','1987066','limit','C000001418','ISRL','sell');
insert into stocks values('WINA','C000002788');
insert into transaction ("volume","time","price","seller","buyer","stock") values('0','1975-11-7 08:00:00','299.68','admin','admin','WINA');
insert into orders ("time","price","volume","type","trader","stock","cat") values('2014-11-7 08:00:00','299.68','1926688','limit','C000002788','WINA','sell');
insert into stocks values('PRFZ','C000002022');
insert into transaction ("volume","time","price","seller","buyer","stock") values('0','1975-11-7 08:00:00','56.66','admin','admin','PRFZ');
insert into orders ("time","price","volume","type","trader","stock","cat") values('2014-11-7 08:00:00','56.66','1224318','limit','C000002022','PRFZ','sell');
insert into stocks values('MKTX','C000001605');
insert into transaction ("volume","time","price","seller","buyer","stock") values('0','1975-11-7 08:00:00','300.75','admin','admin','MKTX');
insert into orders ("time","price","volume","type","trader","stock","cat") values('2014-11-7 08:00:00','300.75','1889993','limit','C000001605','MKTX','sell');
insert into stocks values('CTRP','C000000704');
insert into transaction ("volume","time","price","seller","buyer","stock") values('0','1975-11-7 08:00:00','218.32','admin','admin','CTRP');
insert into orders ("time","price","volume","type","trader","stock","cat") values('2014-11-7 08:00:00','218.32','1187443','limit','C000000704','CTRP','sell');
insert into stocks values('ALNY','C000000117');
insert into transaction ("volume","time","price","seller","buyer","stock") values('0','1975-11-7 08:00:00','110.61','admin','admin','ALNY');
insert into orders ("time","price","volume","type","trader","stock","cat") values('2014-11-7 08:00:00','110.61','1465674','limit','C000000117','ALNY','sell');
insert into stocks values('INTU','C000001375');
insert into transaction ("volume","time","price","seller","buyer","stock") values('0','1975-11-7 08:00:00','458.9','admin','admin','INTU');
insert into orders ("time","price","volume","type","trader","stock","cat") values('2014-11-7 08:00:00','458.9','1469253','limit','C000001375','INTU','sell');
insert into stocks values('BOFI','C000000379');
insert into transaction ("volume","time","price","seller","buyer","stock") values('0','1975-11-7 08:00:00','429.43','admin','admin','BOFI');
insert into orders ("time","price","volume","type","trader","stock","cat") values('2014-11-7 08:00:00','429.43','1144093','limit','C000000379','BOFI','sell');
insert into stocks values('WDFC','C000002757');
insert into transaction ("volume","time","price","seller","buyer","stock") values('0','1975-11-7 08:00:00','141.11','admin','admin','WDFC');
insert into orders ("time","price","volume","type","trader","stock","cat") values('2014-11-7 08:00:00','141.11','1365241','limit','C000002757','WDFC','sell');
insert into stocks values('VONE','C000002666');
insert into transaction ("volume","time","price","seller","buyer","stock") values('0','1975-11-7 08:00:00','387.82','admin','admin','VONE');
insert into orders ("time","price","volume","type","trader","stock","cat") values('2014-11-7 08:00:00','387.82','1664950','limit','C000002666','VONE','sell');
insert into stocks values('VTHR','C000002672');
insert into transaction ("volume","time","price","seller","buyer","stock") values('0','1975-11-7 08:00:00','62.61','admin','admin','VTHR');
insert into orders ("time","price","volume","type","trader","stock","cat") values('2014-11-7 08:00:00','62.61','1062844','limit','C000002672','VTHR','sell');
insert into stocks values('FISV','C000001041');
insert into transaction ("volume","time","price","seller","buyer","stock") values('0','1975-11-7 08:00:00','148.22','admin','admin','FISV');
insert into orders ("time","price","volume","type","trader","stock","cat") values('2014-11-7 08:00:00','148.22','1009936','limit','C000001041','FISV','sell');
insert into stocks values('CVCO','C000000487');
insert into transaction ("volume","time","price","seller","buyer","stock") values('0','1975-11-7 08:00:00','67.48','admin','admin','CVCO');
insert into orders ("time","price","volume","type","trader","stock","cat") values('2014-11-7 08:00:00','67.48','1220243','limit','C000000487','CVCO','sell');
insert into stocks values('CME','C000000597');
insert into transaction ("volume","time","price","seller","buyer","stock") values('0','1975-11-7 08:00:00','474.41','admin','admin','CME');
insert into orders ("time","price","volume","type","trader","stock","cat") values('2014-11-7 08:00:00','474.41','1778467','limit','C000000597','CME','sell');
insert into stocks values('ASML','C000000239');
insert into transaction ("volume","time","price","seller","buyer","stock") values('0','1975-11-7 08:00:00','289.42','admin','admin','ASML');
insert into orders ("time","price","volume","type","trader","stock","cat") values('2014-11-7 08:00:00','289.42','1475799','limit','C000000239','ASML','sell');
insert into stocks values('LGND','C000001534');
insert into transaction ("volume","time","price","seller","buyer","stock") values('0','1975-11-7 08:00:00','259.97','admin','admin','LGND');
insert into orders ("time","price","volume","type","trader","stock","cat") values('2014-11-7 08:00:00','259.97','1137966','limit','C000001534','LGND','sell');
insert into stocks values('VTWO','C000002669');
insert into transaction ("volume","time","price","seller","buyer","stock") values('0','1975-11-7 08:00:00','93.8','admin','admin','VTWO');
insert into orders ("time","price","volume","type","trader","stock","cat") values('2014-11-7 08:00:00','93.8','1842400','limit','C000002669','VTWO','sell');
insert into stocks values('SRCLP','C000002389');
insert into transaction ("volume","time","price","seller","buyer","stock") values('0','1975-11-7 08:00:00','67.75','admin','admin','SRCLP');
insert into orders ("time","price","volume","type","trader","stock","cat") values('2014-11-7 08:00:00','67.75','1374119','limit','C000002389','SRCLP','sell');
insert into stocks values('TSCO','C000002556');
insert into transaction ("volume","time","price","seller","buyer","stock") values('0','1975-11-7 08:00:00','37.88','admin','admin','TSCO');
insert into orders ("time","price","volume","type","trader","stock","cat") values('2014-11-7 08:00:00','37.88','1899914','limit','C000002556','TSCO','sell');
insert into stocks values('ANSS','C000000181');
insert into transaction ("volume","time","price","seller","buyer","stock") values('0','1975-11-7 08:00:00','45.31','admin','admin','ANSS');
insert into orders ("time","price","volume","type","trader","stock","cat") values('2014-11-7 08:00:00','45.31','1655962','limit','C000000181','ANSS','sell');
insert into stocks values('FTRPR','C000001080');
insert into transaction ("volume","time","price","seller","buyer","stock") values('0','1975-11-7 08:00:00','431.07','admin','admin','FTRPR');
insert into orders ("time","price","volume","type","trader","stock","cat") values('2014-11-7 08:00:00','431.07','1496194','limit','C000001080','FTRPR','sell');
insert into stocks values('CTAS','C000000575');
insert into transaction ("volume","time","price","seller","buyer","stock") values('0','1975-11-7 08:00:00','309.29','admin','admin','CTAS');
insert into orders ("time","price","volume","type","trader","stock","cat") values('2014-11-7 08:00:00','309.29','1690887','limit','C000000575','CTAS','sell');
insert into stocks values('ADBE','C000000057');
insert into transaction ("volume","time","price","seller","buyer","stock") values('0','1975-11-7 08:00:00','378.84','admin','admin','ADBE');
insert into orders ("time","price","volume","type","trader","stock","cat") values('2014-11-7 08:00:00','378.84','1354718','limit','C000000057','ADBE','sell');
insert into stocks values('ALOG','C000000173');
insert into transaction ("volume","time","price","seller","buyer","stock") values('0','1975-11-7 08:00:00','89.69','admin','admin','ALOG');
insert into orders ("time","price","volume","type","trader","stock","cat") values('2014-11-7 08:00:00','89.69','1053991','limit','C000000173','ALOG','sell');
insert into stocks values('IGOV','C000001415');
insert into transaction ("volume","time","price","seller","buyer","stock") values('0','1975-11-7 08:00:00','407.01','admin','admin','IGOV');
insert into orders ("time","price","volume","type","trader","stock","cat") values('2014-11-7 08:00:00','407.01','1469199','limit','C000001415','IGOV','sell');
insert into stocks values('SOXX','C000001409');
insert into transaction ("volume","time","price","seller","buyer","stock") values('0','1975-11-7 08:00:00','59.64','admin','admin','SOXX');
insert into orders ("time","price","volume","type","trader","stock","cat") values('2014-11-7 08:00:00','59.64','1808187','limit','C000001409','SOXX','sell');
insert into stocks values('VONV','C000002668');
insert into transaction ("volume","time","price","seller","buyer","stock") values('0','1975-11-7 08:00:00','56.21','admin','admin','VONV');
insert into orders ("time","price","volume","type","trader","stock","cat") values('2014-11-7 08:00:00','56.21','1382038','limit','C000002668','VONV','sell');
insert into stocks values('TECH','C000000351');
insert into transaction ("volume","time","price","seller","buyer","stock") values('0','1975-11-7 08:00:00','33.25','admin','admin','TECH');
insert into orders ("time","price","volume","type","trader","stock","cat") values('2014-11-7 08:00:00','33.25','1140212','limit','C000000351','TECH','sell');
insert into stocks values('SYNA','C000002438');
insert into transaction ("volume","time","price","seller","buyer","stock") values('0','1975-11-7 08:00:00','213.28','admin','admin','SYNA');
insert into orders ("time","price","volume","type","trader","stock","cat") values('2014-11-7 08:00:00','213.28','1482780','limit','C000002438','SYNA','sell');
insert into stocks values('ESRX','C000000910');
insert into transaction ("volume","time","price","seller","buyer","stock") values('0','1975-11-7 08:00:00','324.77','admin','admin','ESRX');
insert into orders ("time","price","volume","type","trader","stock","cat") values('2014-11-7 08:00:00','324.77','1108184','limit','C000000910','ESRX','sell');
insert into stocks values('PSMT','C000002051');
insert into transaction ("volume","time","price","seller","buyer","stock") values('0','1975-11-7 08:00:00','53.03','admin','admin','PSMT');
insert into orders ("time","price","volume","type","trader","stock","cat") values('2014-11-7 08:00:00','53.03','1773509','limit','C000002051','PSMT','sell');
insert into stocks values('ERIE','C000000883');
insert into transaction ("volume","time","price","seller","buyer","stock") values('0','1975-11-7 08:00:00','129.25','admin','admin','ERIE');
insert into orders ("time","price","volume","type","trader","stock","cat") values('2014-11-7 08:00:00','129.25','1689865','limit','C000000883','ERIE','sell');
insert into stocks values('ADP','C000000274');
insert into transaction ("volume","time","price","seller","buyer","stock") values('0','1975-11-7 08:00:00','115.09','admin','admin','ADP');
insert into orders ("time","price","volume","type","trader","stock","cat") values('2014-11-7 08:00:00','115.09','1363950','limit','C000000274','ADP','sell');
insert into stocks values('IPGP','C000001388');
insert into transaction ("volume","time","price","seller","buyer","stock") values('0','1975-11-7 08:00:00','238.67','admin','admin','IPGP');
insert into orders ("time","price","volume","type","trader","stock","cat") values('2014-11-7 08:00:00','238.67','1521431','limit','C000001388','IPGP','sell');
insert into stocks values('WBA','C000002748');
insert into transaction ("volume","time","price","seller","buyer","stock") values('0','1975-11-7 08:00:00','468.15','admin','admin','WBA');
insert into orders ("time","price","volume","type","trader","stock","cat") values('2014-11-7 08:00:00','468.15','1826014','limit','C000002748','WBA','sell');
insert into stocks values('DGLD','C000000009');
insert into transaction ("volume","time","price","seller","buyer","stock") values('0','1975-11-7 08:00:00','224.31','admin','admin','DGLD');
insert into orders ("time","price","volume","type","trader","stock","cat") values('2014-11-7 08:00:00','224.31','1452004','limit','C000000009','DGLD','sell');
insert into stocks values('NAVG','C000002519');
insert into transaction ("volume","time","price","seller","buyer","stock") values('0','1975-11-7 08:00:00','95.83','admin','admin','NAVG');
insert into orders ("time","price","volume","type","trader","stock","cat") values('2014-11-7 08:00:00','95.83','1546745','limit','C000002519','NAVG','sell');
insert into stocks values('VCLT','C000002662');
insert into transaction ("volume","time","price","seller","buyer","stock") values('0','1975-11-7 08:00:00','133.32','admin','admin','VCLT');
insert into orders ("time","price","volume","type","trader","stock","cat") values('2014-11-7 08:00:00','133.32','1810259','limit','C000002662','VCLT','sell');
insert into stocks values('VCIT','C000002661');
insert into transaction ("volume","time","price","seller","buyer","stock") values('0','1975-11-7 08:00:00','46.39','admin','admin','VCIT');
insert into orders ("time","price","volume","type","trader","stock","cat") values('2014-11-7 08:00:00','46.39','1970077','limit','C000002661','VCIT','sell');
insert into stocks values('DXCM','C000000759');
insert into transaction ("volume","time","price","seller","buyer","stock") values('0','1975-11-7 08:00:00','282.14','admin','admin','DXCM');
insert into orders ("time","price","volume","type","trader","stock","cat") values('2014-11-7 08:00:00','282.14','1716841','limit','C000000759','DXCM','sell');
insert into stocks values('OSIS','C000001894');
insert into transaction ("volume","time","price","seller","buyer","stock") values('0','1975-11-7 08:00:00','432.1','admin','admin','OSIS');
insert into orders ("time","price","volume","type","trader","stock","cat") values('2014-11-7 08:00:00','432.1','1573182','limit','C000001894','OSIS','sell');
insert into stocks values('VTWV','C000002671');
insert into transaction ("volume","time","price","seller","buyer","stock") values('0','1975-11-7 08:00:00','181.67','admin','admin','VTWV');
insert into orders ("time","price","volume","type","trader","stock","cat") values('2014-11-7 08:00:00','181.67','1606651','limit','C000002671','VTWV','sell');
insert into stocks values('RYAAY','C000002209');
insert into transaction ("volume","time","price","seller","buyer","stock") values('0','1975-11-7 08:00:00','175.28','admin','admin','RYAAY');
insert into orders ("time","price","volume","type","trader","stock","cat") values('2014-11-7 08:00:00','175.28','1830864','limit','C000002209','RYAAY','sell');
insert into stocks values('AMSG','C000000166');
insert into transaction ("volume","time","price","seller","buyer","stock") values('0','1975-11-7 08:00:00','103.77','admin','admin','AMSG');
insert into orders ("time","price","volume","type","trader","stock","cat") values('2014-11-7 08:00:00','103.77','1230716','limit','C000000166','AMSG','sell');
insert into stocks values('TRIP','C000002570');
insert into transaction ("volume","time","price","seller","buyer","stock") values('0','1975-11-7 08:00:00','25.99','admin','admin','TRIP');
insert into orders ("time","price","volume","type","trader","stock","cat") values('2014-11-7 08:00:00','25.99','1327975','limit','C000002570','TRIP','sell');
insert into stocks values('KALU','C000001454');
insert into transaction ("volume","time","price","seller","buyer","stock") values('0','1975-11-7 08:00:00','66.99','admin','admin','KALU');
insert into orders ("time","price","volume","type","trader","stock","cat") values('2014-11-7 08:00:00','66.99','1498043','limit','C000001454','KALU','sell');
insert into stocks values('POOL','C000002008');
insert into transaction ("volume","time","price","seller","buyer","stock") values('0','1975-11-7 08:00:00','171.44','admin','admin','POOL');
insert into orders ("time","price","volume","type","trader","stock","cat") values('2014-11-7 08:00:00','171.44','1884705','limit','C000002008','POOL','sell');
insert into stocks values('CTXS','C000000584');
insert into transaction ("volume","time","price","seller","buyer","stock") values('0','1975-11-7 08:00:00','481.23','admin','admin','CTXS');
insert into orders ("time","price","volume","type","trader","stock","cat") values('2014-11-7 08:00:00','481.23','1757404','limit','C000000584','CTXS','sell');
insert into stocks values('CHKP','C000000531');
insert into transaction ("volume","time","price","seller","buyer","stock") values('0','1975-11-7 08:00:00','42.69','admin','admin','CHKP');
insert into orders ("time","price","volume","type","trader","stock","cat") values('2014-11-7 08:00:00','42.69','1899112','limit','C000000531','CHKP','sell');
insert into stocks values('ABMD','C000000024');
insert into transaction ("volume","time","price","seller","buyer","stock") values('0','1975-11-7 08:00:00','191.71','admin','admin','ABMD');
insert into orders ("time","price","volume","type","trader","stock","cat") values('2014-11-7 08:00:00','191.71','1431393','limit','C000000024','ABMD','sell');
insert into stocks values('MORN','C000001713');
insert into transaction ("volume","time","price","seller","buyer","stock") values('0','1975-11-7 08:00:00','56.23','admin','admin','MORN');
insert into orders ("time","price","volume","type","trader","stock","cat") values('2014-11-7 08:00:00','56.23','1712486','limit','C000001713','MORN','sell');
insert into stocks values('VRSN','C000002692');
insert into transaction ("volume","time","price","seller","buyer","stock") values('0','1975-11-7 08:00:00','342.29','admin','admin','VRSN');
insert into orders ("time","price","volume","type","trader","stock","cat") values('2014-11-7 08:00:00','342.29','1075571','limit','C000002692','VRSN','sell');
insert into stocks values('PNQI','C000002028');
insert into transaction ("volume","time","price","seller","buyer","stock") values('0','1975-11-7 08:00:00','110.53','admin','admin','PNQI');
insert into orders ("time","price","volume","type","trader","stock","cat") values('2014-11-7 08:00:00','110.53','1343482','limit','C000002028','PNQI','sell');
insert into stocks values('ESLT','C000000831');
insert into transaction ("volume","time","price","seller","buyer","stock") values('0','1975-11-7 08:00:00','223.22','admin','admin','ESLT');
insert into orders ("time","price","volume","type","trader","stock","cat") values('2014-11-7 08:00:00','223.22','1503632','limit','C000000831','ESLT','sell');
insert into stocks values('IPCC','C000001326');
insert into transaction ("volume","time","price","seller","buyer","stock") values('0','1975-11-7 08:00:00','358.64','admin','admin','IPCC');
insert into orders ("time","price","volume","type","trader","stock","cat") values('2014-11-7 08:00:00','358.64','1892276','limit','C000001326','IPCC','sell');
insert into stocks values('CORE','C000000667');
insert into transaction ("volume","time","price","seller","buyer","stock") values('0','1975-11-7 08:00:00','419.29','admin','admin','CORE');
insert into orders ("time","price","volume","type","trader","stock","cat") values('2014-11-7 08:00:00','419.29','1916140','limit','C000000667','CORE','sell');
insert into stocks values('GWPH','C000001191');
insert into transaction ("volume","time","price","seller","buyer","stock") values('0','1975-11-7 08:00:00','198.92','admin','admin','GWPH');
insert into orders ("time","price","volume","type","trader","stock","cat") values('2014-11-7 08:00:00','198.92','1722884','limit','C000001191','GWPH','sell');
insert into stocks values('EEFT','C000000894');
insert into transaction ("volume","time","price","seller","buyer","stock") values('0','1975-11-7 08:00:00','169.41','admin','admin','EEFT');
insert into orders ("time","price","volume","type","trader","stock","cat") values('2014-11-7 08:00:00','169.41','1103162','limit','C000000894','EEFT','sell');
insert into stocks values('SWKS','C000002314');
insert into transaction ("volume","time","price","seller","buyer","stock") values('0','1975-11-7 08:00:00','305.46','admin','admin','SWKS');
insert into orders ("time","price","volume","type","trader","stock","cat") values('2014-11-7 08:00:00','305.46','1848354','limit','C000002314','SWKS','sell');
insert into stocks values('ITIC','C000001381');
insert into transaction ("volume","time","price","seller","buyer","stock") values('0','1975-11-7 08:00:00','214.27','admin','admin','ITIC');
insert into orders ("time","price","volume","type","trader","stock","cat") values('2014-11-7 08:00:00','214.27','1255591','limit','C000001381','ITIC','sell');
insert into stocks values('SSB','C000002340');
insert into transaction ("volume","time","price","seller","buyer","stock") values('0','1975-11-7 08:00:00','306.7','admin','admin','SSB');
insert into orders ("time","price","volume","type","trader","stock","cat") values('2014-11-7 08:00:00','306.7','1210539','limit','C000002340','SSB','sell');
insert into stocks values('IPCM','C000001387');
insert into transaction ("volume","time","price","seller","buyer","stock") values('0','1975-11-7 08:00:00','450.37','admin','admin','IPCM');
insert into orders ("time","price","volume","type","trader","stock","cat") values('2014-11-7 08:00:00','450.37','1039042','limit','C000001387','IPCM','sell');
insert into stocks values('ZBRA','C000002851');
insert into transaction ("volume","time","price","seller","buyer","stock") values('0','1975-11-7 08:00:00','459.44','admin','admin','ZBRA');
insert into orders ("time","price","volume","type","trader","stock","cat") values('2014-11-7 08:00:00','459.44','1144933','limit','C000002851','ZBRA','sell');
insert into stocks values('NXPI','C000001830');
insert into transaction ("volume","time","price","seller","buyer","stock") values('0','1975-11-7 08:00:00','267.55','admin','admin','NXPI');
insert into orders ("time","price","volume","type","trader","stock","cat") values('2014-11-7 08:00:00','267.55','1884680','limit','C000001830','NXPI','sell');
insert into stocks values('GFNCP','C000001108');
insert into transaction ("volume","time","price","seller","buyer","stock") values('0','1975-11-7 08:00:00','148.59','admin','admin','GFNCP');
insert into orders ("time","price","volume","type","trader","stock","cat") values('2014-11-7 08:00:00','148.59','1376947','limit','C000001108','GFNCP','sell');
insert into stocks values('VCSH','C000002673');
insert into transaction ("volume","time","price","seller","buyer","stock") values('0','1975-11-7 08:00:00','151.58','admin','admin','VCSH');
insert into orders ("time","price","volume","type","trader","stock","cat") values('2014-11-7 08:00:00','151.58','1404993','limit','C000002673','VCSH','sell');
insert into stocks values('AEPI','C000000069');
insert into transaction ("volume","time","price","seller","buyer","stock") values('0','1975-11-7 08:00:00','385.06','admin','admin','AEPI');
insert into orders ("time","price","volume","type","trader","stock","cat") values('2014-11-7 08:00:00','385.06','1960886','limit','C000000069','AEPI','sell');
insert into stocks values('CMPR','C000000572');
insert into transaction ("volume","time","price","seller","buyer","stock") values('0','1975-11-7 08:00:00','411.52','admin','admin','CMPR');
insert into orders ("time","price","volume","type","trader","stock","cat") values('2014-11-7 08:00:00','411.52','1368530','limit','C000000572','CMPR','sell');
insert into stocks values('LABL','C000001721');
insert into transaction ("volume","time","price","seller","buyer","stock") values('0','1975-11-7 08:00:00','182.25','admin','admin','LABL');
insert into orders ("time","price","volume","type","trader","stock","cat") values('2014-11-7 08:00:00','182.25','1582592','limit','C000001721','LABL','sell');
insert into stocks values('ISHG','C000001414');
insert into transaction ("volume","time","price","seller","buyer","stock") values('0','1975-11-7 08:00:00','125.09','admin','admin','ISHG');
insert into orders ("time","price","volume","type","trader","stock","cat") values('2014-11-7 08:00:00','125.09','1815411','limit','C000001414','ISHG','sell');
insert into stocks values('IEP','C000001291');
insert into transaction ("volume","time","price","seller","buyer","stock") values('0','1975-11-7 08:00:00','287.6','admin','admin','IEP');
insert into orders ("time","price","volume","type","trader","stock","cat") values('2014-11-7 08:00:00','287.6','1552282','limit','C000001291','IEP','sell');
insert into stocks values('ATNI','C000000257');
insert into transaction ("volume","time","price","seller","buyer","stock") values('0','1975-11-7 08:00:00','155.4','admin','admin','ATNI');
insert into orders ("time","price","volume","type","trader","stock","cat") values('2014-11-7 08:00:00','155.4','1365308','limit','C000000257','ATNI','sell');
insert into stocks values('JKHY','C000001429');
insert into transaction ("volume","time","price","seller","buyer","stock") values('0','1975-11-7 08:00:00','306.47','admin','admin','JKHY');
insert into orders ("time","price","volume","type","trader","stock","cat") values('2014-11-7 08:00:00','306.47','1647652','limit','C000001429','JKHY','sell');
insert into stocks values('FANG','C000000763');
insert into transaction ("volume","time","price","seller","buyer","stock") values('0','1975-11-7 08:00:00','37.97','admin','admin','FANG');
insert into orders ("time","price","volume","type","trader","stock","cat") values('2014-11-7 08:00:00','37.97','1710294','limit','C000000763','FANG','sell');
insert into stocks values('LRCX','C000001500');
insert into transaction ("volume","time","price","seller","buyer","stock") values('0','1975-11-7 08:00:00','180.62','admin','admin','LRCX');
insert into orders ("time","price","volume","type","trader","stock","cat") values('2014-11-7 08:00:00','180.62','1626146','limit','C000001500','LRCX','sell');
insert into stocks values('HAS','C000001213');
insert into transaction ("volume","time","price","seller","buyer","stock") values('0','1975-11-7 08:00:00','165.02','admin','admin','HAS');
insert into orders ("time","price","volume","type","trader","stock","cat") values('2014-11-7 08:00:00','165.02','1821989','limit','C000001213','HAS','sell');
insert into stocks values('JCOM','C000001427');
insert into transaction ("volume","time","price","seller","buyer","stock") values('0','1975-11-7 08:00:00','292.0','admin','admin','JCOM');
insert into orders ("time","price","volume","type","trader","stock","cat") values('2014-11-7 08:00:00','292.0','1404955','limit','C000001427','JCOM','sell');
insert into stocks values('SNDK','C000002223');
insert into transaction ("volume","time","price","seller","buyer","stock") values('0','1975-11-7 08:00:00','167.17','admin','admin','SNDK');
insert into orders ("time","price","volume","type","trader","stock","cat") values('2014-11-7 08:00:00','167.17','1379366','limit','C000002223','SNDK','sell');
insert into stocks values('MAR','C000001609');
insert into transaction ("volume","time","price","seller","buyer","stock") values('0','1975-11-7 08:00:00','43.98','admin','admin','MAR');
insert into orders ("time","price","volume","type","trader","stock","cat") values('2014-11-7 08:00:00','43.98','1969945','limit','C000001609','MAR','sell');
insert into stocks values('TROW','C000002449');
insert into transaction ("volume","time","price","seller","buyer","stock") values('0','1975-11-7 08:00:00','212.71','admin','admin','TROW');
insert into orders ("time","price","volume","type","trader","stock","cat") values('2014-11-7 08:00:00','212.71','1353105','limit','C000002449','TROW','sell');
insert into stocks values('TECD','C000002464');
insert into transaction ("volume","time","price","seller","buyer","stock") values('0','1975-11-7 08:00:00','356.06','admin','admin','TECD');
insert into orders ("time","price","volume","type","trader","stock","cat") values('2014-11-7 08:00:00','356.06','1502280','limit','C000002464','TECD','sell');
insert into stocks values('FEIC','C000000932');
insert into transaction ("volume","time","price","seller","buyer","stock") values('0','1975-11-7 08:00:00','137.38','admin','admin','FEIC');
insert into orders ("time","price","volume","type","trader","stock","cat") values('2014-11-7 08:00:00','137.38','1631001','limit','C000000932','FEIC','sell');
insert into stocks values('VWOB','C000002658');
insert into transaction ("volume","time","price","seller","buyer","stock") values('0','1975-11-7 08:00:00','394.68','admin','admin','VWOB');
insert into orders ("time","price","volume","type","trader","stock","cat") values('2014-11-7 08:00:00','394.68','1308746','limit','C000002658','VWOB','sell');
insert into stocks values('STMP','C000002369');
insert into transaction ("volume","time","price","seller","buyer","stock") values('0','1975-11-7 08:00:00','361.95','admin','admin','STMP');
insert into orders ("time","price","volume","type","trader","stock","cat") values('2014-11-7 08:00:00','361.95','1161406','limit','C000002369','STMP','sell');
insert into stocks values('DTYL','C000002642');
insert into transaction ("volume","time","price","seller","buyer","stock") values('0','1975-11-7 08:00:00','340.72','admin','admin','DTYL');
insert into orders ("time","price","volume","type","trader","stock","cat") values('2014-11-7 08:00:00','340.72','1655714','limit','C000002642','DTYL','sell');
insert into stocks values('KHC','C000002515');
insert into transaction ("volume","time","price","seller","buyer","stock") values('0','1975-11-7 08:00:00','44.3','admin','admin','KHC');
insert into orders ("time","price","volume","type","trader","stock","cat") values('2014-11-7 08:00:00','44.3','1600537','limit','C000002515','KHC','sell');
insert into stocks values('AGIO','C000000079');
insert into transaction ("volume","time","price","seller","buyer","stock") values('0','1975-11-7 08:00:00','399.73','admin','admin','AGIO');
insert into orders ("time","price","volume","type","trader","stock","cat") values('2014-11-7 08:00:00','399.73','1625448','limit','C000000079','AGIO','sell');
insert into stocks values('JBHT','C000001426');
insert into transaction ("volume","time","price","seller","buyer","stock") values('0','1975-11-7 08:00:00','394.97','admin','admin','JBHT');
insert into orders ("time","price","volume","type","trader","stock","cat") values('2014-11-7 08:00:00','394.97','1808279','limit','C000001426','JBHT','sell');
insert into stocks values('VGLT','C000002663');
insert into transaction ("volume","time","price","seller","buyer","stock") values('0','1975-11-7 08:00:00','451.16','admin','admin','VGLT');
insert into orders ("time","price","volume","type","trader","stock","cat") values('2014-11-7 08:00:00','451.16','1492573','limit','C000002663','VGLT','sell');
insert into stocks values('SPSC','C000002365');
insert into transaction ("volume","time","price","seller","buyer","stock") values('0','1975-11-7 08:00:00','290.41','admin','admin','SPSC');
insert into orders ("time","price","volume","type","trader","stock","cat") values('2014-11-7 08:00:00','290.41','1136783','limit','C000002365','SPSC','sell');
insert into stocks values('ACGL','C000000211');
insert into transaction ("volume","time","price","seller","buyer","stock") values('0','1975-11-7 08:00:00','331.35','admin','admin','ACGL');
insert into orders ("time","price","volume","type","trader","stock","cat") values('2014-11-7 08:00:00','331.35','1002914','limit','C000000211','ACGL','sell');
insert into stocks values('UFPI','C000002632');
insert into transaction ("volume","time","price","seller","buyer","stock") values('0','1975-11-7 08:00:00','147.45','admin','admin','UFPI');
insert into orders ("time","price","volume","type","trader","stock","cat") values('2014-11-7 08:00:00','147.45','1668261','limit','C000002632','UFPI','sell');
insert into stocks values('EA','C000000835');
insert into transaction ("volume","time","price","seller","buyer","stock") values('0','1975-11-7 08:00:00','338.81','admin','admin','EA');
insert into orders ("time","price","volume","type","trader","stock","cat") values('2014-11-7 08:00:00','338.81','1651366','limit','C000000835','EA','sell');
insert into stocks values('AMCX','C000000132');
insert into transaction ("volume","time","price","seller","buyer","stock") values('0','1975-11-7 08:00:00','321.7','admin','admin','AMCX');
insert into orders ("time","price","volume","type","trader","stock","cat") values('2014-11-7 08:00:00','321.7','1100755','limit','C000000132','AMCX','sell');
insert into stocks values('DLBL','C000002647');
insert into transaction ("volume","time","price","seller","buyer","stock") values('0','1975-11-7 08:00:00','10.08','admin','admin','DLBL');
insert into orders ("time","price","volume","type","trader","stock","cat") values('2014-11-7 08:00:00','10.08','1807825','limit','C000002647','DLBL','sell');
insert into stocks values('EGRX','C000000806');
insert into transaction ("volume","time","price","seller","buyer","stock") values('0','1975-11-7 08:00:00','424.23','admin','admin','EGRX');
insert into orders ("time","price","volume","type","trader","stock","cat") values('2014-11-7 08:00:00','424.23','1784775','limit','C000000806','EGRX','sell');
insert into stocks values('MANH','C000001595');
insert into transaction ("volume","time","price","seller","buyer","stock") values('0','1975-11-7 08:00:00','418.32','admin','admin','MANH');
insert into orders ("time","price","volume","type","trader","stock","cat") values('2014-11-7 08:00:00','418.32','1016203','limit','C000001595','MANH','sell');
insert into stocks values('NTRS','C000001805');
insert into transaction ("volume","time","price","seller","buyer","stock") values('0','1975-11-7 08:00:00','438.22','admin','admin','NTRS');
insert into orders ("time","price","volume","type","trader","stock","cat") values('2014-11-7 08:00:00','438.22','1086657','limit','C000001805','NTRS','sell');
insert into stocks values('JACK','C000001430');
insert into transaction ("volume","time","price","seller","buyer","stock") values('0','1975-11-7 08:00:00','280.71','admin','admin','JACK');
insert into orders ("time","price","volume","type","trader","stock","cat") values('2014-11-7 08:00:00','280.71','1171123','limit','C000001430','JACK','sell');
insert into stocks values('NDSN','C000001799');
insert into transaction ("volume","time","price","seller","buyer","stock") values('0','1975-11-7 08:00:00','84.08','admin','admin','NDSN');
insert into orders ("time","price","volume","type","trader","stock","cat") values('2014-11-7 08:00:00','84.08','1138266','limit','C000001799','NDSN','sell');
insert into stocks values('CRDT','C000002805');
insert into transaction ("volume","time","price","seller","buyer","stock") values('0','1975-11-7 08:00:00','230.48','admin','admin','CRDT');
insert into orders ("time","price","volume","type","trader","stock","cat") values('2014-11-7 08:00:00','230.48','1418003','limit','C000002805','CRDT','sell');
insert into stocks values('WYNN','C000002823');
insert into transaction ("volume","time","price","seller","buyer","stock") values('0','1975-11-7 08:00:00','344.48','admin','admin','WYNN');
insert into orders ("time","price","volume","type","trader","stock","cat") values('2014-11-7 08:00:00','344.48','1768231','limit','C000002823','WYNN','sell');
insert into stocks values('SAFM','C000002222');
insert into transaction ("volume","time","price","seller","buyer","stock") values('0','1975-11-7 08:00:00','191.68','admin','admin','SAFM');
insert into orders ("time","price","volume","type","trader","stock","cat") values('2014-11-7 08:00:00','191.68','1714255','limit','C000002222','SAFM','sell');
insert into stocks values('AMWD','C000000156');
insert into transaction ("volume","time","price","seller","buyer","stock") values('0','1975-11-7 08:00:00','173.3','admin','admin','AMWD');
insert into orders ("time","price","volume","type","trader","stock","cat") values('2014-11-7 08:00:00','173.3','1148632','limit','C000000156','AMWD','sell');
insert into stocks values('ACHC','C000000027');
insert into transaction ("volume","time","price","seller","buyer","stock") values('0','1975-11-7 08:00:00','457.42','admin','admin','ACHC');
insert into orders ("time","price","volume","type","trader","stock","cat") values('2014-11-7 08:00:00','457.42','1131725','limit','C000000027','ACHC','sell');
insert into stocks values('MNRO','C000001709');
insert into transaction ("volume","time","price","seller","buyer","stock") values('0','1975-11-7 08:00:00','274.49','admin','admin','MNRO');
insert into orders ("time","price","volume","type","trader","stock","cat") values('2014-11-7 08:00:00','274.49','1231016','limit','C000001709','MNRO','sell');
insert into stocks values('RDUS','C000002117');
insert into transaction ("volume","time","price","seller","buyer","stock") values('0','1975-11-7 08:00:00','356.05','admin','admin','RDUS');
insert into orders ("time","price","volume","type","trader","stock","cat") values('2014-11-7 08:00:00','356.05','1142204','limit','C000002117','RDUS','sell');
insert into stocks values('BOKF','C000000382');
insert into transaction ("volume","time","price","seller","buyer","stock") values('0','1975-11-7 08:00:00','275.13','admin','admin','BOKF');
insert into orders ("time","price","volume","type","trader","stock","cat") values('2014-11-7 08:00:00','275.13','1301243','limit','C000000382','BOKF','sell');
insert into stocks values('KITE','C000001479');
insert into transaction ("volume","time","price","seller","buyer","stock") values('0','1975-11-7 08:00:00','294.85','admin','admin','KITE');
insert into orders ("time","price","volume","type","trader","stock","cat") values('2014-11-7 08:00:00','294.85','1067108','limit','C000001479','KITE','sell');
insert into stocks values('ALKS','C000000104');
insert into transaction ("volume","time","price","seller","buyer","stock") values('0','1975-11-7 08:00:00','480.51','admin','admin','ALKS');
insert into orders ("time","price","volume","type","trader","stock","cat") values('2014-11-7 08:00:00','480.51','1439293','limit','C000000104','ALKS','sell');
insert into stocks values('LPNT','C000001530');
insert into transaction ("volume","time","price","seller","buyer","stock") values('0','1975-11-7 08:00:00','488.92','admin','admin','LPNT');
insert into orders ("time","price","volume","type","trader","stock","cat") values('2014-11-7 08:00:00','488.92','1240104','limit','C000001530','LPNT','sell');
insert into stocks values('IDXX','C000001299');
insert into transaction ("volume","time","price","seller","buyer","stock") values('0','1975-11-7 08:00:00','491.57','admin','admin','IDXX');
insert into orders ("time","price","volume","type","trader","stock","cat") values('2014-11-7 08:00:00','491.57','1086214','limit','C000001299','IDXX','sell');
insert into stocks values('LOGM','C000001560');
insert into transaction ("volume","time","price","seller","buyer","stock") values('0','1975-11-7 08:00:00','410.69','admin','admin','LOGM');
insert into orders ("time","price","volume","type","trader","stock","cat") values('2014-11-7 08:00:00','410.69','1552176','limit','C000001560','LOGM','sell');
insert into stocks values('PFPT','C000002064');
insert into transaction ("volume","time","price","seller","buyer","stock") values('0','1975-11-7 08:00:00','15.39','admin','admin','PFPT');
insert into orders ("time","price","volume","type","trader","stock","cat") values('2014-11-7 08:00:00','15.39','1582665','limit','C000002064','PFPT','sell');
insert into stocks values('SSNC','C000002366');
insert into transaction ("volume","time","price","seller","buyer","stock") values('0','1975-11-7 08:00:00','73.48','admin','admin','SSNC');
insert into orders ("time","price","volume","type","trader","stock","cat") values('2014-11-7 08:00:00','73.48','1712535','limit','C000002366','SSNC','sell');
insert into stocks values('BLUE','C000000373');
insert into transaction ("volume","time","price","seller","buyer","stock") values('0','1975-11-7 08:00:00','235.11','admin','admin','BLUE');
insert into orders ("time","price","volume","type","trader","stock","cat") values('2014-11-7 08:00:00','235.11','1868531','limit','C000000373','BLUE','sell');
insert into stocks values('ROLL','C000002128');
insert into transaction ("volume","time","price","seller","buyer","stock") values('0','1975-11-7 08:00:00','427.75','admin','admin','ROLL');
insert into orders ("time","price","volume","type","trader","stock","cat") values('2014-11-7 08:00:00','427.75','1789838','limit','C000002128','ROLL','sell');
insert into stocks values('PSCH','C000002035');
insert into transaction ("volume","time","price","seller","buyer","stock") values('0','1975-11-7 08:00:00','312.13','admin','admin','PSCH');
insert into orders ("time","price","volume","type","trader","stock","cat") values('2014-11-7 08:00:00','312.13','1487062','limit','C000002035','PSCH','sell');
insert into stocks values('CAVM','C000000488');
insert into transaction ("volume","time","price","seller","buyer","stock") values('0','1975-11-7 08:00:00','326.58','admin','admin','CAVM');
insert into orders ("time","price","volume","type","trader","stock","cat") values('2014-11-7 08:00:00','326.58','1572846','limit','C000000488','CAVM','sell');
insert into stocks values('BIB','C000002067');
insert into transaction ("volume","time","price","seller","buyer","stock") values('0','1975-11-7 08:00:00','164.25','admin','admin','BIB');
insert into orders ("time","price","volume","type","trader","stock","cat") values('2014-11-7 08:00:00','164.25','1458211','limit','C000002067','BIB','sell');
insert into stocks values('VRSK','C000002693');
insert into transaction ("volume","time","price","seller","buyer","stock") values('0','1975-11-7 08:00:00','73.16','admin','admin','VRSK');
insert into orders ("time","price","volume","type","trader","stock","cat") values('2014-11-7 08:00:00','73.16','1590875','limit','C000002693','VRSK','sell');
insert into stocks values('TMUSP','C000002542');
insert into transaction ("volume","time","price","seller","buyer","stock") values('0','1975-11-7 08:00:00','372.62','admin','admin','TMUSP');
insert into orders ("time","price","volume","type","trader","stock","cat") values('2014-11-7 08:00:00','372.62','1380912','limit','C000002542','TMUSP','sell');
insert into stocks values('EMCB','C000002797');
insert into transaction ("volume","time","price","seller","buyer","stock") values('0','1975-11-7 08:00:00','121.37','admin','admin','EMCB');
insert into orders ("time","price","volume","type","trader","stock","cat") values('2014-11-7 08:00:00','121.37','1494748','limit','C000002797','EMCB','sell');
insert into stocks values('CBOE','C000000491');
insert into transaction ("volume","time","price","seller","buyer","stock") values('0','1975-11-7 08:00:00','395.85','admin','admin','CBOE');
insert into orders ("time","price","volume","type","trader","stock","cat") values('2014-11-7 08:00:00','395.85','1126637','limit','C000000491','CBOE','sell');
insert into stocks values('CHRW','C000000413');
insert into transaction ("volume","time","price","seller","buyer","stock") values('0','1975-11-7 08:00:00','61.53','admin','admin','CHRW');
insert into orders ("time","price","volume","type","trader","stock","cat") values('2014-11-7 08:00:00','61.53','1245576','limit','C000000413','CHRW','sell');
insert into stocks values('WDC','C000002772');
insert into transaction ("volume","time","price","seller","buyer","stock") values('0','1975-11-7 08:00:00','118.29','admin','admin','WDC');
insert into orders ("time","price","volume","type","trader","stock","cat") values('2014-11-7 08:00:00','118.29','1880167','limit','C000002772','WDC','sell');
insert into stocks values('ICLR','C000001293');
insert into transaction ("volume","time","price","seller","buyer","stock") values('0','1975-11-7 08:00:00','392.93','admin','admin','ICLR');
insert into orders ("time","price","volume","type","trader","stock","cat") values('2014-11-7 08:00:00','392.93','1325610','limit','C000001293','ICLR','sell');
insert into stocks values('DLTR','C000000782');
insert into transaction ("volume","time","price","seller","buyer","stock") values('0','1975-11-7 08:00:00','394.71','admin','admin','DLTR');
insert into orders ("time","price","volume","type","trader","stock","cat") values('2014-11-7 08:00:00','394.71','1486625','limit','C000000782','DLTR','sell');
insert into stocks values('CTSH','C000000611');
insert into transaction ("volume","time","price","seller","buyer","stock") values('0','1975-11-7 08:00:00','457.03','admin','admin','CTSH');
insert into orders ("time","price","volume","type","trader","stock","cat") values('2014-11-7 08:00:00','457.03','1486752','limit','C000000611','CTSH','sell');
insert into stocks values('KLAC','C000001480');
insert into transaction ("volume","time","price","seller","buyer","stock") values('0','1975-11-7 08:00:00','118.16','admin','admin','KLAC');
insert into orders ("time","price","volume","type","trader","stock","cat") values('2014-11-7 08:00:00','118.16','1051343','limit','C000001480','KLAC','sell');
insert into stocks values('PRXL','C000001929');
insert into transaction ("volume","time","price","seller","buyer","stock") values('0','1975-11-7 08:00:00','339.16','admin','admin','PRXL');
insert into orders ("time","price","volume","type","trader","stock","cat") values('2014-11-7 08:00:00','339.16','1079012','limit','C000001929','PRXL','sell');
insert into stocks values('PNRG','C000002053');
insert into transaction ("volume","time","price","seller","buyer","stock") values('0','1975-11-7 08:00:00','139.66','admin','admin','PNRG');
insert into orders ("time","price","volume","type","trader","stock","cat") values('2014-11-7 08:00:00','139.66','1657797','limit','C000002053','PNRG','sell');
insert into stocks values('GK','C000001094');
insert into transaction ("volume","time","price","seller","buyer","stock") values('0','1975-11-7 08:00:00','243.89','admin','admin','GK');
insert into orders ("time","price","volume","type","trader","stock","cat") values('2014-11-7 08:00:00','243.89','1284669','limit','C000001094','GK','sell');
insert into stocks values('RRGB','C000002143');
insert into transaction ("volume","time","price","seller","buyer","stock") values('0','1975-11-7 08:00:00','21.57','admin','admin','RRGB');
insert into orders ("time","price","volume","type","trader","stock","cat") values('2014-11-7 08:00:00','21.57','1450656','limit','C000002143','RRGB','sell');
insert into stocks values('ALGN','C000000102');
insert into transaction ("volume","time","price","seller","buyer","stock") values('0','1975-11-7 08:00:00','13.63','admin','admin','ALGN');
insert into orders ("time","price","volume","type","trader","stock","cat") values('2014-11-7 08:00:00','13.63','1653468','limit','C000000102','ALGN','sell');
insert into stocks values('MTSC','C000001720');
insert into transaction ("volume","time","price","seller","buyer","stock") values('0','1975-11-7 08:00:00','439.99','admin','admin','MTSC');
insert into orders ("time","price","volume","type","trader","stock","cat") values('2014-11-7 08:00:00','439.99','1480969','limit','C000001720','MTSC','sell');
insert into stocks values('VSAT','C000002702');
insert into transaction ("volume","time","price","seller","buyer","stock") values('0','1975-11-7 08:00:00','83.17','admin','admin','VSAT');
insert into orders ("time","price","volume","type","trader","stock","cat") values('2014-11-7 08:00:00','83.17','1881230','limit','C000002702','VSAT','sell');
insert into stocks values('LIVN','C000001552');
insert into transaction ("volume","time","price","seller","buyer","stock") values('0','1975-11-7 08:00:00','284.77','admin','admin','LIVN');
insert into orders ("time","price","volume","type","trader","stock","cat") values('2014-11-7 08:00:00','284.77','1329203','limit','C000001552','LIVN','sell');
insert into stocks values('AFSI','C000000168');
insert into transaction ("volume","time","price","seller","buyer","stock") values('0','1975-11-7 08:00:00','264.57','admin','admin','AFSI');
insert into orders ("time","price","volume","type","trader","stock","cat") values('2014-11-7 08:00:00','264.57','1697419','limit','C000000168','AFSI','sell');
insert into stocks values('DFVL','C000001386');
insert into transaction ("volume","time","price","seller","buyer","stock") values('0','1975-11-7 08:00:00','74.25','admin','admin','DFVL');
insert into orders ("time","price","volume","type","trader","stock","cat") values('2014-11-7 08:00:00','74.25','1454533','limit','C000001386','DFVL','sell');
insert into stocks values('IACI','C000001287');
insert into transaction ("volume","time","price","seller","buyer","stock") values('0','1975-11-7 08:00:00','467.71','admin','admin','IACI');
insert into orders ("time","price","volume","type","trader","stock","cat") values('2014-11-7 08:00:00','467.71','1618004','limit','C000001287','IACI','sell');
insert into stocks values('ODFL','C000001854');
insert into transaction ("volume","time","price","seller","buyer","stock") values('0','1975-11-7 08:00:00','112.79','admin','admin','ODFL');
insert into orders ("time","price","volume","type","trader","stock","cat") values('2014-11-7 08:00:00','112.79','1981725','limit','C000001854','ODFL','sell');
insert into stocks values('BCPC','C000000293');
insert into transaction ("volume","time","price","seller","buyer","stock") values('0','1975-11-7 08:00:00','155.54','admin','admin','BCPC');
insert into orders ("time","price","volume","type","trader","stock","cat") values('2014-11-7 08:00:00','155.54','1988401','limit','C000000293','BCPC','sell');
insert into stocks values('VGIT','C000002660');
insert into transaction ("volume","time","price","seller","buyer","stock") values('0','1975-11-7 08:00:00','17.9','admin','admin','VGIT');
insert into orders ("time","price","volume","type","trader","stock","cat") values('2014-11-7 08:00:00','17.9','1094278','limit','C000002660','VGIT','sell');
insert into stocks values('DTUL','C000001385');
insert into transaction ("volume","time","price","seller","buyer","stock") values('0','1975-11-7 08:00:00','302.38','admin','admin','DTUL');
insert into orders ("time","price","volume","type","trader","stock","cat") values('2014-11-7 08:00:00','302.38','1256236','limit','C000001385','DTUL','sell');
insert into stocks values('BANF','C000000296');
insert into transaction ("volume","time","price","seller","buyer","stock") values('0','1975-11-7 08:00:00','399.61','admin','admin','BANF');
insert into orders ("time","price","volume","type","trader","stock","cat") values('2014-11-7 08:00:00','399.61','1855594','limit','C000000296','BANF','sell');
insert into stocks values('STNR','C000002384');
insert into transaction ("volume","time","price","seller","buyer","stock") values('0','1975-11-7 08:00:00','21.43','admin','admin','STNR');
insert into orders ("time","price","volume","type","trader","stock","cat") values('2014-11-7 08:00:00','21.43','1399794','limit','C000002384','STNR','sell');
insert into stocks values('IART','C000001347');
insert into transaction ("volume","time","price","seller","buyer","stock") values('0','1975-11-7 08:00:00','74.58','admin','admin','IART');
insert into orders ("time","price","volume","type","trader","stock","cat") values('2014-11-7 08:00:00','74.58','1328979','limit','C000001347','IART','sell');
insert into stocks values('ADSK','C000000273');
insert into transaction ("volume","time","price","seller","buyer","stock") values('0','1975-11-7 08:00:00','129.97','admin','admin','ADSK');
insert into orders ("time","price","volume","type","trader","stock","cat") values('2014-11-7 08:00:00','129.97','1368899','limit','C000000273','ADSK','sell');
insert into stocks values('LSTR','C000001507');
insert into transaction ("volume","time","price","seller","buyer","stock") values('0','1975-11-7 08:00:00','20.9','admin','admin','LSTR');
insert into orders ("time","price","volume","type","trader","stock","cat") values('2014-11-7 08:00:00','20.9','1674750','limit','C000001507','LSTR','sell');
insert into stocks values('DISH','C000000777');
insert into transaction ("volume","time","price","seller","buyer","stock") values('0','1975-11-7 08:00:00','197.66','admin','admin','DISH');
insert into orders ("time","price","volume","type","trader","stock","cat") values('2014-11-7 08:00:00','197.66','1270687','limit','C000000777','DISH','sell');
insert into stocks values('ZSPH','C000002861');
insert into transaction ("volume","time","price","seller","buyer","stock") values('0','1975-11-7 08:00:00','270.45','admin','admin','ZSPH');
insert into orders ("time","price","volume","type","trader","stock","cat") values('2014-11-7 08:00:00','270.45','1980252','limit','C000002861','ZSPH','sell');
insert into stocks values('IBKC','C000001289');
insert into transaction ("volume","time","price","seller","buyer","stock") values('0','1975-11-7 08:00:00','146.62','admin','admin','IBKC');
insert into orders ("time","price","volume","type","trader","stock","cat") values('2014-11-7 08:00:00','146.62','1870883','limit','C000001289','IBKC','sell');
insert into stocks values('MPWR','C000001707');
insert into transaction ("volume","time","price","seller","buyer","stock") values('0','1975-11-7 08:00:00','89.45','admin','admin','MPWR');
insert into orders ("time","price","volume","type","trader","stock","cat") values('2014-11-7 08:00:00','89.45','1922615','limit','C000001707','MPWR','sell');
insert into stocks values('COHR','C000000612');
insert into transaction ("volume","time","price","seller","buyer","stock") values('0','1975-11-7 08:00:00','15.32','admin','admin','COHR');
insert into orders ("time","price","volume","type","trader","stock","cat") values('2014-11-7 08:00:00','15.32','1391355','limit','C000000612','COHR','sell');
insert into stocks values('OUTR','C000001900');
insert into transaction ("volume","time","price","seller","buyer","stock") values('0','1975-11-7 08:00:00','196.87','admin','admin','OUTR');
insert into orders ("time","price","volume","type","trader","stock","cat") values('2014-11-7 08:00:00','196.87','1262342','limit','C000001900','OUTR','sell');
insert into stocks values('NICE','C000001792');
insert into transaction ("volume","time","price","seller","buyer","stock") values('0','1975-11-7 08:00:00','45.05','admin','admin','NICE');
insert into orders ("time","price","volume","type","trader","stock","cat") values('2014-11-7 08:00:00','45.05','1870550','limit','C000001792','NICE','sell');
insert into stocks values('GOLD','C000002123');
insert into transaction ("volume","time","price","seller","buyer","stock") values('0','1975-11-7 08:00:00','224.83','admin','admin','GOLD');
insert into orders ("time","price","volume","type","trader","stock","cat") values('2014-11-7 08:00:00','224.83','1934287','limit','C000002123','GOLD','sell');
insert into stocks values('JBSS','C000001449');
insert into transaction ("volume","time","price","seller","buyer","stock") values('0','1975-11-7 08:00:00','66.54','admin','admin','JBSS');
insert into orders ("time","price","volume","type","trader","stock","cat") values('2014-11-7 08:00:00','66.54','1924087','limit','C000001449','JBSS','sell');
insert into stocks values('SBUX','C000002373');
insert into transaction ("volume","time","price","seller","buyer","stock") values('0','1975-11-7 08:00:00','22.39','admin','admin','SBUX');
insert into orders ("time","price","volume","type","trader","stock","cat") values('2014-11-7 08:00:00','22.39','1059989','limit','C000002373','SBUX','sell');
insert into stocks values('AGII','C000000217');
insert into transaction ("volume","time","price","seller","buyer","stock") values('0','1975-11-7 08:00:00','282.31','admin','admin','AGII');
insert into orders ("time","price","volume","type","trader","stock","cat") values('2014-11-7 08:00:00','282.31','1037023','limit','C000000217','AGII','sell');
insert into stocks values('CMCSK','C000000624');
insert into transaction ("volume","time","price","seller","buyer","stock") values('0','1975-11-7 08:00:00','470.75','admin','admin','CMCSK');
insert into orders ("time","price","volume","type","trader","stock","cat") values('2014-11-7 08:00:00','470.75','1182748','limit','C000000624','CMCSK','sell');
insert into stocks values('CMCSA','C000000624');
insert into transaction ("volume","time","price","seller","buyer","stock") values('0','1975-11-7 08:00:00','283.33','admin','admin','CMCSA');
insert into orders ("time","price","volume","type","trader","stock","cat") values('2014-11-7 08:00:00','283.33','1065659','limit','C000000624','CMCSA','sell');
insert into stocks values('BLKB','C000000358');
insert into transaction ("volume","time","price","seller","buyer","stock") values('0','1975-11-7 08:00:00','461.09','admin','admin','BLKB');
insert into orders ("time","price","volume","type","trader","stock","cat") values('2014-11-7 08:00:00','461.09','1486428','limit','C000000358','BLKB','sell');
insert into stocks values('AKAM','C000000087');
insert into transaction ("volume","time","price","seller","buyer","stock") values('0','1975-11-7 08:00:00','172.66','admin','admin','AKAM');
insert into orders ("time","price","volume","type","trader","stock","cat") values('2014-11-7 08:00:00','172.66','1913252','limit','C000000087','AKAM','sell');
insert into stocks values('XRAY','C000000750');
insert into transaction ("volume","time","price","seller","buyer","stock") values('0','1975-11-7 08:00:00','295.23','admin','admin','XRAY');
insert into orders ("time","price","volume","type","trader","stock","cat") values('2014-11-7 08:00:00','295.23','1112033','limit','C000000750','XRAY','sell');
insert into stocks values('VSEC','C000002743');
insert into transaction ("volume","time","price","seller","buyer","stock") values('0','1975-11-7 08:00:00','100.62','admin','admin','VSEC');
insert into orders ("time","price","volume","type","trader","stock","cat") values('2014-11-7 08:00:00','100.62','1189518','limit','C000002743','VSEC','sell');
insert into stocks values('CERN','C000000519');
insert into transaction ("volume","time","price","seller","buyer","stock") values('0','1975-11-7 08:00:00','196.46','admin','admin','CERN');
insert into orders ("time","price","volume","type","trader","stock","cat") values('2014-11-7 08:00:00','196.46','1187303','limit','C000000519','CERN','sell');
insert into stocks values('VGSH','C000002674');
insert into transaction ("volume","time","price","seller","buyer","stock") values('0','1975-11-7 08:00:00','400.64','admin','admin','VGSH');
insert into orders ("time","price","volume","type","trader","stock","cat") values('2014-11-7 08:00:00','400.64','1559704','limit','C000002674','VGSH','sell');
insert into stocks values('BBBY','C000000321');
insert into transaction ("volume","time","price","seller","buyer","stock") values('0','1975-11-7 08:00:00','206.9','admin','admin','BBBY');
insert into orders ("time","price","volume","type","trader","stock","cat") values('2014-11-7 08:00:00','206.9','1081395','limit','C000000321','BBBY','sell');
insert into stocks values('STRT','C000002398');
insert into transaction ("volume","time","price","seller","buyer","stock") values('0','1975-11-7 08:00:00','135.3','admin','admin','STRT');
insert into orders ("time","price","volume","type","trader","stock","cat") values('2014-11-7 08:00:00','135.3','1715500','limit','C000002398','STRT','sell');
insert into stocks values('LECO','C000001542');
insert into transaction ("volume","time","price","seller","buyer","stock") values('0','1975-11-7 08:00:00','254.33','admin','admin','LECO');
insert into orders ("time","price","volume","type","trader","stock","cat") values('2014-11-7 08:00:00','254.33','1815752','limit','C000001542','LECO','sell');
insert into stocks values('POPE','C000002009');
insert into transaction ("volume","time","price","seller","buyer","stock") values('0','1975-11-7 08:00:00','345.87','admin','admin','POPE');
insert into orders ("time","price","volume","type","trader","stock","cat") values('2014-11-7 08:00:00','345.87','1895902','limit','C000002009','POPE','sell');
insert into stocks values('CINF','C000000573');
insert into transaction ("volume","time","price","seller","buyer","stock") values('0','1975-11-7 08:00:00','296.07','admin','admin','CINF');
insert into orders ("time","price","volume","type","trader","stock","cat") values('2014-11-7 08:00:00','296.07','1405194','limit','C000000573','CINF','sell');
insert into stocks values('DOX','C000000133');
insert into transaction ("volume","time","price","seller","buyer","stock") values('0','1975-11-7 08:00:00','392.89','admin','admin','DOX');
insert into orders ("time","price","volume","type","trader","stock","cat") values('2014-11-7 08:00:00','392.89','1393785','limit','C000000133','DOX','sell');
insert into stocks values('ADI','C000000172');
insert into transaction ("volume","time","price","seller","buyer","stock") values('0','1975-11-7 08:00:00','388.3','admin','admin','ADI');
insert into orders ("time","price","volume","type","trader","stock","cat") values('2014-11-7 08:00:00','388.3','1019914','limit','C000000172','ADI','sell');
insert into stocks values('FTSM','C000000997');
insert into transaction ("volume","time","price","seller","buyer","stock") values('0','1975-11-7 08:00:00','376.56','admin','admin','FTSM');
insert into orders ("time","price","volume","type","trader","stock","cat") values('2014-11-7 08:00:00','376.56','1843921','limit','C000000997','FTSM','sell');
insert into stocks values('PZZA','C000001925');
insert into transaction ("volume","time","price","seller","buyer","stock") values('0','1975-11-7 08:00:00','304.0','admin','admin','PZZA');
insert into orders ("time","price","volume","type","trader","stock","cat") values('2014-11-7 08:00:00','304.0','1901308','limit','C000001925','PZZA','sell');
insert into stocks values('UTMD','C000002652');
insert into transaction ("volume","time","price","seller","buyer","stock") values('0','1975-11-7 08:00:00','434.31','admin','admin','UTMD');
insert into orders ("time","price","volume","type","trader","stock","cat") values('2014-11-7 08:00:00','434.31','1821709','limit','C000002652','UTMD','sell');
insert into stocks values('NCLH','C000001811');
insert into transaction ("volume","time","price","seller","buyer","stock") values('0','1975-11-7 08:00:00','285.44','admin','admin','NCLH');
insert into orders ("time","price","volume","type","trader","stock","cat") values('2014-11-7 08:00:00','285.44','1326305','limit','C000001811','NCLH','sell');
insert into stocks values('PDCE','C000001951');
insert into transaction ("volume","time","price","seller","buyer","stock") values('0','1975-11-7 08:00:00','321.94','admin','admin','PDCE');
insert into orders ("time","price","volume","type","trader","stock","cat") values('2014-11-7 08:00:00','321.94','1541276','limit','C000001951','PDCE','sell');
insert into stocks values('FLAT','C000002645');
insert into transaction ("volume","time","price","seller","buyer","stock") values('0','1975-11-7 08:00:00','298.94','admin','admin','FLAT');
insert into orders ("time","price","volume","type","trader","stock","cat") values('2014-11-7 08:00:00','298.94','1336638','limit','C000002645','FLAT','sell');
insert into stocks values('PRTA','C000002075');
insert into transaction ("volume","time","price","seller","buyer","stock") values('0','1975-11-7 08:00:00','465.12','admin','admin','PRTA');
insert into orders ("time","price","volume","type","trader","stock","cat") values('2014-11-7 08:00:00','465.12','1541169','limit','C000002075','PRTA','sell');
insert into stocks values('USCR','C000002591');
insert into transaction ("volume","time","price","seller","buyer","stock") values('0','1975-11-7 08:00:00','214.27','admin','admin','USCR');
insert into orders ("time","price","volume","type","trader","stock","cat") values('2014-11-7 08:00:00','214.27','1647089','limit','C000002591','USCR','sell');
insert into stocks values('DSLV','C000000010');
insert into transaction ("volume","time","price","seller","buyer","stock") values('0','1975-11-7 08:00:00','52.91','admin','admin','DSLV');
insert into orders ("time","price","volume","type","trader","stock","cat") values('2014-11-7 08:00:00','52.91','1354141','limit','C000000010','DSLV','sell');
insert into stocks values('IOSP','C000001334');
insert into transaction ("volume","time","price","seller","buyer","stock") values('0','1975-11-7 08:00:00','37.16','admin','admin','IOSP');
insert into orders ("time","price","volume","type","trader","stock","cat") values('2014-11-7 08:00:00','37.16','1757101','limit','C000001334','IOSP','sell');
insert into stocks values('NDAQ','C000001735');
insert into transaction ("volume","time","price","seller","buyer","stock") values('0','1975-11-7 08:00:00','264.6','admin','admin','NDAQ');
insert into orders ("time","price","volume","type","trader","stock","cat") values('2014-11-7 08:00:00','264.6','1605741','limit','C000001735','NDAQ','sell');
insert into stocks values('ACWI','C000001400');
insert into transaction ("volume","time","price","seller","buyer","stock") values('0','1975-11-7 08:00:00','228.97','admin','admin','ACWI');
insert into orders ("time","price","volume","type","trader","stock","cat") values('2014-11-7 08:00:00','228.97','1478447','limit','C000001400','ACWI','sell');
insert into stocks values('TCBI','C000002486');
insert into transaction ("volume","time","price","seller","buyer","stock") values('0','1975-11-7 08:00:00','127.63','admin','admin','TCBI');
insert into orders ("time","price","volume","type","trader","stock","cat") values('2014-11-7 08:00:00','127.63','1823861','limit','C000002486','TCBI','sell');
insert into stocks values('LAMR','C000001501');
insert into transaction ("volume","time","price","seller","buyer","stock") values('0','1975-11-7 08:00:00','71.36','admin','admin','LAMR');
insert into orders ("time","price","volume","type","trader","stock","cat") values('2014-11-7 08:00:00','71.36','1067918','limit','C000001501','LAMR','sell');
insert into stocks values('FSLR','C000000982');
insert into transaction ("volume","time","price","seller","buyer","stock") values('0','1975-11-7 08:00:00','53.14','admin','admin','FSLR');
insert into orders ("time","price","volume","type","trader","stock","cat") values('2014-11-7 08:00:00','53.14','1946838','limit','C000000982','FSLR','sell');
insert into stocks values('PSCC','C000002032');
insert into transaction ("volume","time","price","seller","buyer","stock") values('0','1975-11-7 08:00:00','418.93','admin','admin','PSCC');
insert into orders ("time","price","volume","type","trader","stock","cat") values('2014-11-7 08:00:00','418.93','1450306','limit','C000002032','PSCC','sell');
insert into stocks values('NVEC','C000001828');
insert into transaction ("volume","time","price","seller","buyer","stock") values('0','1975-11-7 08:00:00','145.7','admin','admin','NVEC');
insert into orders ("time","price","volume","type","trader","stock","cat") values('2014-11-7 08:00:00','145.7','1375229','limit','C000001828','NVEC','sell');
insert into stocks values('YY','C000002847');
insert into transaction ("volume","time","price","seller","buyer","stock") values('0','1975-11-7 08:00:00','433.67','admin','admin','YY');
insert into orders ("time","price","volume","type","trader","stock","cat") values('2014-11-7 08:00:00','433.67','1606037','limit','C000002847','YY','sell');
insert into stocks values('ONCE','C000002352');
insert into transaction ("volume","time","price","seller","buyer","stock") values('0','1975-11-7 08:00:00','90.57','admin','admin','ONCE');
insert into orders ("time","price","volume","type","trader","stock","cat") values('2014-11-7 08:00:00','90.57','1647078','limit','C000002352','ONCE','sell');
insert into stocks values('AAXJ','C000001401');
insert into transaction ("volume","time","price","seller","buyer","stock") values('0','1975-11-7 08:00:00','488.07','admin','admin','AAXJ');
insert into orders ("time","price","volume","type","trader","stock","cat") values('2014-11-7 08:00:00','488.07','1738689','limit','C000001401','AAXJ','sell');
insert into stocks values('CALM','C000000436');
insert into transaction ("volume","time","price","seller","buyer","stock") values('0','1975-11-7 08:00:00','234.73','admin','admin','CALM');
insert into orders ("time","price","volume","type","trader","stock","cat") values('2014-11-7 08:00:00','234.73','1108753','limit','C000000436','CALM','sell');
insert into stocks values('TXN','C000002487');
insert into transaction ("volume","time","price","seller","buyer","stock") values('0','1975-11-7 08:00:00','235.4','admin','admin','TXN');
insert into orders ("time","price","volume","type","trader","stock","cat") values('2014-11-7 08:00:00','235.4','1290435','limit','C000002487','TXN','sell');
insert into stocks values('BSTC','C000000348');
insert into transaction ("volume","time","price","seller","buyer","stock") values('0','1975-11-7 08:00:00','132.23','admin','admin','BSTC');
insert into orders ("time","price","volume","type","trader","stock","cat") values('2014-11-7 08:00:00','132.23','1985094','limit','C000000348','BSTC','sell');
insert into stocks values('MATW','C000001619');
insert into transaction ("volume","time","price","seller","buyer","stock") values('0','1975-11-7 08:00:00','264.53','admin','admin','MATW');
insert into orders ("time","price","volume","type","trader","stock","cat") values('2014-11-7 08:00:00','264.53','1981744','limit','C000001619','MATW','sell');
insert into stocks values('SAFT','C000002215');
insert into transaction ("volume","time","price","seller","buyer","stock") values('0','1975-11-7 08:00:00','318.23','admin','admin','SAFT');
insert into orders ("time","price","volume","type","trader","stock","cat") values('2014-11-7 08:00:00','318.23','1801320','limit','C000002215','SAFT','sell');
insert into stocks values('WOOF','C000002684');
insert into transaction ("volume","time","price","seller","buyer","stock") values('0','1975-11-7 08:00:00','413.45','admin','admin','WOOF');
insert into orders ("time","price","volume","type","trader","stock","cat") values('2014-11-7 08:00:00','413.45','1391448','limit','C000002684','WOOF','sell');
insert into stocks values('PCRX','C000001919');
insert into transaction ("volume","time","price","seller","buyer","stock") values('0','1975-11-7 08:00:00','33.42','admin','admin','PCRX');
insert into orders ("time","price","volume","type","trader","stock","cat") values('2014-11-7 08:00:00','33.42','1273404','limit','C000001919','PCRX','sell');
insert into stocks values('COLM','C000000621');
insert into transaction ("volume","time","price","seller","buyer","stock") values('0','1975-11-7 08:00:00','164.15','admin','admin','COLM');
insert into orders ("time","price","volume","type","trader","stock","cat") values('2014-11-7 08:00:00','164.15','1492695','limit','C000000621','COLM','sell');
insert into stocks values('FOSL','C000001069');
insert into transaction ("volume","time","price","seller","buyer","stock") values('0','1975-11-7 08:00:00','226.16','admin','admin','FOSL');
insert into orders ("time","price","volume","type","trader","stock","cat") values('2014-11-7 08:00:00','226.16','1724656','limit','C000001069','FOSL','sell');
insert into stocks values('MAYS','C000001425');
insert into transaction ("volume","time","price","seller","buyer","stock") values('0','1975-11-7 08:00:00','125.91','admin','admin','MAYS');
insert into orders ("time","price","volume","type","trader","stock","cat") values('2014-11-7 08:00:00','125.91','1480172','limit','C000001425','MAYS','sell');
insert into stocks values('NEOG','C000001760');
insert into transaction ("volume","time","price","seller","buyer","stock") values('0','1975-11-7 08:00:00','409.28','admin','admin','NEOG');
insert into orders ("time","price","volume","type","trader","stock","cat") values('2014-11-7 08:00:00','409.28','1115451','limit','C000001760','NEOG','sell');
insert into stocks values('SPLK','C000002360');
insert into transaction ("volume","time","price","seller","buyer","stock") values('0','1975-11-7 08:00:00','369.68','admin','admin','SPLK');
insert into orders ("time","price","volume","type","trader","stock","cat") values('2014-11-7 08:00:00','369.68','1533139','limit','C000002360','SPLK','sell');
insert into stocks values('HSNI','C000001274');
insert into transaction ("volume","time","price","seller","buyer","stock") values('0','1975-11-7 08:00:00','438.12','admin','admin','HSNI');
insert into orders ("time","price","volume","type","trader","stock","cat") values('2014-11-7 08:00:00','438.12','1631375','limit','C000001274','HSNI','sell');
insert into stocks values('EEMA','C000001402');
insert into transaction ("volume","time","price","seller","buyer","stock") values('0','1975-11-7 08:00:00','227.99','admin','admin','EEMA');
insert into orders ("time","price","volume","type","trader","stock","cat") values('2014-11-7 08:00:00','227.99','1110877','limit','C000001402','EEMA','sell');
insert into stocks values('RENT','C000002159');
insert into transaction ("volume","time","price","seller","buyer","stock") values('0','1975-11-7 08:00:00','321.33','admin','admin','RENT');
insert into orders ("time","price","volume","type","trader","stock","cat") values('2014-11-7 08:00:00','321.33','1214569','limit','C000002159','RENT','sell');
insert into stocks values('AMBA','C000000131');
insert into transaction ("volume","time","price","seller","buyer","stock") values('0','1975-11-7 08:00:00','13.37','admin','admin','AMBA');
insert into orders ("time","price","volume","type","trader","stock","cat") values('2014-11-7 08:00:00','13.37','1085152','limit','C000000131','AMBA','sell');
insert into stocks values('NTK','C000001801');
insert into transaction ("volume","time","price","seller","buyer","stock") values('0','1975-11-7 08:00:00','325.42','admin','admin','NTK');
insert into orders ("time","price","volume","type","trader","stock","cat") values('2014-11-7 08:00:00','325.42','1596328','limit','C000001801','NTK','sell');
insert into stocks values('NXST','C000001788');
insert into transaction ("volume","time","price","seller","buyer","stock") values('0','1975-11-7 08:00:00','386.63','admin','admin','NXST');
insert into orders ("time","price","volume","type","trader","stock","cat") values('2014-11-7 08:00:00','386.63','1163099','limit','C000001788','NXST','sell');
insert into stocks values('PNFP','C000001993');
insert into transaction ("volume","time","price","seller","buyer","stock") values('0','1975-11-7 08:00:00','254.07','admin','admin','PNFP');
insert into orders ("time","price","volume","type","trader","stock","cat") values('2014-11-7 08:00:00','254.07','1480330','limit','C000001993','PNFP','sell');
insert into stocks values('LBRDA','C000001524');
insert into transaction ("volume","time","price","seller","buyer","stock") values('0','1975-11-7 08:00:00','334.02','admin','admin','LBRDA');
insert into orders ("time","price","volume","type","trader","stock","cat") values('2014-11-7 08:00:00','334.02','1598767','limit','C000001524','LBRDA','sell');
insert into stocks values('MHLDO','C000001588');
insert into transaction ("volume","time","price","seller","buyer","stock") values('0','1975-11-7 08:00:00','46.94','admin','admin','MHLDO');
insert into orders ("time","price","volume","type","trader","stock","cat") values('2014-11-7 08:00:00','46.94','1087040','limit','C000001588','MHLDO','sell');
insert into stocks values('IDCC','C000001359');
insert into transaction ("volume","time","price","seller","buyer","stock") values('0','1975-11-7 08:00:00','304.2','admin','admin','IDCC');
insert into orders ("time","price","volume","type","trader","stock","cat") values('2014-11-7 08:00:00','304.2','1992773','limit','C000001359','IDCC','sell');
insert into stocks values('MSFT','C000001673');
insert into transaction ("volume","time","price","seller","buyer","stock") values('0','1975-11-7 08:00:00','54.62','admin','admin','MSFT');
insert into orders ("time","price","volume","type","trader","stock","cat") values('2014-11-7 08:00:00','54.62','1546749','limit','C000001673','MSFT','sell');
insert into stocks values('ARII','C000000151');
insert into transaction ("volume","time","price","seller","buyer","stock") values('0','1975-11-7 08:00:00','230.33','admin','admin','ARII');
insert into orders ("time","price","volume","type","trader","stock","cat") values('2014-11-7 08:00:00','230.33','1564898','limit','C000000151','ARII','sell');
insert into stocks values('BMRC','C000000299');
insert into transaction ("volume","time","price","seller","buyer","stock") values('0','1975-11-7 08:00:00','332.93','admin','admin','BMRC');
insert into orders ("time","price","volume","type","trader","stock","cat") values('2014-11-7 08:00:00','332.93','1267115','limit','C000000299','BMRC','sell');
insert into stocks values('SFNC','C000002297');
insert into transaction ("volume","time","price","seller","buyer","stock") values('0','1975-11-7 08:00:00','493.5','admin','admin','SFNC');
insert into orders ("time","price","volume","type","trader","stock","cat") values('2014-11-7 08:00:00','493.5','1686423','limit','C000002297','SFNC','sell');
insert into stocks values('MGLN','C000001582');
insert into transaction ("volume","time","price","seller","buyer","stock") values('0','1975-11-7 08:00:00','203.25','admin','admin','MGLN');
insert into orders ("time","price","volume","type","trader","stock","cat") values('2014-11-7 08:00:00','203.25','1368177','limit','C000001582','MGLN','sell');
insert into stocks values('AMSF','C000000159');
insert into transaction ("volume","time","price","seller","buyer","stock") values('0','1975-11-7 08:00:00','310.49','admin','admin','AMSF');
insert into orders ("time","price","volume","type","trader","stock","cat") values('2014-11-7 08:00:00','310.49','1654883','limit','C000000159','AMSF','sell');
insert into stocks values('ISIS','C000001416');
insert into transaction ("volume","time","price","seller","buyer","stock") values('0','1975-11-7 08:00:00','376.67','admin','admin','ISIS');
insert into orders ("time","price","volume","type","trader","stock","cat") values('2014-11-7 08:00:00','376.67','1748561','limit','C000001416','ISIS','sell');
insert into stocks values('GIII','C000001125');
insert into transaction ("volume","time","price","seller","buyer","stock") values('0','1975-11-7 08:00:00','387.6','admin','admin','GIII');
insert into orders ("time","price","volume","type","trader","stock","cat") values('2014-11-7 08:00:00','387.6','1015818','limit','C000001125','GIII','sell');
insert into stocks values('PRSC','C000002522');
insert into transaction ("volume","time","price","seller","buyer","stock") values('0','1975-11-7 08:00:00','183.54','admin','admin','PRSC');
insert into orders ("time","price","volume","type","trader","stock","cat") values('2014-11-7 08:00:00','183.54','1157146','limit','C000002522','PRSC','sell');
insert into stocks values('OPHT','C000001878');
insert into transaction ("volume","time","price","seller","buyer","stock") values('0','1975-11-7 08:00:00','433.43','admin','admin','OPHT');
insert into orders ("time","price","volume","type","trader","stock","cat") values('2014-11-7 08:00:00','433.43','1817287','limit','C000001878','OPHT','sell');
insert into stocks values('LBRDK','C000001524');
insert into transaction ("volume","time","price","seller","buyer","stock") values('0','1975-11-7 08:00:00','371.28','admin','admin','LBRDK');
insert into orders ("time","price","volume","type","trader","stock","cat") values('2014-11-7 08:00:00','371.28','1746614','limit','C000001524','LBRDK','sell');
insert into stocks values('NBIX','C000001778');
insert into transaction ("volume","time","price","seller","buyer","stock") values('0','1975-11-7 08:00:00','151.99','admin','admin','NBIX');
insert into orders ("time","price","volume","type","trader","stock","cat") values('2014-11-7 08:00:00','151.99','1131795','limit','C000001778','NBIX','sell');
insert into stocks values('PCAR','C000001909');
insert into transaction ("volume","time","price","seller","buyer","stock") values('0','1975-11-7 08:00:00','306.45','admin','admin','PCAR');
insert into orders ("time","price","volume","type","trader","stock","cat") values('2014-11-7 08:00:00','306.45','1182978','limit','C000001909','PCAR','sell');
insert into stocks values('SEIC','C000002251');
insert into transaction ("volume","time","price","seller","buyer","stock") values('0','1975-11-7 08:00:00','83.16','admin','admin','SEIC');
insert into orders ("time","price","volume","type","trader","stock","cat") values('2014-11-7 08:00:00','83.16','1001446','limit','C000002251','SEIC','sell');
insert into stocks values('IMKTA','C000001329');
insert into transaction ("volume","time","price","seller","buyer","stock") values('0','1975-11-7 08:00:00','46.81','admin','admin','IMKTA');
insert into orders ("time","price","volume","type","trader","stock","cat") values('2014-11-7 08:00:00','46.81','1353485','limit','C000001329','IMKTA','sell');
insert into stocks values('VNQI','C000002659');
insert into transaction ("volume","time","price","seller","buyer","stock") values('0','1975-11-7 08:00:00','41.08','admin','admin','VNQI');
insert into orders ("time","price","volume","type","trader","stock","cat") values('2014-11-7 08:00:00','41.08','1051528','limit','C000002659','VNQI','sell');
insert into stocks values('PSCT','C000002037');
insert into transaction ("volume","time","price","seller","buyer","stock") values('0','1975-11-7 08:00:00','376.58','admin','admin','PSCT');
insert into orders ("time","price","volume","type","trader","stock","cat") values('2014-11-7 08:00:00','376.58','1238085','limit','C000002037','PSCT','sell');
insert into stocks values('VMBS','C000002664');
insert into transaction ("volume","time","price","seller","buyer","stock") values('0','1975-11-7 08:00:00','33.71','admin','admin','VMBS');
insert into orders ("time","price","volume","type","trader","stock","cat") values('2014-11-7 08:00:00','33.71','1492633','limit','C000002664','VMBS','sell');
insert into stocks values('SAGE','C000002216');
insert into transaction ("volume","time","price","seller","buyer","stock") values('0','1975-11-7 08:00:00','490.23','admin','admin','SAGE');
insert into orders ("time","price","volume","type","trader","stock","cat") values('2014-11-7 08:00:00','490.23','1538969','limit','C000002216','SAGE','sell');
insert into stocks values('ITCI','C000001373');
insert into transaction ("volume","time","price","seller","buyer","stock") values('0','1975-11-7 08:00:00','404.77','admin','admin','ITCI');
insert into orders ("time","price","volume","type","trader","stock","cat") values('2014-11-7 08:00:00','404.77','1723426','limit','C000001373','ITCI','sell');
insert into stocks values('ABAX','C000000020');
insert into transaction ("volume","time","price","seller","buyer","stock") values('0','1975-11-7 08:00:00','362.27','admin','admin','ABAX');
insert into orders ("time","price","volume","type","trader","stock","cat") values('2014-11-7 08:00:00','362.27','1506676','limit','C000000020','ABAX','sell');
insert into stocks values('BNDX','C000002676');
insert into transaction ("volume","time","price","seller","buyer","stock") values('0','1975-11-7 08:00:00','439.53','admin','admin','BNDX');
insert into orders ("time","price","volume","type","trader","stock","cat") values('2014-11-7 08:00:00','439.53','1797104','limit','C000002676','BNDX','sell');
insert into stocks values('ALTR','C000000122');
insert into transaction ("volume","time","price","seller","buyer","stock") values('0','1975-11-7 08:00:00','199.79','admin','admin','ALTR');
insert into orders ("time","price","volume","type","trader","stock","cat") values('2014-11-7 08:00:00','199.79','1317927','limit','C000000122','ALTR','sell');
insert into stocks values('CASS','C000000482');
insert into transaction ("volume","time","price","seller","buyer","stock") values('0','1975-11-7 08:00:00','213.64','admin','admin','CASS');
insert into orders ("time","price","volume","type","trader","stock","cat") values('2014-11-7 08:00:00','213.64','1755991','limit','C000000482','CASS','sell');
insert into stocks values('SOHU','C000002324');
insert into transaction ("volume","time","price","seller","buyer","stock") values('0','1975-11-7 08:00:00','331.49','admin','admin','SOHU');
insert into orders ("time","price","volume","type","trader","stock","cat") values('2014-11-7 08:00:00','331.49','1453141','limit','C000002324','SOHU','sell');
insert into stocks values('HURN','C000001281');
insert into transaction ("volume","time","price","seller","buyer","stock") values('0','1975-11-7 08:00:00','322.18','admin','admin','HURN');
insert into orders ("time","price","volume","type","trader","stock","cat") values('2014-11-7 08:00:00','322.18','1323903','limit','C000001281','HURN','sell');
insert into stocks values('GMCR','C000001467');
insert into transaction ("volume","time","price","seller","buyer","stock") values('0','1975-11-7 08:00:00','285.33','admin','admin','GMCR');
insert into orders ("time","price","volume","type","trader","stock","cat") values('2014-11-7 08:00:00','285.33','1759673','limit','C000001467','GMCR','sell');
insert into stocks values('PAYX','C000001944');
insert into transaction ("volume","time","price","seller","buyer","stock") values('0','1975-11-7 08:00:00','32.24','admin','admin','PAYX');
insert into orders ("time","price","volume","type","trader","stock","cat") values('2014-11-7 08:00:00','32.24','1988756','limit','C000001944','PAYX','sell');
insert into stocks values('UMBF','C000002604');
insert into transaction ("volume","time","price","seller","buyer","stock") values('0','1975-11-7 08:00:00','451.69','admin','admin','UMBF');
insert into orders ("time","price","volume","type","trader","stock","cat") values('2014-11-7 08:00:00','451.69','1508140','limit','C000002604','UMBF','sell');
insert into stocks values('WTFC','C000002790');
insert into transaction ("volume","time","price","seller","buyer","stock") values('0','1975-11-7 08:00:00','18.46','admin','admin','WTFC');
insert into orders ("time","price","volume","type","trader","stock","cat") values('2014-11-7 08:00:00','18.46','1815216','limit','C000002790','WTFC','sell');
insert into stocks values('CVGW','C000000432');
insert into transaction ("volume","time","price","seller","buyer","stock") values('0','1975-11-7 08:00:00','426.86','admin','admin','CVGW');
insert into orders ("time","price","volume","type","trader","stock","cat") values('2014-11-7 08:00:00','426.86','1531336','limit','C000000432','CVGW','sell');
insert into stocks values('BRCM','C000000397');
insert into transaction ("volume","time","price","seller","buyer","stock") values('0','1975-11-7 08:00:00','342.02','admin','admin','BRCM');
insert into orders ("time","price","volume","type","trader","stock","cat") values('2014-11-7 08:00:00','342.02','1673859','limit','C000000397','BRCM','sell');
insert into stocks values('PLKI','C000002010');
insert into transaction ("volume","time","price","seller","buyer","stock") values('0','1975-11-7 08:00:00','411.14','admin','admin','PLKI');
insert into orders ("time","price","volume","type","trader","stock","cat") values('2014-11-7 08:00:00','411.14','1514145','limit','C000002010','PLKI','sell');
insert into stocks values('STRA','C000002400');
insert into transaction ("volume","time","price","seller","buyer","stock") values('0','1975-11-7 08:00:00','218.18','admin','admin','STRA');
insert into orders ("time","price","volume","type","trader","stock","cat") values('2014-11-7 08:00:00','218.18','1631304','limit','C000002400','STRA','sell');
insert into stocks values('LULU','C000001570');
insert into transaction ("volume","time","price","seller","buyer","stock") values('0','1975-11-7 08:00:00','56.09','admin','admin','LULU');
insert into orders ("time","price","volume","type","trader","stock","cat") values('2014-11-7 08:00:00','56.09','1097341','limit','C000001570','LULU','sell');
insert into stocks values('VRTU','C000002732');
insert into transaction ("volume","time","price","seller","buyer","stock") values('0','1975-11-7 08:00:00','33.83','admin','admin','VRTU');
insert into orders ("time","price","volume","type","trader","stock","cat") values('2014-11-7 08:00:00','33.83','1185624','limit','C000002732','VRTU','sell');
insert into stocks values('FMB','C000001016');
insert into transaction ("volume","time","price","seller","buyer","stock") values('0','1975-11-7 08:00:00','71.01','admin','admin','FMB');
insert into orders ("time","price","volume","type","trader","stock","cat") values('2014-11-7 08:00:00','71.01','1074390','limit','C000001016','FMB','sell');
insert into stocks values('JUNO','C000001452');
insert into transaction ("volume","time","price","seller","buyer","stock") values('0','1975-11-7 08:00:00','405.32','admin','admin','JUNO');
insert into orders ("time","price","volume","type","trader","stock","cat") values('2014-11-7 08:00:00','405.32','1240828','limit','C000001452','JUNO','sell');
insert into stocks values('OZRK','C000000302');
insert into transaction ("volume","time","price","seller","buyer","stock") values('0','1975-11-7 08:00:00','336.29','admin','admin','OZRK');
insert into orders ("time","price","volume","type","trader","stock","cat") values('2014-11-7 08:00:00','336.29','1427327','limit','C000000302','OZRK','sell');
insert into stocks values('ENDP','C000000854');
insert into transaction ("volume","time","price","seller","buyer","stock") values('0','1975-11-7 08:00:00','181.83','admin','admin','ENDP');
insert into orders ("time","price","volume","type","trader","stock","cat") values('2014-11-7 08:00:00','181.83','1120891','limit','C000000854','ENDP','sell');
insert into stocks values('NUVA','C000001825');
insert into transaction ("volume","time","price","seller","buyer","stock") values('0','1975-11-7 08:00:00','155.7','admin','admin','NUVA');
insert into orders ("time","price","volume","type","trader","stock","cat") values('2014-11-7 08:00:00','155.7','1640711','limit','C000001825','NUVA','sell');
insert into stocks values('ROST','C000002197');
insert into transaction ("volume","time","price","seller","buyer","stock") values('0','1975-11-7 08:00:00','243.51','admin','admin','ROST');
insert into orders ("time","price","volume","type","trader","stock","cat") values('2014-11-7 08:00:00','243.51','1801996','limit','C000002197','ROST','sell');
insert into stocks values('POWI','C000002017');
insert into transaction ("volume","time","price","seller","buyer","stock") values('0','1975-11-7 08:00:00','222.36','admin','admin','POWI');
insert into orders ("time","price","volume","type","trader","stock","cat") values('2014-11-7 08:00:00','222.36','1771600','limit','C000002017','POWI','sell');
insert into stocks values('BANR','C000000305');
insert into transaction ("volume","time","price","seller","buyer","stock") values('0','1975-11-7 08:00:00','213.41','admin','admin','BANR');
insert into orders ("time","price","volume","type","trader","stock","cat") values('2014-11-7 08:00:00','213.41','1422488','limit','C000000305','BANR','sell');
insert into stocks values('PRAA','C000002041');
insert into transaction ("volume","time","price","seller","buyer","stock") values('0','1975-11-7 08:00:00','495.92','admin','admin','PRAA');
insert into orders ("time","price","volume","type","trader","stock","cat") values('2014-11-7 08:00:00','495.92','1723458','limit','C000002041','PRAA','sell');
insert into stocks values('SINA','C000002299');
insert into transaction ("volume","time","price","seller","buyer","stock") values('0','1975-11-7 08:00:00','265.92','admin','admin','SINA');
insert into orders ("time","price","volume","type","trader","stock","cat") values('2014-11-7 08:00:00','265.92','1405564','limit','C000002299','SINA','sell');
insert into stocks values('QCOM','C000002099');
insert into transaction ("volume","time","price","seller","buyer","stock") values('0','1975-11-7 08:00:00','209.94','admin','admin','QCOM');
insert into orders ("time","price","volume","type","trader","stock","cat") values('2014-11-7 08:00:00','209.94','1144627','limit','C000002099','QCOM','sell');
insert into stocks values('SLGN','C000002289');
insert into transaction ("volume","time","price","seller","buyer","stock") values('0','1975-11-7 08:00:00','119.19','admin','admin','SLGN');
insert into orders ("time","price","volume","type","trader","stock","cat") values('2014-11-7 08:00:00','119.19','1580664','limit','C000002289','SLGN','sell');
insert into stocks values('EXPO','C000000909');
insert into transaction ("volume","time","price","seller","buyer","stock") values('0','1975-11-7 08:00:00','60.1','admin','admin','EXPO');
insert into orders ("time","price","volume","type","trader","stock","cat") values('2014-11-7 08:00:00','60.1','1089484','limit','C000000909','EXPO','sell');
insert into stocks values('APOG','C000000187');
insert into transaction ("volume","time","price","seller","buyer","stock") values('0','1975-11-7 08:00:00','285.15','admin','admin','APOG');
insert into orders ("time","price","volume","type","trader","stock","cat") values('2014-11-7 08:00:00','285.15','1854523','limit','C000000187','APOG','sell');
insert into stocks values('ERW','C000001437');
insert into transaction ("volume","time","price","seller","buyer","stock") values('0','1975-11-7 08:00:00','103.85','admin','admin','ERW');
insert into orders ("time","price","volume","type","trader","stock","cat") values('2014-11-7 08:00:00','103.85','1391065','limit','C000001437','ERW','sell');
insert into stocks values('GLPG','C000001097');
insert into transaction ("volume","time","price","seller","buyer","stock") values('0','1975-11-7 08:00:00','138.37','admin','admin','GLPG');
insert into orders ("time","price","volume","type","trader","stock","cat") values('2014-11-7 08:00:00','138.37','1410486','limit','C000001097','GLPG','sell');
insert into stocks values('SNPS','C000002442');
insert into transaction ("volume","time","price","seller","buyer","stock") values('0','1975-11-7 08:00:00','383.69','admin','admin','SNPS');
insert into orders ("time","price","volume","type","trader","stock","cat") values('2014-11-7 08:00:00','383.69','1234826','limit','C000002442','SNPS','sell');
insert into stocks values('NHTC','C000001752');
insert into transaction ("volume","time","price","seller","buyer","stock") values('0','1975-11-7 08:00:00','83.59','admin','admin','NHTC');
insert into orders ("time","price","volume","type","trader","stock","cat") values('2014-11-7 08:00:00','83.59','1681236','limit','C000001752','NHTC','sell');
insert into stocks values('BBSI','C000000309');
insert into transaction ("volume","time","price","seller","buyer","stock") values('0','1975-11-7 08:00:00','80.61','admin','admin','BBSI');
insert into orders ("time","price","volume","type","trader","stock","cat") values('2014-11-7 08:00:00','80.61','1501276','limit','C000000309','BBSI','sell');
insert into stocks values('SKOR','C000001048');
insert into transaction ("volume","time","price","seller","buyer","stock") values('0','1975-11-7 08:00:00','442.32','admin','admin','SKOR');
insert into orders ("time","price","volume","type","trader","stock","cat") values('2014-11-7 08:00:00','442.32','1011748','limit','C000001048','SKOR','sell');
insert into stocks values('UEIC','C000002631');
insert into transaction ("volume","time","price","seller","buyer","stock") values('0','1975-11-7 08:00:00','77.67','admin','admin','UEIC');
insert into orders ("time","price","volume","type","trader","stock","cat") values('2014-11-7 08:00:00','77.67','1545962','limit','C000002631','UEIC','sell');
insert into stocks values('GNMA','C000001396');
insert into transaction ("volume","time","price","seller","buyer","stock") values('0','1975-11-7 08:00:00','246.34','admin','admin','GNMA');
insert into orders ("time","price","volume","type","trader","stock","cat") values('2014-11-7 08:00:00','246.34','1605906','limit','C000001396','GNMA','sell');
insert into stocks values('EGBN','C000000804');
insert into transaction ("volume","time","price","seller","buyer","stock") values('0','1975-11-7 08:00:00','264.11','admin','admin','EGBN');
insert into orders ("time","price","volume","type","trader","stock","cat") values('2014-11-7 08:00:00','264.11','1984468','limit','C000000804','EGBN','sell');
insert into stocks values('GSBC','C000001169');
insert into transaction ("volume","time","price","seller","buyer","stock") values('0','1975-11-7 08:00:00','31.53','admin','admin','GSBC');
insert into orders ("time","price","volume","type","trader","stock","cat") values('2014-11-7 08:00:00','31.53','1940257','limit','C000001169','GSBC','sell');
insert into stocks values('LMBS','C000001015');
insert into transaction ("volume","time","price","seller","buyer","stock") values('0','1975-11-7 08:00:00','267.19','admin','admin','LMBS');
insert into orders ("time","price","volume","type","trader","stock","cat") values('2014-11-7 08:00:00','267.19','1274191','limit','C000001015','LMBS','sell');
insert into stocks values('SLAB','C000002292');
insert into transaction ("volume","time","price","seller","buyer","stock") values('0','1975-11-7 08:00:00','490.75','admin','admin','SLAB');
insert into orders ("time","price","volume","type","trader","stock","cat") values('2014-11-7 08:00:00','490.75','1460236','limit','C000002292','SLAB','sell');
insert into stocks values('CDK','C000000492');
insert into transaction ("volume","time","price","seller","buyer","stock") values('0','1975-11-7 08:00:00','404.49','admin','admin','CDK');
insert into orders ("time","price","volume","type","trader","stock","cat") values('2014-11-7 08:00:00','404.49','1085404','limit','C000000492','CDK','sell');
insert into stocks values('USLM','C000002626');
insert into transaction ("volume","time","price","seller","buyer","stock") values('0','1975-11-7 08:00:00','340.13','admin','admin','USLM');
insert into orders ("time","price","volume","type","trader","stock","cat") values('2014-11-7 08:00:00','340.13','1864137','limit','C000002626','USLM','sell');
insert into stocks values('CXSE','C000002795');
insert into transaction ("volume","time","price","seller","buyer","stock") values('0','1975-11-7 08:00:00','94.28','admin','admin','CXSE');
insert into orders ("time","price","volume","type","trader","stock","cat") values('2014-11-7 08:00:00','94.28','1741218','limit','C000002795','CXSE','sell');
insert into stocks values('PTLA','C000002013');
insert into transaction ("volume","time","price","seller","buyer","stock") values('0','1975-11-7 08:00:00','262.36','admin','admin','PTLA');
insert into orders ("time","price","volume","type","trader","stock","cat") values('2014-11-7 08:00:00','262.36','1667849','limit','C000002013','PTLA','sell');
insert into stocks values('LKOR','C000001049');
insert into transaction ("volume","time","price","seller","buyer","stock") values('0','1975-11-7 08:00:00','213.8','admin','admin','LKOR');
insert into orders ("time","price","volume","type","trader","stock","cat") values('2014-11-7 08:00:00','213.8','1389604','limit','C000001049','LKOR','sell');
insert into stocks values('PSCD','C000002031');
insert into transaction ("volume","time","price","seller","buyer","stock") values('0','1975-11-7 08:00:00','438.66','admin','admin','PSCD');
insert into orders ("time","price","volume","type","trader","stock","cat") values('2014-11-7 08:00:00','438.66','1287143','limit','C000002031','PSCD','sell');
insert into stocks values('KCLI','C000001458');
insert into transaction ("volume","time","price","seller","buyer","stock") values('0','1975-11-7 08:00:00','341.2','admin','admin','KCLI');
insert into orders ("time","price","volume","type","trader","stock","cat") values('2014-11-7 08:00:00','341.2','1662515','limit','C000001458','KCLI','sell');
insert into stocks values('WOOD','C000001412');
insert into transaction ("volume","time","price","seller","buyer","stock") values('0','1975-11-7 08:00:00','470.84','admin','admin','WOOD');
insert into orders ("time","price","volume","type","trader","stock","cat") values('2014-11-7 08:00:00','470.84','1825989','limit','C000001412','WOOD','sell');
insert into stocks values('VBND','C000002716');
insert into transaction ("volume","time","price","seller","buyer","stock") values('0','1975-11-7 08:00:00','483.58','admin','admin','VBND');
insert into orders ("time","price","volume","type","trader","stock","cat") values('2014-11-7 08:00:00','483.58','1148455','limit','C000002716','VBND','sell');
insert into stocks values('CHCO','C000000585');
insert into transaction ("volume","time","price","seller","buyer","stock") values('0','1975-11-7 08:00:00','487.85','admin','admin','CHCO');
insert into orders ("time","price","volume","type","trader","stock","cat") values('2014-11-7 08:00:00','487.85','1272145','limit','C000000585','CHCO','sell');
insert into stocks values('CYBR','C000000714');
insert into transaction ("volume","time","price","seller","buyer","stock") values('0','1975-11-7 08:00:00','258.19','admin','admin','CYBR');
insert into orders ("time","price","volume","type","trader","stock","cat") values('2014-11-7 08:00:00','258.19','1458277','limit','C000000714','CYBR','sell');
insert into stocks values('EXPD','C000000908');
insert into transaction ("volume","time","price","seller","buyer","stock") values('0','1975-11-7 08:00:00','278.91','admin','admin','EXPD');
insert into orders ("time","price","volume","type","trader","stock","cat") values('2014-11-7 08:00:00','278.91','1640121','limit','C000000908','EXPD','sell');
insert into stocks values('INDB','C000001320');
insert into transaction ("volume","time","price","seller","buyer","stock") values('0','1975-11-7 08:00:00','479.99','admin','admin','INDB');
insert into orders ("time","price","volume","type","trader","stock","cat") values('2014-11-7 08:00:00','479.99','1584901','limit','C000001320','INDB','sell');
insert into stocks values('HYLS','C000001005');
insert into transaction ("volume","time","price","seller","buyer","stock") values('0','1975-11-7 08:00:00','299.17','admin','admin','HYLS');
insert into orders ("time","price","volume","type","trader","stock","cat") values('2014-11-7 08:00:00','299.17','1832282','limit','C000001005','HYLS','sell');
insert into stocks values('UBND','C000002809');
insert into transaction ("volume","time","price","seller","buyer","stock") values('0','1975-11-7 08:00:00','244.7','admin','admin','UBND');
insert into orders ("time","price","volume","type","trader","stock","cat") values('2014-11-7 08:00:00','244.7','1226733','limit','C000002809','UBND','sell');
insert into stocks values('DORM','C000000785');
insert into transaction ("volume","time","price","seller","buyer","stock") values('0','1975-11-7 08:00:00','190.54','admin','admin','DORM');
insert into orders ("time","price","volume","type","trader","stock","cat") values('2014-11-7 08:00:00','190.54','1970766','limit','C000000785','DORM','sell');
insert into stocks values('VIA','C000002701');
insert into transaction ("volume","time","price","seller","buyer","stock") values('0','1975-11-7 08:00:00','20.5','admin','admin','VIA');
insert into orders ("time","price","volume","type","trader","stock","cat") values('2014-11-7 08:00:00','20.5','1334262','limit','C000002701','VIA','sell');
insert into stocks values('FJP','C000001012');
insert into transaction ("volume","time","price","seller","buyer","stock") values('0','1975-11-7 08:00:00','351.98','admin','admin','FJP');
insert into orders ("time","price","volume","type","trader","stock","cat") values('2014-11-7 08:00:00','351.98','1563727','limit','C000001012','FJP','sell');
insert into stocks values('VTIP','C000002675');
insert into transaction ("volume","time","price","seller","buyer","stock") values('0','1975-11-7 08:00:00','357.69','admin','admin','VTIP');
insert into orders ("time","price","volume","type","trader","stock","cat") values('2014-11-7 08:00:00','357.69','1035647','limit','C000002675','VTIP','sell');
insert into stocks values('FTSL','C000001029');
insert into transaction ("volume","time","price","seller","buyer","stock") values('0','1975-11-7 08:00:00','47.29','admin','admin','FTSL');
insert into orders ("time","price","volume","type","trader","stock","cat") values('2014-11-7 08:00:00','47.29','1327688','limit','C000001029','FTSL','sell');
insert into stocks values('HTWR','C000001227');
insert into transaction ("volume","time","price","seller","buyer","stock") values('0','1975-11-7 08:00:00','43.27','admin','admin','HTWR');
insert into orders ("time","price","volume","type","trader","stock","cat") values('2014-11-7 08:00:00','43.27','1719625','limit','C000001227','HTWR','sell');
insert into stocks values('FDT','C000000990');
insert into transaction ("volume","time","price","seller","buyer","stock") values('0','1975-11-7 08:00:00','127.43','admin','admin','FDT');
insert into orders ("time","price","volume","type","trader","stock","cat") values('2014-11-7 08:00:00','127.43','1734769','limit','C000000990','FDT','sell');
insert into stocks values('EFII','C000000836');
insert into transaction ("volume","time","price","seller","buyer","stock") values('0','1975-11-7 08:00:00','69.4','admin','admin','EFII');
insert into orders ("time","price","volume","type","trader","stock","cat") values('2014-11-7 08:00:00','69.4','1506949','limit','C000000836','EFII','sell');
insert into stocks values('PDCO','C000001942');
insert into transaction ("volume","time","price","seller","buyer","stock") values('0','1975-11-7 08:00:00','386.17','admin','admin','PDCO');
insert into orders ("time","price","volume","type","trader","stock","cat") values('2014-11-7 08:00:00','386.17','1789949','limit','C000001942','PDCO','sell');
insert into stocks values('AGZD','C000002792');
insert into transaction ("volume","time","price","seller","buyer","stock") values('0','1975-11-7 08:00:00','325.52','admin','admin','AGZD');
insert into orders ("time","price","volume","type","trader","stock","cat") values('2014-11-7 08:00:00','325.52','1742155','limit','C000002792','AGZD','sell');
insert into stocks values('JGBB','C000002802');
insert into transaction ("volume","time","price","seller","buyer","stock") values('0','1975-11-7 08:00:00','409.42','admin','admin','JGBB');
insert into orders ("time","price","volume","type","trader","stock","cat") values('2014-11-7 08:00:00','409.42','1509853','limit','C000002802','JGBB','sell');
insert into stocks values('ENSG','C000002501');
insert into transaction ("volume","time","price","seller","buyer","stock") values('0','1975-11-7 08:00:00','215.17','admin','admin','ENSG');
insert into orders ("time","price","volume","type","trader","stock","cat") values('2014-11-7 08:00:00','215.17','1688847','limit','C000002501','ENSG','sell');
insert into stocks values('CAKE','C000002496');
insert into transaction ("volume","time","price","seller","buyer","stock") values('0','1975-11-7 08:00:00','304.37','admin','admin','CAKE');
insert into orders ("time","price","volume","type","trader","stock","cat") values('2014-11-7 08:00:00','304.37','1324305','limit','C000002496','CAKE','sell');
insert into stocks values('FDIV','C000001032');
insert into transaction ("volume","time","price","seller","buyer","stock") values('0','1975-11-7 08:00:00','65.96','admin','admin','FDIV');
insert into orders ("time","price","volume","type","trader","stock","cat") values('2014-11-7 08:00:00','65.96','1037757','limit','C000001032','FDIV','sell');
insert into stocks values('UNFI','C000002622');
insert into transaction ("volume","time","price","seller","buyer","stock") values('0','1975-11-7 08:00:00','412.45','admin','admin','UNFI');
insert into orders ("time","price","volume","type","trader","stock","cat") values('2014-11-7 08:00:00','412.45','1896037','limit','C000002622','UNFI','sell');
insert into stocks values('VRNT','C000002691');
insert into transaction ("volume","time","price","seller","buyer","stock") values('0','1975-11-7 08:00:00','311.76','admin','admin','VRNT');
insert into orders ("time","price","volume","type","trader","stock","cat") values('2014-11-7 08:00:00','311.76','1217851','limit','C000002691','VRNT','sell');
insert into stocks values('HAIN','C000002510');
insert into transaction ("volume","time","price","seller","buyer","stock") values('0','1975-11-7 08:00:00','441.43','admin','admin','HAIN');
insert into orders ("time","price","volume","type","trader","stock","cat") values('2014-11-7 08:00:00','441.43','1966717','limit','C000002510','HAIN','sell');
insert into stocks values('MCHP','C000001669');
insert into transaction ("volume","time","price","seller","buyer","stock") values('0','1975-11-7 08:00:00','76.3','admin','admin','MCHP');
insert into orders ("time","price","volume","type","trader","stock","cat") values('2014-11-7 08:00:00','76.3','1100751','limit','C000001669','MCHP','sell');
insert into stocks values('GBT','C000001134');
insert into transaction ("volume","time","price","seller","buyer","stock") values('0','1975-11-7 08:00:00','133.83','admin','admin','GBT');
insert into orders ("time","price","volume","type","trader","stock","cat") values('2014-11-7 08:00:00','133.83','1006941','limit','C000001134','GBT','sell');
insert into stocks values('ARMH','C000000222');
insert into transaction ("volume","time","price","seller","buyer","stock") values('0','1975-11-7 08:00:00','470.67','admin','admin','ARMH');
insert into orders ("time","price","volume","type","trader","stock","cat") values('2014-11-7 08:00:00','470.67','1800630','limit','C000000222','ARMH','sell');
insert into stocks values('BABY','C000001754');
insert into transaction ("volume","time","price","seller","buyer","stock") values('0','1975-11-7 08:00:00','278.81','admin','admin','BABY');
insert into orders ("time","price","volume","type","trader","stock","cat") values('2014-11-7 08:00:00','278.81','1127876','limit','C000001754','BABY','sell');
insert into stocks values('THRM','C000001115');
insert into transaction ("volume","time","price","seller","buyer","stock") values('0','1975-11-7 08:00:00','335.75','admin','admin','THRM');
insert into orders ("time","price","volume","type","trader","stock","cat") values('2014-11-7 08:00:00','335.75','1578524','limit','C000001115','THRM','sell');
insert into stocks values('SYNT','C000002444');
insert into transaction ("volume","time","price","seller","buyer","stock") values('0','1975-11-7 08:00:00','349.54','admin','admin','SYNT');
insert into orders ("time","price","volume","type","trader","stock","cat") values('2014-11-7 08:00:00','349.54','1088791','limit','C000002444','SYNT','sell');
insert into stocks values('MFRM','C000001620');
insert into transaction ("volume","time","price","seller","buyer","stock") values('0','1975-11-7 08:00:00','67.16','admin','admin','MFRM');
insert into orders ("time","price","volume","type","trader","stock","cat") values('2014-11-7 08:00:00','67.16','1465178','limit','C000001620','MFRM','sell');
insert into stocks values('LHCG','C000001523');
insert into transaction ("volume","time","price","seller","buyer","stock") values('0','1975-11-7 08:00:00','202.41','admin','admin','LHCG');
insert into orders ("time","price","volume","type","trader","stock","cat") values('2014-11-7 08:00:00','202.41','1981569','limit','C000001523','LHCG','sell');
insert into stocks values('CIGI','C000000617');
insert into transaction ("volume","time","price","seller","buyer","stock") values('0','1975-11-7 08:00:00','24.09','admin','admin','CIGI');
insert into orders ("time","price","volume","type","trader","stock","cat") values('2014-11-7 08:00:00','24.09','1912215','limit','C000000617','CIGI','sell');
insert into stocks values('SHEN','C000002271');
insert into transaction ("volume","time","price","seller","buyer","stock") values('0','1975-11-7 08:00:00','455.31','admin','admin','SHEN');
insert into orders ("time","price","volume","type","trader","stock","cat") values('2014-11-7 08:00:00','455.31','1409340','limit','C000002271','SHEN','sell');
insert into stocks values('VXUS','C000002677');
insert into transaction ("volume","time","price","seller","buyer","stock") values('0','1975-11-7 08:00:00','143.86','admin','admin','VXUS');
insert into orders ("time","price","volume","type","trader","stock","cat") values('2014-11-7 08:00:00','143.86','1439170','limit','C000002677','VXUS','sell');
insert into stocks values('OTEX','C000001875');
insert into transaction ("volume","time","price","seller","buyer","stock") values('0','1975-11-7 08:00:00','296.36','admin','admin','OTEX');
insert into orders ("time","price","volume","type","trader","stock","cat") values('2014-11-7 08:00:00','296.36','1279819','limit','C000001875','OTEX','sell');
insert into stocks values('WWD','C000002814');
insert into transaction ("volume","time","price","seller","buyer","stock") values('0','1975-11-7 08:00:00','49.88','admin','admin','WWD');
insert into orders ("time","price","volume","type","trader","stock","cat") values('2014-11-7 08:00:00','49.88','1921038','limit','C000002814','WWD','sell');
insert into stocks values('WABC','C000002769');
insert into transaction ("volume","time","price","seller","buyer","stock") values('0','1975-11-7 08:00:00','400.62','admin','admin','WABC');
insert into orders ("time","price","volume","type","trader","stock","cat") values('2014-11-7 08:00:00','400.62','1293441','limit','C000002769','WABC','sell');
insert into stocks values('SLMBP','C000002315');
insert into transaction ("volume","time","price","seller","buyer","stock") values('0','1975-11-7 08:00:00','107.45','admin','admin','SLMBP');
insert into orders ("time","price","volume","type","trader","stock","cat") values('2014-11-7 08:00:00','107.45','1167393','limit','C000002315','SLMBP','sell');
insert into stocks values('XLNX','C000002832');
insert into transaction ("volume","time","price","seller","buyer","stock") values('0','1975-11-7 08:00:00','497.32','admin','admin','XLNX');
insert into orders ("time","price","volume","type","trader","stock","cat") values('2014-11-7 08:00:00','497.32','1369971','limit','C000002832','XLNX','sell');
insert into stocks values('BEAV','C000000291');
insert into transaction ("volume","time","price","seller","buyer","stock") values('0','1975-11-7 08:00:00','126.22','admin','admin','BEAV');
insert into orders ("time","price","volume","type","trader","stock","cat") values('2014-11-7 08:00:00','126.22','1096205','limit','C000000291','BEAV','sell');
insert into stocks values('CBSH','C000000625');
insert into transaction ("volume","time","price","seller","buyer","stock") values('0','1975-11-7 08:00:00','131.64','admin','admin','CBSH');
insert into orders ("time","price","volume","type","trader","stock","cat") values('2014-11-7 08:00:00','131.64','1100950','limit','C000000625','CBSH','sell');
insert into stocks values('MLNX','C000001643');
insert into transaction ("volume","time","price","seller","buyer","stock") values('0','1975-11-7 08:00:00','193.58','admin','admin','MLNX');
insert into orders ("time","price","volume","type","trader","stock","cat") values('2014-11-7 08:00:00','193.58','1949230','limit','C000001643','MLNX','sell');
insert into stocks values('LKFN','C000001498');
insert into transaction ("volume","time","price","seller","buyer","stock") values('0','1975-11-7 08:00:00','303.53','admin','admin','LKFN');
insert into orders ("time","price","volume","type","trader","stock","cat") values('2014-11-7 08:00:00','303.53','1646835','limit','C000001498','LKFN','sell');
insert into stocks values('VIAB','C000002701');
insert into transaction ("volume","time","price","seller","buyer","stock") values('0','1975-11-7 08:00:00','138.36','admin','admin','VIAB');
insert into orders ("time","price","volume","type","trader","stock","cat") values('2014-11-7 08:00:00','138.36','1124704','limit','C000002701','VIAB','sell');
insert into stocks values('INGN','C000001336');
insert into transaction ("volume","time","price","seller","buyer","stock") values('0','1975-11-7 08:00:00','119.24','admin','admin','INGN');
insert into orders ("time","price","volume","type","trader","stock","cat") values('2014-11-7 08:00:00','119.24','1098470','limit','C000001336','INGN','sell');
insert into stocks values('PACW','C000001920');
insert into transaction ("volume","time","price","seller","buyer","stock") values('0','1975-11-7 08:00:00','70.01','admin','admin','PACW');
insert into orders ("time","price","volume","type","trader","stock","cat") values('2014-11-7 08:00:00','70.01','1826564','limit','C000001920','PACW','sell');
insert into stocks values('PSCI','C000002036');
insert into transaction ("volume","time","price","seller","buyer","stock") values('0','1975-11-7 08:00:00','388.82','admin','admin','PSCI');
insert into orders ("time","price","volume","type","trader","stock","cat") values('2014-11-7 08:00:00','388.82','1404147','limit','C000002036','PSCI','sell');
insert into stocks values('CDW','C000000493');
insert into transaction ("volume","time","price","seller","buyer","stock") values('0','1975-11-7 08:00:00','96.6','admin','admin','CDW');
insert into orders ("time","price","volume","type","trader","stock","cat") values('2014-11-7 08:00:00','96.6','1537885','limit','C000000493','CDW','sell');
insert into stocks values('LBTYB','C000001525');
insert into transaction ("volume","time","price","seller","buyer","stock") values('0','1975-11-7 08:00:00','38.41','admin','admin','LBTYB');
insert into orders ("time","price","volume","type","trader","stock","cat") values('2014-11-7 08:00:00','38.41','1241483','limit','C000001525','LBTYB','sell');
insert into stocks values('IEUS','C000001405');
insert into transaction ("volume","time","price","seller","buyer","stock") values('0','1975-11-7 08:00:00','26.63','admin','admin','IEUS');
insert into orders ("time","price","volume","type","trader","stock","cat") values('2014-11-7 08:00:00','26.63','1496450','limit','C000001405','IEUS','sell');
insert into stocks values('SATS','C000000817');
insert into transaction ("volume","time","price","seller","buyer","stock") values('0','1975-11-7 08:00:00','496.65','admin','admin','SATS');
insert into orders ("time","price","volume","type","trader","stock","cat") values('2014-11-7 08:00:00','496.65','1893610','limit','C000000817','SATS','sell');
insert into stocks values('MDLZ','C000001705');
insert into transaction ("volume","time","price","seller","buyer","stock") values('0','1975-11-7 08:00:00','342.64','admin','admin','MDLZ');
insert into orders ("time","price","volume","type","trader","stock","cat") values('2014-11-7 08:00:00','342.64','1436677','limit','C000001705','MDLZ','sell');
insert into stocks values('FWRD','C000001066');
insert into transaction ("volume","time","price","seller","buyer","stock") values('0','1975-11-7 08:00:00','22.88','admin','admin','FWRD');
insert into orders ("time","price","volume","type","trader","stock","cat") values('2014-11-7 08:00:00','22.88','1358451','limit','C000001066','FWRD','sell');
insert into stocks values('PLPC','C000002045');
insert into transaction ("volume","time","price","seller","buyer","stock") values('0','1975-11-7 08:00:00','166.39','admin','admin','PLPC');
insert into orders ("time","price","volume","type","trader","stock","cat") values('2014-11-7 08:00:00','166.39','1741041','limit','C000002045','PLPC','sell');
insert into stocks values('LBTYA','C000001525');
insert into transaction ("volume","time","price","seller","buyer","stock") values('0','1975-11-7 08:00:00','235.22','admin','admin','LBTYA');
insert into orders ("time","price","volume","type","trader","stock","cat") values('2014-11-7 08:00:00','235.22','1818941','limit','C000001525','LBTYA','sell');
insert into stocks values('AAL','C000000140');
insert into transaction ("volume","time","price","seller","buyer","stock") values('0','1975-11-7 08:00:00','354.64','admin','admin','AAL');
insert into orders ("time","price","volume","type","trader","stock","cat") values('2014-11-7 08:00:00','354.64','1768773','limit','C000000140','AAL','sell');
insert into stocks values('TSRO','C000002478');
insert into transaction ("volume","time","price","seller","buyer","stock") values('0','1975-11-7 08:00:00','67.67','admin','admin','TSRO');
insert into orders ("time","price","volume","type","trader","stock","cat") values('2014-11-7 08:00:00','67.67','1120603','limit','C000002478','TSRO','sell');
insert into stocks values('WRLD','C000002815');
insert into transaction ("volume","time","price","seller","buyer","stock") values('0','1975-11-7 08:00:00','476.56','admin','admin','WRLD');
insert into orders ("time","price","volume","type","trader","stock","cat") values('2014-11-7 08:00:00','476.56','1728857','limit','C000002815','WRLD','sell');
insert into stocks values('CPLA','C000000446');
insert into transaction ("volume","time","price","seller","buyer","stock") values('0','1975-11-7 08:00:00','471.68','admin','admin','CPLA');
insert into orders ("time","price","volume","type","trader","stock","cat") values('2014-11-7 08:00:00','471.68','1781993','limit','C000000446','CPLA','sell');
insert into stocks values('SCOR','C000000640');
insert into transaction ("volume","time","price","seller","buyer","stock") values('0','1975-11-7 08:00:00','12.02','admin','admin','SCOR');
insert into orders ("time","price","volume","type","trader","stock","cat") values('2014-11-7 08:00:00','12.02','1258168','limit','C000000640','SCOR','sell');
insert into stocks values('WBMD','C000002760');
insert into transaction ("volume","time","price","seller","buyer","stock") values('0','1975-11-7 08:00:00','138.49','admin','admin','WBMD');
insert into orders ("time","price","volume","type","trader","stock","cat") values('2014-11-7 08:00:00','138.49','1437931','limit','C000002760','WBMD','sell');
insert into stocks values('SFLY','C000002277');
insert into transaction ("volume","time","price","seller","buyer","stock") values('0','1975-11-7 08:00:00','61.47','admin','admin','SFLY');
insert into orders ("time","price","volume","type","trader","stock","cat") values('2014-11-7 08:00:00','61.47','1855609','limit','C000002277','SFLY','sell');
insert into stocks values('QRVO','C000002098');
insert into transaction ("volume","time","price","seller","buyer","stock") values('0','1975-11-7 08:00:00','139.81','admin','admin','QRVO');
insert into orders ("time","price","volume","type","trader","stock","cat") values('2014-11-7 08:00:00','139.81','1913151','limit','C000002098','QRVO','sell');
insert into stocks values('MDSO','C000001634');
insert into transaction ("volume","time","price","seller","buyer","stock") values('0','1975-11-7 08:00:00','228.88','admin','admin','MDSO');
insert into orders ("time","price","volume","type","trader","stock","cat") values('2014-11-7 08:00:00','228.88','1069451','limit','C000001634','MDSO','sell');
insert into stocks values('EXLS','C000000906');
insert into transaction ("volume","time","price","seller","buyer","stock") values('0','1975-11-7 08:00:00','274.91','admin','admin','EXLS');
insert into orders ("time","price","volume","type","trader","stock","cat") values('2014-11-7 08:00:00','274.91','1911449','limit','C000000906','EXLS','sell');
insert into stocks values('NLNK','C000001783');
insert into transaction ("volume","time","price","seller","buyer","stock") values('0','1975-11-7 08:00:00','112.01','admin','admin','NLNK');
insert into orders ("time","price","volume","type","trader","stock","cat") values('2014-11-7 08:00:00','112.01','1885752','limit','C000001783','NLNK','sell');
insert into stocks values('CYAD','C000000503');
insert into transaction ("volume","time","price","seller","buyer","stock") values('0','1975-11-7 08:00:00','387.19','admin','admin','CYAD');
insert into orders ("time","price","volume","type","trader","stock","cat") values('2014-11-7 08:00:00','387.19','1150878','limit','C000000503','CYAD','sell');
insert into stocks values('CNBKA','C000000513');
insert into transaction ("volume","time","price","seller","buyer","stock") values('0','1975-11-7 08:00:00','43.35','admin','admin','CNBKA');
insert into orders ("time","price","volume","type","trader","stock","cat") values('2014-11-7 08:00:00','43.35','1378285','limit','C000000513','CNBKA','sell');
insert into stocks values('SFBS','C000002264');
insert into transaction ("volume","time","price","seller","buyer","stock") values('0','1975-11-7 08:00:00','237.91','admin','admin','SFBS');
insert into orders ("time","price","volume","type","trader","stock","cat") values('2014-11-7 08:00:00','237.91','1161583','limit','C000002264','SFBS','sell');
insert into stocks values('MYL','C000001724');
insert into transaction ("volume","time","price","seller","buyer","stock") values('0','1975-11-7 08:00:00','115.59','admin','admin','MYL');
insert into orders ("time","price","volume","type","trader","stock","cat") values('2014-11-7 08:00:00','115.59','1395853','limit','C000001724','MYL','sell');
insert into stocks values('LORL','C000001564');
insert into transaction ("volume","time","price","seller","buyer","stock") values('0','1975-11-7 08:00:00','163.61','admin','admin','LORL');
insert into orders ("time","price","volume","type","trader","stock","cat") values('2014-11-7 08:00:00','163.61','1721566','limit','C000001564','LORL','sell');
insert into stocks values('HAWK','C000000360');
insert into transaction ("volume","time","price","seller","buyer","stock") values('0','1975-11-7 08:00:00','17.02','admin','admin','HAWK');
insert into orders ("time","price","volume","type","trader","stock","cat") values('2014-11-7 08:00:00','17.02','1344485','limit','C000000360','HAWK','sell');
insert into stocks values('PWOD','C000001962');
insert into transaction ("volume","time","price","seller","buyer","stock") values('0','1975-11-7 08:00:00','91.08','admin','admin','PWOD');
insert into orders ("time","price","volume","type","trader","stock","cat") values('2014-11-7 08:00:00','91.08','1817252','limit','C000001962','PWOD','sell');
insert into stocks values('MYGN','C000001728');
insert into transaction ("volume","time","price","seller","buyer","stock") values('0','1975-11-7 08:00:00','105.09','admin','admin','MYGN');
insert into orders ("time","price","volume","type","trader","stock","cat") values('2014-11-7 08:00:00','105.09','1869142','limit','C000001728','MYGN','sell');
insert into stocks values('LLTC','C000001544');
insert into transaction ("volume","time","price","seller","buyer","stock") values('0','1975-11-7 08:00:00','141.32','admin','admin','LLTC');
insert into orders ("time","price","volume","type","trader","stock","cat") values('2014-11-7 08:00:00','141.32','1532134','limit','C000001544','LLTC','sell');
insert into stocks values('AGND','C000002791');
insert into transaction ("volume","time","price","seller","buyer","stock") values('0','1975-11-7 08:00:00','153.82','admin','admin','AGND');
insert into orders ("time","price","volume","type","trader","stock","cat") values('2014-11-7 08:00:00','153.82','1543240','limit','C000002791','AGND','sell');
insert into stocks values('ABCO','C000002491');
insert into transaction ("volume","time","price","seller","buyer","stock") values('0','1975-11-7 08:00:00','293.16','admin','admin','ABCO');
insert into orders ("time","price","volume","type","trader","stock","cat") values('2014-11-7 08:00:00','293.16','1201079','limit','C000002491','ABCO','sell');
insert into stocks values('HOMB','C000001255');
insert into transaction ("volume","time","price","seller","buyer","stock") values('0','1975-11-7 08:00:00','117.62','admin','admin','HOMB');
insert into orders ("time","price","volume","type","trader","stock","cat") values('2014-11-7 08:00:00','117.62','1636437','limit','C000001255','HOMB','sell');
insert into stocks values('QQEW','C000001024');
insert into transaction ("volume","time","price","seller","buyer","stock") values('0','1975-11-7 08:00:00','148.28','admin','admin','QQEW');
insert into orders ("time","price","volume","type","trader","stock","cat") values('2014-11-7 08:00:00','148.28','1578191','limit','C000001024','QQEW','sell');
insert into stocks values('LBTYK','C000001525');
insert into transaction ("volume","time","price","seller","buyer","stock") values('0','1975-11-7 08:00:00','264.28','admin','admin','LBTYK');
insert into orders ("time","price","volume","type","trader","stock","cat") values('2014-11-7 08:00:00','264.28','1374190','limit','C000001525','LBTYK','sell');
insert into stocks values('BJRI','C000000355');
insert into transaction ("volume","time","price","seller","buyer","stock") values('0','1975-11-7 08:00:00','211.49','admin','admin','BJRI');
insert into orders ("time","price","volume","type","trader","stock","cat") values('2014-11-7 08:00:00','211.49','1910480','limit','C000000355','BJRI','sell');
insert into stocks values('FLXS','C000001052');
insert into transaction ("volume","time","price","seller","buyer","stock") values('0','1975-11-7 08:00:00','30.14','admin','admin','FLXS');
insert into orders ("time","price","volume","type","trader","stock","cat") values('2014-11-7 08:00:00','30.14','1778372','limit','C000001052','FLXS','sell');
insert into stocks values('LPLA','C000001567');
insert into transaction ("volume","time","price","seller","buyer","stock") values('0','1975-11-7 08:00:00','435.31','admin','admin','LPLA');
insert into orders ("time","price","volume","type","trader","stock","cat") values('2014-11-7 08:00:00','435.31','1782496','limit','C000001567','LPLA','sell');
insert into stocks values('AMED','C000000135');
insert into transaction ("volume","time","price","seller","buyer","stock") values('0','1975-11-7 08:00:00','25.21','admin','admin','AMED');
insert into orders ("time","price","volume","type","trader","stock","cat") values('2014-11-7 08:00:00','25.21','1570797','limit','C000000135','AMED','sell');
insert into stocks values('ZIV','C000000730');
insert into transaction ("volume","time","price","seller","buyer","stock") values('0','1975-11-7 08:00:00','133.6','admin','admin','ZIV');
insert into orders ("time","price","volume","type","trader","stock","cat") values('2014-11-7 08:00:00','133.6','1907834','limit','C000000730','ZIV','sell');
insert into stocks values('WIRE','C000000853');
insert into transaction ("volume","time","price","seller","buyer","stock") values('0','1975-11-7 08:00:00','90.93','admin','admin','WIRE');
insert into orders ("time","price","volume","type","trader","stock","cat") values('2014-11-7 08:00:00','90.93','1620285','limit','C000000853','WIRE','sell');
insert into stocks values('NTGR','C000001773');
insert into transaction ("volume","time","price","seller","buyer","stock") values('0','1975-11-7 08:00:00','257.15','admin','admin','NTGR');
insert into orders ("time","price","volume","type","trader","stock","cat") values('2014-11-7 08:00:00','257.15','1187736','limit','C000001773','NTGR','sell');
insert into stocks values('INCR','C000001317');
insert into transaction ("volume","time","price","seller","buyer","stock") values('0','1975-11-7 08:00:00','35.47','admin','admin','INCR');
insert into orders ("time","price","volume","type","trader","stock","cat") values('2014-11-7 08:00:00','35.47','1331799','limit','C000001317','INCR','sell');
insert into stocks values('QTEC','C000001026');
insert into transaction ("volume","time","price","seller","buyer","stock") values('0','1975-11-7 08:00:00','122.67','admin','admin','QTEC');
insert into orders ("time","price","volume","type","trader","stock","cat") values('2014-11-7 08:00:00','122.67','1874296','limit','C000001026','QTEC','sell');
insert into stocks values('PVTB','C000002057');
insert into transaction ("volume","time","price","seller","buyer","stock") values('0','1975-11-7 08:00:00','77.89','admin','admin','PVTB');
insert into orders ("time","price","volume","type","trader","stock","cat") values('2014-11-7 08:00:00','77.89','1129190','limit','C000002057','PVTB','sell');
insert into stocks values('SGEN','C000002248');
insert into transaction ("volume","time","price","seller","buyer","stock") values('0','1975-11-7 08:00:00','46.43','admin','admin','SGEN');
insert into orders ("time","price","volume","type","trader","stock","cat") values('2014-11-7 08:00:00','46.43','1548022','limit','C000002248','SGEN','sell');
insert into stocks values('MDVN','C000001636');
insert into transaction ("volume","time","price","seller","buyer","stock") values('0','1975-11-7 08:00:00','238.3','admin','admin','MDVN');
insert into orders ("time","price","volume","type","trader","stock","cat") values('2014-11-7 08:00:00','238.3','1826202','limit','C000001636','MDVN','sell');
insert into stocks values('PSCF','C000002034');
insert into transaction ("volume","time","price","seller","buyer","stock") values('0','1975-11-7 08:00:00','112.32','admin','admin','PSCF');
insert into orders ("time","price","volume","type","trader","stock","cat") values('2014-11-7 08:00:00','112.32','1000047','limit','C000002034','PSCF','sell');
insert into stocks values('CASH','C000001660');
insert into transaction ("volume","time","price","seller","buyer","stock") values('0','1975-11-7 08:00:00','167.13','admin','admin','CASH');
insert into orders ("time","price","volume","type","trader","stock","cat") values('2014-11-7 08:00:00','167.13','1259174','limit','C000001660','CASH','sell');
insert into stocks values('SLMAP','C000002315');
insert into transaction ("volume","time","price","seller","buyer","stock") values('0','1975-11-7 08:00:00','331.77','admin','admin','SLMAP');
insert into orders ("time","price","volume","type","trader","stock","cat") values('2014-11-7 08:00:00','331.77','1478749','limit','C000002315','SLMAP','sell');
insert into stocks values('AFAM','C000000116');
insert into transaction ("volume","time","price","seller","buyer","stock") values('0','1975-11-7 08:00:00','351.55','admin','admin','AFAM');
insert into orders ("time","price","volume","type","trader","stock","cat") values('2014-11-7 08:00:00','351.55','1697046','limit','C000000116','AFAM','sell');
insert into stocks values('CAR','C000000282');
insert into transaction ("volume","time","price","seller","buyer","stock") values('0','1975-11-7 08:00:00','18.66','admin','admin','CAR');
insert into orders ("time","price","volume","type","trader","stock","cat") values('2014-11-7 08:00:00','18.66','1433886','limit','C000000282','CAR','sell');
insert into stocks values('CCMP','C000000415');
insert into transaction ("volume","time","price","seller","buyer","stock") values('0','1975-11-7 08:00:00','481.92','admin','admin','CCMP');
insert into orders ("time","price","volume","type","trader","stock","cat") values('2014-11-7 08:00:00','481.92','1901670','limit','C000000415','CCMP','sell');
insert into stocks values('CAC','C000000440');
insert into transaction ("volume","time","price","seller","buyer","stock") values('0','1975-11-7 08:00:00','414.12','admin','admin','CAC');
insert into orders ("time","price","volume","type","trader","stock","cat") values('2014-11-7 08:00:00','414.12','1397828','limit','C000000440','CAC','sell');
insert into stocks values('BOBE','C000000378');
insert into transaction ("volume","time","price","seller","buyer","stock") values('0','1975-11-7 08:00:00','49.27','admin','admin','BOBE');
insert into orders ("time","price","volume","type","trader","stock","cat") values('2014-11-7 08:00:00','49.27','1096976','limit','C000000378','BOBE','sell');
insert into stocks values('LVNTA','C000001526');
insert into transaction ("volume","time","price","seller","buyer","stock") values('0','1975-11-7 08:00:00','248.4','admin','admin','LVNTA');
insert into orders ("time","price","volume","type","trader","stock","cat") values('2014-11-7 08:00:00','248.4','1855797','limit','C000001526','LVNTA','sell');
insert into stocks values('OFLX','C000001861');
insert into transaction ("volume","time","price","seller","buyer","stock") values('0','1975-11-7 08:00:00','374.52','admin','admin','OFLX');
insert into orders ("time","price","volume","type","trader","stock","cat") values('2014-11-7 08:00:00','374.52','1940002','limit','C000001861','OFLX','sell');
insert into stocks values('AZPN','C000000240');
insert into transaction ("volume","time","price","seller","buyer","stock") values('0','1975-11-7 08:00:00','86.66','admin','admin','AZPN');
insert into orders ("time","price","volume","type","trader","stock","cat") values('2014-11-7 08:00:00','86.66','1103776','limit','C000000240','AZPN','sell');
insert into stocks values('ALCO','C000000101');
insert into transaction ("volume","time","price","seller","buyer","stock") values('0','1975-11-7 08:00:00','40.83','admin','admin','ALCO');
insert into orders ("time","price","volume","type","trader","stock","cat") values('2014-11-7 08:00:00','40.83','1765942','limit','C000000101','ALCO','sell');
insert into stocks values('OMAB','C000001179');
insert into transaction ("volume","time","price","seller","buyer","stock") values('0','1975-11-7 08:00:00','381.68','admin','admin','OMAB');
insert into orders ("time","price","volume","type","trader","stock","cat") values('2014-11-7 08:00:00','381.68','1614110','limit','C000001179','OMAB','sell');
insert into stocks values('ABCW','C000000176');
insert into transaction ("volume","time","price","seller","buyer","stock") values('0','1975-11-7 08:00:00','347.55','admin','admin','ABCW');
insert into orders ("time","price","volume","type","trader","stock","cat") values('2014-11-7 08:00:00','347.55','1235510','limit','C000000176','ABCW','sell');
insert into stocks values('PSCU','C000002039');
insert into transaction ("volume","time","price","seller","buyer","stock") values('0','1975-11-7 08:00:00','396.5','admin','admin','PSCU');
insert into orders ("time","price","volume","type","trader","stock","cat") values('2014-11-7 08:00:00','396.5','1362269','limit','C000002039','PSCU','sell');
insert into stocks values('LVNTB','C000001526');
insert into transaction ("volume","time","price","seller","buyer","stock") values('0','1975-11-7 08:00:00','58.71','admin','admin','LVNTB');
insert into orders ("time","price","volume","type","trader","stock","cat") values('2014-11-7 08:00:00','58.71','1138565','limit','C000001526','LVNTB','sell');
insert into stocks values('IBKR','C000001355');
insert into transaction ("volume","time","price","seller","buyer","stock") values('0','1975-11-7 08:00:00','395.63','admin','admin','IBKR');
insert into orders ("time","price","volume","type","trader","stock","cat") values('2014-11-7 08:00:00','395.63','1441972','limit','C000001355','IBKR','sell');
insert into stocks values('ACWX','C000001399');
insert into transaction ("volume","time","price","seller","buyer","stock") values('0','1975-11-7 08:00:00','278.64','admin','admin','ACWX');
insert into orders ("time","price","volume","type","trader","stock","cat") values('2014-11-7 08:00:00','278.64','1386753','limit','C000001399','ACWX','sell');
insert into stocks values('MGEE','C000001667');
insert into transaction ("volume","time","price","seller","buyer","stock") values('0','1975-11-7 08:00:00','123.48','admin','admin','MGEE');
insert into orders ("time","price","volume","type","trader","stock","cat") values('2014-11-7 08:00:00','123.48','1314205','limit','C000001667','MGEE','sell');
insert into stocks values('QQXT','C000001025');
insert into transaction ("volume","time","price","seller","buyer","stock") values('0','1975-11-7 08:00:00','389.63','admin','admin','QQXT');
insert into orders ("time","price","volume","type","trader","stock","cat") values('2014-11-7 08:00:00','389.63','1156546','limit','C000001025','QQXT','sell');
insert into stocks values('MEOH','C000001662');
insert into transaction ("volume","time","price","seller","buyer","stock") values('0','1975-11-7 08:00:00','223.57','admin','admin','MEOH');
insert into orders ("time","price","volume","type","trader","stock","cat") values('2014-11-7 08:00:00','223.57','1127706','limit','C000001662','MEOH','sell');
insert into stocks values('EWBC','C000000808');
insert into transaction ("volume","time","price","seller","buyer","stock") values('0','1975-11-7 08:00:00','487.92','admin','admin','EWBC');
insert into orders ("time","price","volume","type","trader","stock","cat") values('2014-11-7 08:00:00','487.92','1140893','limit','C000000808','EWBC','sell');
insert into stocks values('FEMB','C000000995');
insert into transaction ("volume","time","price","seller","buyer","stock") values('0','1975-11-7 08:00:00','495.04','admin','admin','FEMB');
insert into orders ("time","price","volume","type","trader","stock","cat") values('2014-11-7 08:00:00','495.04','1984418','limit','C000000995','FEMB','sell');
insert into stocks values('UBSI','C000002614');
insert into transaction ("volume","time","price","seller","buyer","stock") values('0','1975-11-7 08:00:00','258.69','admin','admin','UBSI');
insert into orders ("time","price","volume","type","trader","stock","cat") values('2014-11-7 08:00:00','258.69','1661633','limit','C000002614','UBSI','sell');
insert into stocks values('ACAD','C000000028');
insert into transaction ("volume","time","price","seller","buyer","stock") values('0','1975-11-7 08:00:00','93.82','admin','admin','ACAD');
insert into orders ("time","price","volume","type","trader","stock","cat") values('2014-11-7 08:00:00','93.82','1566517','limit','C000000028','ACAD','sell');
insert into stocks values('FKU','C000001036');
insert into transaction ("volume","time","price","seller","buyer","stock") values('0','1975-11-7 08:00:00','198.69','admin','admin','FKU');
insert into orders ("time","price","volume","type","trader","stock","cat") values('2014-11-7 08:00:00','198.69','1632175','limit','C000001036','FKU','sell');
insert into stocks values('MASI','C000001614');
insert into transaction ("volume","time","price","seller","buyer","stock") values('0','1975-11-7 08:00:00','465.42','admin','admin','MASI');
insert into orders ("time","price","volume","type","trader","stock","cat") values('2014-11-7 08:00:00','465.42','1775619','limit','C000001614','MASI','sell');
insert into stocks values('DNKN','C000000794');
insert into transaction ("volume","time","price","seller","buyer","stock") values('0','1975-11-7 08:00:00','456.97','admin','admin','DNKN');
insert into orders ("time","price","volume","type","trader","stock","cat") values('2014-11-7 08:00:00','456.97','1098530','limit','C000000794','DNKN','sell');
insert into stocks values('PRAH','C000002042');
insert into transaction ("volume","time","price","seller","buyer","stock") values('0','1975-11-7 08:00:00','171.62','admin','admin','PRAH');
insert into orders ("time","price","volume","type","trader","stock","cat") values('2014-11-7 08:00:00','171.62','1203092','limit','C000002042','PRAH','sell');
insert into stocks values('HWKN','C000001216');
insert into transaction ("volume","time","price","seller","buyer","stock") values('0','1975-11-7 08:00:00','370.27','admin','admin','HWKN');
insert into orders ("time","price","volume","type","trader","stock","cat") values('2014-11-7 08:00:00','370.27','1904609','limit','C000001216','HWKN','sell');
insert into stocks values('IBTX','C000001322');
insert into transaction ("volume","time","price","seller","buyer","stock") values('0','1975-11-7 08:00:00','215.04','admin','admin','IBTX');
insert into orders ("time","price","volume","type","trader","stock","cat") values('2014-11-7 08:00:00','215.04','1955393','limit','C000001322','IBTX','sell');
insert into stocks values('CNMD','C000000650');
insert into transaction ("volume","time","price","seller","buyer","stock") values('0','1975-11-7 08:00:00','326.8','admin','admin','CNMD');
insert into orders ("time","price","volume","type","trader","stock","cat") values('2014-11-7 08:00:00','326.8','1080644','limit','C000000650','CNMD','sell');
insert into stocks values('CLLS','C000000500');
insert into transaction ("volume","time","price","seller","buyer","stock") values('0','1975-11-7 08:00:00','327.83','admin','admin','CLLS');
insert into orders ("time","price","volume","type","trader","stock","cat") values('2014-11-7 08:00:00','327.83','1479849','limit','C000000500','CLLS','sell');
insert into stocks values('FAST','C000000926');
insert into transaction ("volume","time","price","seller","buyer","stock") values('0','1975-11-7 08:00:00','457.27','admin','admin','FAST');
insert into orders ("time","price","volume","type","trader","stock","cat") values('2014-11-7 08:00:00','457.27','1564501','limit','C000000926','FAST','sell');
insert into stocks values('SCHL','C000002235');
insert into transaction ("volume","time","price","seller","buyer","stock") values('0','1975-11-7 08:00:00','312.71','admin','admin','SCHL');
insert into orders ("time","price","volume","type","trader","stock","cat") values('2014-11-7 08:00:00','312.71','1582638','limit','C000002235','SCHL','sell');
insert into stocks values('ATRO','C000000245');
insert into transaction ("volume","time","price","seller","buyer","stock") values('0','1975-11-7 08:00:00','178.51','admin','admin','ATRO');
insert into orders ("time","price","volume","type","trader","stock","cat") values('2014-11-7 08:00:00','178.51','1291960','limit','C000000245','ATRO','sell');
insert into stocks values('CVLT','C000000636');
insert into transaction ("volume","time","price","seller","buyer","stock") values('0','1975-11-7 08:00:00','482.93','admin','admin','CVLT');
insert into orders ("time","price","volume","type","trader","stock","cat") values('2014-11-7 08:00:00','482.93','1003134','limit','C000000636','CVLT','sell');
insert into stocks values('ANIP','C000000179');
insert into transaction ("volume","time","price","seller","buyer","stock") values('0','1975-11-7 08:00:00','281.61','admin','admin','ANIP');
insert into orders ("time","price","volume","type","trader","stock","cat") values('2014-11-7 08:00:00','281.61','1278037','limit','C000000179','ANIP','sell');
insert into stocks values('DMND','C000000761');
insert into transaction ("volume","time","price","seller","buyer","stock") values('0','1975-11-7 08:00:00','118.11','admin','admin','DMND');
insert into orders ("time","price","volume","type","trader","stock","cat") values('2014-11-7 08:00:00','118.11','1605426','limit','C000000761','DMND','sell');
insert into stocks values('QABA','C000001017');
insert into transaction ("volume","time","price","seller","buyer","stock") values('0','1975-11-7 08:00:00','260.26','admin','admin','QABA');
insert into orders ("time","price","volume","type","trader","stock","cat") values('2014-11-7 08:00:00','260.26','1229850','limit','C000001017','QABA','sell');
insert into stocks values('LOPE','C000001165');
insert into transaction ("volume","time","price","seller","buyer","stock") values('0','1975-11-7 08:00:00','259.98','admin','admin','LOPE');
insert into orders ("time","price","volume","type","trader","stock","cat") values('2014-11-7 08:00:00','259.98','1299017','limit','C000001165','LOPE','sell');
insert into stocks values('PFIS','C000001967');
insert into transaction ("volume","time","price","seller","buyer","stock") values('0','1975-11-7 08:00:00','70.0','admin','admin','PFIS');
insert into orders ("time","price","volume","type","trader","stock","cat") values('2014-11-7 08:00:00','70.0','1108507','limit','C000001967','PFIS','sell');
insert into stocks values('AIRM','C000000082');
insert into transaction ("volume","time","price","seller","buyer","stock") values('0','1975-11-7 08:00:00','271.92','admin','admin','AIRM');
insert into orders ("time","price","volume","type","trader","stock","cat") values('2014-11-7 08:00:00','271.92','1816786','limit','C000000082','AIRM','sell');
insert into stocks values('CPSI','C000000638');
insert into transaction ("volume","time","price","seller","buyer","stock") values('0','1975-11-7 08:00:00','348.6','admin','admin','CPSI');
insert into orders ("time","price","volume","type","trader","stock","cat") values('2014-11-7 08:00:00','348.6','1257489','limit','C000000638','CPSI','sell');
insert into stocks values('HAYN','C000001218');
insert into transaction ("volume","time","price","seller","buyer","stock") values('0','1975-11-7 08:00:00','59.08','admin','admin','HAYN');
insert into orders ("time","price","volume","type","trader","stock","cat") values('2014-11-7 08:00:00','59.08','1107125','limit','C000001218','HAYN','sell');
insert into stocks values('MXIM','C000001622');
insert into transaction ("volume","time","price","seller","buyer","stock") values('0','1975-11-7 08:00:00','310.15','admin','admin','MXIM');
insert into orders ("time","price","volume","type","trader","stock","cat") values('2014-11-7 08:00:00','310.15','1687718','limit','C000001622','MXIM','sell');
insert into stocks values('LMCA','C000001527');
insert into transaction ("volume","time","price","seller","buyer","stock") values('0','1975-11-7 08:00:00','309.97','admin','admin','LMCA');
insert into orders ("time","price","volume","type","trader","stock","cat") values('2014-11-7 08:00:00','309.97','1319553','limit','C000001527','LMCA','sell');
insert into stocks values('ANIK','C000000180');
insert into transaction ("volume","time","price","seller","buyer","stock") values('0','1975-11-7 08:00:00','203.61','admin','admin','ANIK');
insert into orders ("time","price","volume","type","trader","stock","cat") values('2014-11-7 08:00:00','203.61','1274620','limit','C000000180','ANIK','sell');
insert into stocks values('CSTE','C000000420');
insert into transaction ("volume","time","price","seller","buyer","stock") values('0','1975-11-7 08:00:00','39.18','admin','admin','CSTE');
insert into orders ("time","price","volume","type","trader","stock","cat") values('2014-11-7 08:00:00','39.18','1845406','limit','C000000420','CSTE','sell');
insert into stocks values('KLXI','C000001481');
insert into transaction ("volume","time","price","seller","buyer","stock") values('0','1975-11-7 08:00:00','98.16','admin','admin','KLXI');
insert into orders ("time","price","volume","type","trader","stock","cat") values('2014-11-7 08:00:00','98.16','1151919','limit','C000001481','KLXI','sell');
insert into stocks values('OFIX','C000001893');
insert into transaction ("volume","time","price","seller","buyer","stock") values('0','1975-11-7 08:00:00','188.71','admin','admin','OFIX');
insert into orders ("time","price","volume","type","trader","stock","cat") values('2014-11-7 08:00:00','188.71','1877734','limit','C000001893','OFIX','sell');
insert into stocks values('NATH','C000001737');
insert into transaction ("volume","time","price","seller","buyer","stock") values('0','1975-11-7 08:00:00','229.62','admin','admin','NATH');
insert into orders ("time","price","volume","type","trader","stock","cat") values('2014-11-7 08:00:00','229.62','1948196','limit','C000001737','NATH','sell');
insert into stocks values('RGLD','C000002200');
insert into transaction ("volume","time","price","seller","buyer","stock") values('0','1975-11-7 08:00:00','234.95','admin','admin','RGLD');
insert into orders ("time","price","volume","type","trader","stock","cat") values('2014-11-7 08:00:00','234.95','1946404','limit','C000002200','RGLD','sell');
insert into stocks values('CMRX','C000000542');
insert into transaction ("volume","time","price","seller","buyer","stock") values('0','1975-11-7 08:00:00','110.06','admin','admin','CMRX');
insert into orders ("time","price","volume","type","trader","stock","cat") values('2014-11-7 08:00:00','110.06','1709288','limit','C000000542','CMRX','sell');
insert into stocks values('AWAY','C000001257');
insert into transaction ("volume","time","price","seller","buyer","stock") values('0','1975-11-7 08:00:00','97.04','admin','admin','AWAY');
insert into orders ("time","price","volume","type","trader","stock","cat") values('2014-11-7 08:00:00','97.04','1399161','limit','C000001257','AWAY','sell');
insert into stocks values('WASH','C000002751');
insert into transaction ("volume","time","price","seller","buyer","stock") values('0','1975-11-7 08:00:00','425.36','admin','admin','WASH');
insert into orders ("time","price","volume","type","trader","stock","cat") values('2014-11-7 08:00:00','425.36','1178144','limit','C000002751','WASH','sell');
insert into stocks values('LMCB','C000001527');
insert into transaction ("volume","time","price","seller","buyer","stock") values('0','1975-11-7 08:00:00','89.28','admin','admin','LMCB');
insert into orders ("time","price","volume","type","trader","stock","cat") values('2014-11-7 08:00:00','89.28','1808746','limit','C000001527','LMCB','sell');
insert into stocks values('PATK','C000001938');
insert into transaction ("volume","time","price","seller","buyer","stock") values('0','1975-11-7 08:00:00','472.68','admin','admin','PATK');
insert into orders ("time","price","volume","type","trader","stock","cat") values('2014-11-7 08:00:00','472.68','1661518','limit','C000001938','PATK','sell');
insert into stocks values('HOLX','C000001253');
insert into transaction ("volume","time","price","seller","buyer","stock") values('0','1975-11-7 08:00:00','382.91','admin','admin','HOLX');
insert into orders ("time","price","volume","type","trader","stock","cat") values('2014-11-7 08:00:00','382.91','1303916','limit','C000001253','HOLX','sell');
insert into stocks values('FSZ','C000001033');
insert into transaction ("volume","time","price","seller","buyer","stock") values('0','1975-11-7 08:00:00','256.4','admin','admin','FSZ');
insert into orders ("time","price","volume","type","trader","stock","cat") values('2014-11-7 08:00:00','256.4','1717200','limit','C000001033','FSZ','sell');
insert into stocks values('FNBC','C000000978');
insert into transaction ("volume","time","price","seller","buyer","stock") values('0','1975-11-7 08:00:00','232.61','admin','admin','FNBC');
insert into orders ("time","price","volume","type","trader","stock","cat") values('2014-11-7 08:00:00','232.61','1602684','limit','C000000978','FNBC','sell');
insert into stocks values('IFEU','C000001397');
insert into transaction ("volume","time","price","seller","buyer","stock") values('0','1975-11-7 08:00:00','499.07','admin','admin','IFEU');
insert into orders ("time","price","volume","type","trader","stock","cat") values('2014-11-7 08:00:00','499.07','1794056','limit','C000001397','IFEU','sell');
insert into stocks values('TMUS','C000002542');
insert into transaction ("volume","time","price","seller","buyer","stock") values('0','1975-11-7 08:00:00','92.14','admin','admin','TMUS');
insert into orders ("time","price","volume","type","trader","stock","cat") values('2014-11-7 08:00:00','92.14','1225009','limit','C000002542','TMUS','sell');
insert into stocks values('AAWW','C000000259');
insert into transaction ("volume","time","price","seller","buyer","stock") values('0','1975-11-7 08:00:00','235.9','admin','admin','AAWW');
insert into orders ("time","price","volume","type","trader","stock","cat") values('2014-11-7 08:00:00','235.9','1943548','limit','C000000259','AAWW','sell');
insert into stocks values('FDEF','C000000965');
insert into transaction ("volume","time","price","seller","buyer","stock") values('0','1975-11-7 08:00:00','316.17','admin','admin','FDEF');
insert into orders ("time","price","volume","type","trader","stock","cat") values('2014-11-7 08:00:00','316.17','1509617','limit','C000000965','FDEF','sell');
insert into stocks values('SYBT','C000002394');
insert into transaction ("volume","time","price","seller","buyer","stock") values('0','1975-11-7 08:00:00','346.13','admin','admin','SYBT');
insert into orders ("time","price","volume","type","trader","stock","cat") values('2014-11-7 08:00:00','346.13','1182159','limit','C000002394','SYBT','sell');
insert into stocks values('LMCK','C000001527');
insert into transaction ("volume","time","price","seller","buyer","stock") values('0','1975-11-7 08:00:00','331.65','admin','admin','LMCK');
insert into orders ("time","price","volume","type","trader","stock","cat") values('2014-11-7 08:00:00','331.65','1588709','limit','C000001527','LMCK','sell');
insert into stocks values('PTSI','C000001908');
insert into transaction ("volume","time","price","seller","buyer","stock") values('0','1975-11-7 08:00:00','327.99','admin','admin','PTSI');
insert into orders ("time","price","volume","type","trader","stock","cat") values('2014-11-7 08:00:00','327.99','1823322','limit','C000001908','PTSI','sell');
insert into stocks values('ASEI','C000000153');
insert into transaction ("volume","time","price","seller","buyer","stock") values('0','1975-11-7 08:00:00','221.04','admin','admin','ASEI');
insert into orders ("time","price","volume","type","trader","stock","cat") values('2014-11-7 08:00:00','221.04','1966539','limit','C000000153','ASEI','sell');
insert into stocks values('HUBG','C000001276');
insert into transaction ("volume","time","price","seller","buyer","stock") values('0','1975-11-7 08:00:00','293.97','admin','admin','HUBG');
insert into orders ("time","price","volume","type","trader","stock","cat") values('2014-11-7 08:00:00','293.97','1640549','limit','C000001276','HUBG','sell');
insert into stocks values('CRZO','C000000472');
insert into transaction ("volume","time","price","seller","buyer","stock") values('0','1975-11-7 08:00:00','423.76','admin','admin','CRZO');
insert into orders ("time","price","volume","type","trader","stock","cat") values('2014-11-7 08:00:00','423.76','1826575','limit','C000000472','CRZO','sell');
insert into stocks values('MDCO','C000002516');
insert into transaction ("volume","time","price","seller","buyer","stock") values('0','1975-11-7 08:00:00','431.48','admin','admin','MDCO');
insert into orders ("time","price","volume","type","trader","stock","cat") values('2014-11-7 08:00:00','431.48','1229799','limit','C000002516','MDCO','sell');
insert into stocks values('PLAY','C000000739');
insert into transaction ("volume","time","price","seller","buyer","stock") values('0','1975-11-7 08:00:00','496.27','admin','admin','PLAY');
insert into orders ("time","price","volume","type","trader","stock","cat") values('2014-11-7 08:00:00','496.27','1694674','limit','C000000739','PLAY','sell');
insert into stocks values('STX','C000002242');
insert into transaction ("volume","time","price","seller","buyer","stock") values('0','1975-11-7 08:00:00','105.81','admin','admin','STX');
insert into orders ("time","price","volume","type","trader","stock","cat") values('2014-11-7 08:00:00','105.81','1186109','limit','C000002242','STX','sell');
insert into stocks values('SCSC','C000002232');
insert into transaction ("volume","time","price","seller","buyer","stock") values('0','1975-11-7 08:00:00','472.23','admin','admin','SCSC');
insert into orders ("time","price","volume","type","trader","stock","cat") values('2014-11-7 08:00:00','472.23','1094965','limit','C000002232','SCSC','sell');
insert into stocks values('BSFT','C000000398');
insert into transaction ("volume","time","price","seller","buyer","stock") values('0','1975-11-7 08:00:00','315.72','admin','admin','BSFT');
insert into orders ("time","price","volume","type","trader","stock","cat") values('2014-11-7 08:00:00','315.72','1386725','limit','C000000398','BSFT','sell');
insert into stocks values('FTCS','C000000988');
insert into transaction ("volume","time","price","seller","buyer","stock") values('0','1975-11-7 08:00:00','402.74','admin','admin','FTCS');
insert into orders ("time","price","volume","type","trader","stock","cat") values('2014-11-7 08:00:00','402.74','1562375','limit','C000000988','FTCS','sell');
insert into stocks values('IRCP','C000001394');
insert into transaction ("volume","time","price","seller","buyer","stock") values('0','1975-11-7 08:00:00','491.97','admin','admin','IRCP');
insert into orders ("time","price","volume","type","trader","stock","cat") values('2014-11-7 08:00:00','491.97','1276585','limit','C000001394','IRCP','sell');
insert into stocks values('FCFS','C000000958');
insert into transaction ("volume","time","price","seller","buyer","stock") values('0','1975-11-7 08:00:00','16.52','admin','admin','FCFS');
insert into orders ("time","price","volume","type","trader","stock","cat") values('2014-11-7 08:00:00','16.52','1669657','limit','C000000958','FCFS','sell');
insert into stocks values('CFFI','C000000412');
insert into transaction ("volume","time","price","seller","buyer","stock") values('0','1975-11-7 08:00:00','200.29','admin','admin','CFFI');
insert into orders ("time","price","volume","type","trader","stock","cat") values('2014-11-7 08:00:00','200.29','1768063','limit','C000000412','CFFI','sell');
insert into stocks values('CYNO','C000000719');
insert into transaction ("volume","time","price","seller","buyer","stock") values('0','1975-11-7 08:00:00','24.55','admin','admin','CYNO');
insert into orders ("time","price","volume","type","trader","stock","cat") values('2014-11-7 08:00:00','24.55','1210231','limit','C000000719','CYNO','sell');
insert into stocks values('TCBIW','C000002486');
insert into transaction ("volume","time","price","seller","buyer","stock") values('0','1975-11-7 08:00:00','463.63','admin','admin','TCBIW');
insert into orders ("time","price","volume","type","trader","stock","cat") values('2014-11-7 08:00:00','463.63','1904802','limit','C000002486','TCBIW','sell');
insert into stocks values('UFCS','C000002620');
insert into transaction ("volume","time","price","seller","buyer","stock") values('0','1975-11-7 08:00:00','433.95','admin','admin','UFCS');
insert into orders ("time","price","volume","type","trader","stock","cat") values('2014-11-7 08:00:00','433.95','1435223','limit','C000002620','UFCS','sell');
insert into stocks values('PKOH','C000001934');
insert into transaction ("volume","time","price","seller","buyer","stock") values('0','1975-11-7 08:00:00','205.4','admin','admin','PKOH');
insert into orders ("time","price","volume","type","trader","stock","cat") values('2014-11-7 08:00:00','205.4','1213492','limit','C000001934','PKOH','sell');
insert into stocks values('FONE','C000001019');
insert into transaction ("volume","time","price","seller","buyer","stock") values('0','1975-11-7 08:00:00','317.7','admin','admin','FONE');
insert into orders ("time","price","volume","type","trader","stock","cat") values('2014-11-7 08:00:00','317.7','1216598','limit','C000001019','FONE','sell');
insert into stocks values('ASTE','C000000243');
insert into transaction ("volume","time","price","seller","buyer","stock") values('0','1975-11-7 08:00:00','470.78','admin','admin','ASTE');
insert into orders ("time","price","volume","type","trader","stock","cat") values('2014-11-7 08:00:00','470.78','1551574','limit','C000000243','ASTE','sell');
insert into stocks values('NILE','C000000372');
insert into transaction ("volume","time","price","seller","buyer","stock") values('0','1975-11-7 08:00:00','471.79','admin','admin','NILE');
insert into orders ("time","price","volume","type","trader","stock","cat") values('2014-11-7 08:00:00','471.79','1136823','limit','C000000372','NILE','sell');
insert into stocks values('HTLF','C000001226');
insert into transaction ("volume","time","price","seller","buyer","stock") values('0','1975-11-7 08:00:00','267.69','admin','admin','HTLF');
insert into orders ("time","price","volume","type","trader","stock","cat") values('2014-11-7 08:00:00','267.69','1859720','limit','C000001226','HTLF','sell');
insert into stocks values('CSGS','C000000697');
insert into transaction ("volume","time","price","seller","buyer","stock") values('0','1975-11-7 08:00:00','400.38','admin','admin','CSGS');
insert into orders ("time","price","volume","type","trader","stock","cat") values('2014-11-7 08:00:00','400.38','1238278','limit','C000000697','CSGS','sell');
insert into stocks values('ACOR','C000000043');
insert into transaction ("volume","time","price","seller","buyer","stock") values('0','1975-11-7 08:00:00','390.5','admin','admin','ACOR');
insert into orders ("time","price","volume","type","trader","stock","cat") values('2014-11-7 08:00:00','390.5','1599631','limit','C000000043','ACOR','sell');
insert into stocks values('XLRN','C000000031');
insert into transaction ("volume","time","price","seller","buyer","stock") values('0','1975-11-7 08:00:00','493.99','admin','admin','XLRN');
insert into orders ("time","price","volume","type","trader","stock","cat") values('2014-11-7 08:00:00','493.99','1460574','limit','C000000031','XLRN','sell');
insert into stocks values('VA','C000002728');
insert into transaction ("volume","time","price","seller","buyer","stock") values('0','1975-11-7 08:00:00','238.43','admin','admin','VA');
insert into orders ("time","price","volume","type","trader","stock","cat") values('2014-11-7 08:00:00','238.43','1853544','limit','C000002728','VA','sell');
insert into stocks values('KWEB','C000001487');
insert into transaction ("volume","time","price","seller","buyer","stock") values('0','1975-11-7 08:00:00','410.64','admin','admin','KWEB');
insert into orders ("time","price","volume","type","trader","stock","cat") values('2014-11-7 08:00:00','410.64','1556631','limit','C000001487','KWEB','sell');
insert into stocks values('QUNR','C000002110');
insert into transaction ("volume","time","price","seller","buyer","stock") values('0','1975-11-7 08:00:00','478.27','admin','admin','QUNR');
insert into orders ("time","price","volume","type","trader","stock","cat") values('2014-11-7 08:00:00','478.27','1404579','limit','C000002110','QUNR','sell');
insert into stocks values('BECN','C000000317');
insert into transaction ("volume","time","price","seller","buyer","stock") values('0','1975-11-7 08:00:00','57.02','admin','admin','BECN');
insert into orders ("time","price","volume","type","trader","stock","cat") values('2014-11-7 08:00:00','57.02','1706601','limit','C000000317','BECN','sell');
insert into stocks values('ATVI','C000000046');
insert into transaction ("volume","time","price","seller","buyer","stock") values('0','1975-11-7 08:00:00','495.83','admin','admin','ATVI');
insert into orders ("time","price","volume","type","trader","stock","cat") values('2014-11-7 08:00:00','495.83','1316771','limit','C000000046','ATVI','sell');
insert into stocks values('CIVBP','C000000586');
insert into transaction ("volume","time","price","seller","buyer","stock") values('0','1975-11-7 08:00:00','41.64','admin','admin','CIVBP');
insert into orders ("time","price","volume","type","trader","stock","cat") values('2014-11-7 08:00:00','41.64','1899930','limit','C000000586','CIVBP','sell');
insert into stocks values('ALDR','C000000097');
insert into transaction ("volume","time","price","seller","buyer","stock") values('0','1975-11-7 08:00:00','87.31','admin','admin','ALDR');
insert into orders ("time","price","volume","type","trader","stock","cat") values('2014-11-7 08:00:00','87.31','1631462','limit','C000000097','ALDR','sell');
insert into stocks values('GRMN','C000001103');
insert into transaction ("volume","time","price","seller","buyer","stock") values('0','1975-11-7 08:00:00','145.26','admin','admin','GRMN');
insert into orders ("time","price","volume","type","trader","stock","cat") values('2014-11-7 08:00:00','145.26','1739207','limit','C000001103','GRMN','sell');
insert into stocks values('HCSG','C000001221');
insert into transaction ("volume","time","price","seller","buyer","stock") values('0','1975-11-7 08:00:00','143.61','admin','admin','HCSG');
insert into orders ("time","price","volume","type","trader","stock","cat") values('2014-11-7 08:00:00','143.61','1649179','limit','C000001221','HCSG','sell');
insert into stocks values('CTWS','C000000651');
insert into transaction ("volume","time","price","seller","buyer","stock") values('0','1975-11-7 08:00:00','145.25','admin','admin','CTWS');
insert into orders ("time","price","volume","type","trader","stock","cat") values('2014-11-7 08:00:00','145.25','1267852','limit','C000000651','CTWS','sell');
insert into stocks values('LNCE','C000002322');
insert into transaction ("volume","time","price","seller","buyer","stock") values('0','1975-11-7 08:00:00','341.81','admin','admin','LNCE');
insert into orders ("time","price","volume","type","trader","stock","cat") values('2014-11-7 08:00:00','341.81','1288524','limit','C000002322','LNCE','sell');
insert into stocks values('SNCR','C000002439');
insert into transaction ("volume","time","price","seller","buyer","stock") values('0','1975-11-7 08:00:00','244.19','admin','admin','SNCR');
insert into orders ("time","price","volume","type","trader","stock","cat") values('2014-11-7 08:00:00','244.19','1141673','limit','C000002439','SNCR','sell');
insert into stocks values('CPRT','C000000662');
insert into transaction ("volume","time","price","seller","buyer","stock") values('0','1975-11-7 08:00:00','119.83','admin','admin','CPRT');
insert into orders ("time","price","volume","type","trader","stock","cat") values('2014-11-7 08:00:00','119.83','1764710','limit','C000000662','CPRT','sell');
insert into stocks values('CARZ','C000001022');
insert into transaction ("volume","time","price","seller","buyer","stock") values('0','1975-11-7 08:00:00','158.89','admin','admin','CARZ');
insert into orders ("time","price","volume","type","trader","stock","cat") values('2014-11-7 08:00:00','158.89','1351289','limit','C000001022','CARZ','sell');
insert into stocks values('ECPG','C000000852');
insert into transaction ("volume","time","price","seller","buyer","stock") values('0','1975-11-7 08:00:00','149.23','admin','admin','ECPG');
insert into orders ("time","price","volume","type","trader","stock","cat") values('2014-11-7 08:00:00','149.23','1901674','limit','C000000852','ECPG','sell');
insert into stocks values('ECOL','C000002640');
insert into transaction ("volume","time","price","seller","buyer","stock") values('0','1975-11-7 08:00:00','316.91','admin','admin','ECOL');
insert into orders ("time","price","volume","type","trader","stock","cat") values('2014-11-7 08:00:00','316.91','1002949','limit','C000002640','ECOL','sell');
insert into stocks values('PCTY','C000001945');
insert into transaction ("volume","time","price","seller","buyer","stock") values('0','1975-11-7 08:00:00','467.49','admin','admin','PCTY');
insert into orders ("time","price","volume","type","trader","stock","cat") values('2014-11-7 08:00:00','467.49','1327179','limit','C000001945','PCTY','sell');
insert into stocks values('OPB','C000001882');
insert into transaction ("volume","time","price","seller","buyer","stock") values('0','1975-11-7 08:00:00','322.17','admin','admin','OPB');
insert into orders ("time","price","volume","type","trader","stock","cat") values('2014-11-7 08:00:00','322.17','1603636','limit','C000001882','OPB','sell');
insert into stocks values('HA','C000001214');
insert into transaction ("volume","time","price","seller","buyer","stock") values('0','1975-11-7 08:00:00','419.55','admin','admin','HA');
insert into orders ("time","price","volume","type","trader","stock","cat") values('2014-11-7 08:00:00','419.55','1992524','limit','C000001214','HA','sell');
insert into stocks values('PLXS','C000001998');
insert into transaction ("volume","time","price","seller","buyer","stock") values('0','1975-11-7 08:00:00','477.76','admin','admin','PLXS');
insert into orders ("time","price","volume","type","trader","stock","cat") values('2014-11-7 08:00:00','477.76','1299675','limit','C000001998','PLXS','sell');
insert into stocks values('CFO','C000002709');
insert into transaction ("volume","time","price","seller","buyer","stock") values('0','1975-11-7 08:00:00','450.91','admin','admin','CFO');
insert into orders ("time","price","volume","type","trader","stock","cat") values('2014-11-7 08:00:00','450.91','1855355','limit','C000002709','CFO','sell');
insert into stocks values('FIZZ','C000001740');
insert into transaction ("volume","time","price","seller","buyer","stock") values('0','1975-11-7 08:00:00','432.09','admin','admin','FIZZ');
insert into orders ("time","price","volume","type","trader","stock","cat") values('2014-11-7 08:00:00','432.09','1794001','limit','C000001740','FIZZ','sell');
insert into stocks values('CFA','C000002710');
insert into transaction ("volume","time","price","seller","buyer","stock") values('0','1975-11-7 08:00:00','225.88','admin','admin','CFA');
insert into orders ("time","price","volume","type","trader","stock","cat") values('2014-11-7 08:00:00','225.88','1384861','limit','C000002710','CFA','sell');
insert into stocks values('MSCC','C000001672');
insert into transaction ("volume","time","price","seller","buyer","stock") values('0','1975-11-7 08:00:00','214.8','admin','admin','MSCC');
insert into orders ("time","price","volume","type","trader","stock","cat") values('2014-11-7 08:00:00','214.8','1155529','limit','C000001672','MSCC','sell');
insert into stocks values('BNFT','C000000326');
insert into transaction ("volume","time","price","seller","buyer","stock") values('0','1975-11-7 08:00:00','192.67','admin','admin','BNFT');
insert into orders ("time","price","volume","type","trader","stock","cat") values('2014-11-7 08:00:00','192.67','1725984','limit','C000000326','BNFT','sell');
insert into stocks values('FSV','C000001040');
insert into transaction ("volume","time","price","seller","buyer","stock") values('0','1975-11-7 08:00:00','145.12','admin','admin','FSV');
insert into orders ("time","price","volume","type","trader","stock","cat") values('2014-11-7 08:00:00','145.12','1553462','limit','C000001040','FSV','sell');
insert into stocks values('PYPL','C000001947');
insert into transaction ("volume","time","price","seller","buyer","stock") values('0','1975-11-7 08:00:00','460.1','admin','admin','PYPL');
insert into orders ("time","price","volume","type","trader","stock","cat") values('2014-11-7 08:00:00','460.1','1379740','limit','C000001947','PYPL','sell');
insert into stocks values('CDC','C000002712');
insert into transaction ("volume","time","price","seller","buyer","stock") values('0','1975-11-7 08:00:00','433.82','admin','admin','CDC');
insert into orders ("time","price","volume","type","trader","stock","cat") values('2014-11-7 08:00:00','433.82','1690782','limit','C000002712','CDC','sell');
insert into stocks values('LILA','C000001525');
insert into transaction ("volume","time","price","seller","buyer","stock") values('0','1975-11-7 08:00:00','447.24','admin','admin','LILA');
insert into orders ("time","price","volume","type","trader","stock","cat") values('2014-11-7 08:00:00','447.24','1798348','limit','C000001525','LILA','sell');
insert into stocks values('MRTX','C000001686');
insert into transaction ("volume","time","price","seller","buyer","stock") values('0','1975-11-7 08:00:00','145.78','admin','admin','MRTX');
insert into orders ("time","price","volume","type","trader","stock","cat") values('2014-11-7 08:00:00','145.78','1895574','limit','C000001686','MRTX','sell');
insert into stocks values('QLYS','C000002102');
insert into transaction ("volume","time","price","seller","buyer","stock") values('0','1975-11-7 08:00:00','50.86','admin','admin','QLYS');
insert into orders ("time","price","volume","type","trader","stock","cat") values('2014-11-7 08:00:00','50.86','1482531','limit','C000002102','QLYS','sell');
insert into stocks values('CSF','C000002711');
insert into transaction ("volume","time","price","seller","buyer","stock") values('0','1975-11-7 08:00:00','311.8','admin','admin','CSF');
insert into orders ("time","price","volume","type","trader","stock","cat") values('2014-11-7 08:00:00','311.8','1158021','limit','C000002711','CSF','sell');
insert into stocks values('DBVT','C000000742');
insert into transaction ("volume","time","price","seller","buyer","stock") values('0','1975-11-7 08:00:00','388.7','admin','admin','DBVT');
insert into orders ("time","price","volume","type","trader","stock","cat") values('2014-11-7 08:00:00','388.7','1379299','limit','C000000742','DBVT','sell');
insert into stocks values('PTC','C000002083');
insert into transaction ("volume","time","price","seller","buyer","stock") values('0','1975-11-7 08:00:00','361.75','admin','admin','PTC');
insert into orders ("time","price","volume","type","trader","stock","cat") values('2014-11-7 08:00:00','361.75','1490172','limit','C000002083','PTC','sell');
insert into stocks values('LILAK','C000001525');
insert into transaction ("volume","time","price","seller","buyer","stock") values('0','1975-11-7 08:00:00','143.81','admin','admin','LILAK');
insert into orders ("time","price","volume","type","trader","stock","cat") values('2014-11-7 08:00:00','143.81','1978647','limit','C000001525','LILAK','sell');
insert into stocks values('FSFG','C000000981');
insert into transaction ("volume","time","price","seller","buyer","stock") values('0','1975-11-7 08:00:00','364.45','admin','admin','FSFG');
insert into orders ("time","price","volume","type","trader","stock","cat") values('2014-11-7 08:00:00','364.45','1993536','limit','C000000981','FSFG','sell');
insert into stocks values('SIGI','C000002254');
insert into transaction ("volume","time","price","seller","buyer","stock") values('0','1975-11-7 08:00:00','231.0','admin','admin','SIGI');
insert into orders ("time","price","volume","type","trader","stock","cat") values('2014-11-7 08:00:00','231.0','1498396','limit','C000002254','SIGI','sell');
insert into stocks values('FGM','C000001002');
insert into transaction ("volume","time","price","seller","buyer","stock") values('0','1975-11-7 08:00:00','483.57','admin','admin','FGM');
insert into orders ("time","price","volume","type","trader","stock","cat") values('2014-11-7 08:00:00','483.57','1187049','limit','C000001002','FGM','sell');
insert into stocks values('SAVE','C000002359');
insert into transaction ("volume","time","price","seller","buyer","stock") values('0','1975-11-7 08:00:00','73.89','admin','admin','SAVE');
insert into orders ("time","price","volume","type","trader","stock","cat") values('2014-11-7 08:00:00','73.89','1607710','limit','C000002359','SAVE','sell');
insert into stocks values('CSWI','C000000700');
insert into transaction ("volume","time","price","seller","buyer","stock") values('0','1975-11-7 08:00:00','186.39','admin','admin','CSWI');
insert into orders ("time","price","volume","type","trader","stock","cat") values('2014-11-7 08:00:00','186.39','1561704','limit','C000000700','CSWI','sell');
insert into stocks values('OLED','C000002630');
insert into transaction ("volume","time","price","seller","buyer","stock") values('0','1975-11-7 08:00:00','84.92','admin','admin','OLED');
insert into orders ("time","price","volume","type","trader","stock","cat") values('2014-11-7 08:00:00','84.92','1727116','limit','C000002630','OLED','sell');
insert into stocks values('CPHD','C000000515');
insert into transaction ("volume","time","price","seller","buyer","stock") values('0','1975-11-7 08:00:00','24.48','admin','admin','CPHD');
insert into orders ("time","price","volume","type","trader","stock","cat") values('2014-11-7 08:00:00','24.48','1835788','limit','C000000515','CPHD','sell');
insert into stocks values('FPRX','C000001043');
insert into transaction ("volume","time","price","seller","buyer","stock") values('0','1975-11-7 08:00:00','290.01','admin','admin','FPRX');
insert into orders ("time","price","volume","type","trader","stock","cat") values('2014-11-7 08:00:00','290.01','1025609','limit','C000001043','FPRX','sell');
insert into stocks values('FHK','C000001006');
insert into transaction ("volume","time","price","seller","buyer","stock") values('0','1975-11-7 08:00:00','141.83','admin','admin','FHK');
insert into orders ("time","price","volume","type","trader","stock","cat") values('2014-11-7 08:00:00','141.83','1689699','limit','C000001006','FHK','sell');
insert into stocks values('RNST','C000002154');
insert into transaction ("volume","time","price","seller","buyer","stock") values('0','1975-11-7 08:00:00','72.22','admin','admin','RNST');
insert into orders ("time","price","volume","type","trader","stock","cat") values('2014-11-7 08:00:00','72.22','1581693','limit','C000002154','RNST','sell');
insert into stocks values('FRGI','C000000940');
insert into transaction ("volume","time","price","seller","buyer","stock") values('0','1975-11-7 08:00:00','23.44','admin','admin','FRGI');
insert into orders ("time","price","volume","type","trader","stock","cat") values('2014-11-7 08:00:00','23.44','1096075','limit','C000000940','FRGI','sell');
insert into stocks values('CDL','C000002713');
insert into transaction ("volume","time","price","seller","buyer","stock") values('0','1975-11-7 08:00:00','196.04','admin','admin','CDL');
insert into orders ("time","price","volume","type","trader","stock","cat") values('2014-11-7 08:00:00','196.04','1242646','limit','C000002713','CDL','sell');
insert into stocks values('CHFC','C000000534');
insert into transaction ("volume","time","price","seller","buyer","stock") values('0','1975-11-7 08:00:00','329.9','admin','admin','CHFC');
insert into orders ("time","price","volume","type","trader","stock","cat") values('2014-11-7 08:00:00','329.9','1579837','limit','C000000534','CHFC','sell');
insert into stocks values('DXJS','C000002801');
insert into transaction ("volume","time","price","seller","buyer","stock") values('0','1975-11-7 08:00:00','401.17','admin','admin','DXJS');
insert into orders ("time","price","volume","type","trader","stock","cat") values('2014-11-7 08:00:00','401.17','1276010','limit','C000002801','DXJS','sell');
insert into stocks values('SCAI','C000002427');
insert into transaction ("volume","time","price","seller","buyer","stock") values('0','1975-11-7 08:00:00','52.93','admin','admin','SCAI');
insert into orders ("time","price","volume","type","trader","stock","cat") values('2014-11-7 08:00:00','52.93','1482673','limit','C000002427','SCAI','sell');
insert into stocks values('RVNC','C000002172');
insert into transaction ("volume","time","price","seller","buyer","stock") values('0','1975-11-7 08:00:00','488.56','admin','admin','RVNC');
insert into orders ("time","price","volume","type","trader","stock","cat") values('2014-11-7 08:00:00','488.56','1475168','limit','C000002172','RVNC','sell');
insert into stocks values('THFF','C000000969');
insert into transaction ("volume","time","price","seller","buyer","stock") values('0','1975-11-7 08:00:00','470.78','admin','admin','THFF');
insert into orders ("time","price","volume","type","trader","stock","cat") values('2014-11-7 08:00:00','470.78','1179744','limit','C000000969','THFF','sell');
insert into stocks values('MKSI','C000001692');
insert into transaction ("volume","time","price","seller","buyer","stock") values('0','1975-11-7 08:00:00','321.88','admin','admin','MKSI');
insert into orders ("time","price","volume","type","trader","stock","cat") values('2014-11-7 08:00:00','321.88','1389699','limit','C000001692','MKSI','sell');
insert into stocks values('STPP','C000002648');
insert into transaction ("volume","time","price","seller","buyer","stock") values('0','1975-11-7 08:00:00','27.42','admin','admin','STPP');
insert into orders ("time","price","volume","type","trader","stock","cat") values('2014-11-7 08:00:00','27.42','1419131','limit','C000002648','STPP','sell');
insert into stocks values('CTBI','C000000633');
insert into transaction ("volume","time","price","seller","buyer","stock") values('0','1975-11-7 08:00:00','167.17','admin','admin','CTBI');
insert into orders ("time","price","volume","type","trader","stock","cat") values('2014-11-7 08:00:00','167.17','1516981','limit','C000000633','CTBI','sell');
insert into stocks values('CRMT','C000000157');
insert into transaction ("volume","time","price","seller","buyer","stock") values('0','1975-11-7 08:00:00','260.34','admin','admin','CRMT');
insert into orders ("time","price","volume","type","trader","stock","cat") values('2014-11-7 08:00:00','260.34','1802811','limit','C000000157','CRMT','sell');
insert into stocks values('CONE','C000000722');
insert into transaction ("volume","time","price","seller","buyer","stock") values('0','1975-11-7 08:00:00','115.57','admin','admin','CONE');
insert into orders ("time","price","volume","type","trader","stock","cat") values('2014-11-7 08:00:00','115.57','1909310','limit','C000000722','CONE','sell');
insert into stocks values('NTCT','C000001775');
insert into transaction ("volume","time","price","seller","buyer","stock") values('0','1975-11-7 08:00:00','432.11','admin','admin','NTCT');
insert into orders ("time","price","volume","type","trader","stock","cat") values('2014-11-7 08:00:00','432.11','1514948','limit','C000001775','NTCT','sell');
insert into stocks values('YHOO','C000002840');
insert into transaction ("volume","time","price","seller","buyer","stock") values('0','1975-11-7 08:00:00','348.13','admin','admin','YHOO');
insert into orders ("time","price","volume","type","trader","stock","cat") values('2014-11-7 08:00:00','348.13','1232188','limit','C000002840','YHOO','sell');
insert into stocks values('MINI','C000001694');
insert into transaction ("volume","time","price","seller","buyer","stock") values('0','1975-11-7 08:00:00','57.31','admin','admin','MINI');
insert into orders ("time","price","volume","type","trader","stock","cat") values('2014-11-7 08:00:00','57.31','1507994','limit','C000001694','MINI','sell');
insert into stocks values('ESND','C000000890');
insert into transaction ("volume","time","price","seller","buyer","stock") values('0','1975-11-7 08:00:00','193.74','admin','admin','ESND');
insert into orders ("time","price","volume","type","trader","stock","cat") values('2014-11-7 08:00:00','193.74','1646363','limit','C000000890','ESND','sell');
insert into stocks values('CGNX','C000000610');
insert into transaction ("volume","time","price","seller","buyer","stock") values('0','1975-11-7 08:00:00','356.12','admin','admin','CGNX');
insert into orders ("time","price","volume","type","trader","stock","cat") values('2014-11-7 08:00:00','356.12','1643135','limit','C000000610','CGNX','sell');
insert into stocks values('STRZB','C000002374');
insert into transaction ("volume","time","price","seller","buyer","stock") values('0','1975-11-7 08:00:00','421.82','admin','admin','STRZB');
insert into orders ("time","price","volume","type","trader","stock","cat") values('2014-11-7 08:00:00','421.82','1931271','limit','C000002374','STRZB','sell');
insert into stocks values('ITRI','C000001419');
insert into transaction ("volume","time","price","seller","buyer","stock") values('0','1975-11-7 08:00:00','21.57','admin','admin','ITRI');
insert into orders ("time","price","volume","type","trader","stock","cat") values('2014-11-7 08:00:00','21.57','1982462','limit','C000001419','ITRI','sell');
insert into stocks values('CATM','C000000464');
insert into transaction ("volume","time","price","seller","buyer","stock") values('0','1975-11-7 08:00:00','234.74','admin','admin','CATM');
insert into orders ("time","price","volume","type","trader","stock","cat") values('2014-11-7 08:00:00','234.74','1801640','limit','C000000464','CATM','sell');
insert into stocks values('DYAX','C000000797');
insert into transaction ("volume","time","price","seller","buyer","stock") values('0','1975-11-7 08:00:00','277.12','admin','admin','DYAX');
insert into orders ("time","price","volume","type","trader","stock","cat") values('2014-11-7 08:00:00','277.12','1176214','limit','C000000797','DYAX','sell');
insert into stocks values('PINC','C000002048');
insert into transaction ("volume","time","price","seller","buyer","stock") values('0','1975-11-7 08:00:00','20.69','admin','admin','PINC');
insert into orders ("time","price","volume","type","trader","stock","cat") values('2014-11-7 08:00:00','20.69','1444599','limit','C000002048','PINC','sell');
insert into stocks values('GRFS','C000001177');
insert into transaction ("volume","time","price","seller","buyer","stock") values('0','1975-11-7 08:00:00','72.6','admin','admin','GRFS');
insert into orders ("time","price","volume","type","trader","stock","cat") values('2014-11-7 08:00:00','72.6','1337293','limit','C000001177','GRFS','sell');
insert into stocks values('ISCA','C000001364');
insert into transaction ("volume","time","price","seller","buyer","stock") values('0','1975-11-7 08:00:00','222.5','admin','admin','ISCA');
insert into orders ("time","price","volume","type","trader","stock","cat") values('2014-11-7 08:00:00','222.5','1800265','limit','C000001364','ISCA','sell');
insert into stocks values('IPXL','C000001315');
insert into transaction ("volume","time","price","seller","buyer","stock") values('0','1975-11-7 08:00:00','22.87','admin','admin','IPXL');
insert into orders ("time","price","volume","type","trader","stock","cat") values('2014-11-7 08:00:00','22.87','1883852','limit','C000001315','IPXL','sell');
insert into stocks values('FFIN','C000000968');
insert into transaction ("volume","time","price","seller","buyer","stock") values('0','1975-11-7 08:00:00','458.72','admin','admin','FFIN');
insert into orders ("time","price","volume","type","trader","stock","cat") values('2014-11-7 08:00:00','458.72','1855182','limit','C000000968','FFIN','sell');
insert into stocks values('CRVL','C000000670');
insert into transaction ("volume","time","price","seller","buyer","stock") values('0','1975-11-7 08:00:00','102.05','admin','admin','CRVL');
insert into orders ("time","price","volume","type","trader","stock","cat") values('2014-11-7 08:00:00','102.05','1218661','limit','C000000670','CRVL','sell');
insert into stocks values('CIL','C000002708');
insert into transaction ("volume","time","price","seller","buyer","stock") values('0','1975-11-7 08:00:00','355.78','admin','admin','CIL');
insert into orders ("time","price","volume","type","trader","stock","cat") values('2014-11-7 08:00:00','355.78','1398153','limit','C000002708','CIL','sell');
insert into stocks values('SHOO','C000002391');
insert into transaction ("volume","time","price","seller","buyer","stock") values('0','1975-11-7 08:00:00','230.58','admin','admin','SHOO');
insert into orders ("time","price","volume","type","trader","stock","cat") values('2014-11-7 08:00:00','230.58','1766771','limit','C000002391','SHOO','sell');
insert into stocks values('JOBS','C000000013');
insert into transaction ("volume","time","price","seller","buyer","stock") values('0','1975-11-7 08:00:00','307.31','admin','admin','JOBS');
insert into orders ("time","price","volume","type","trader","stock","cat") values('2014-11-7 08:00:00','307.31','1109747','limit','C000000013','JOBS','sell');
insert into stocks values('PFBC','C000002044');
insert into transaction ("volume","time","price","seller","buyer","stock") values('0','1975-11-7 08:00:00','299.93','admin','admin','PFBC');
insert into orders ("time","price","volume","type","trader","stock","cat") values('2014-11-7 08:00:00','299.93','1560221','limit','C000002044','PFBC','sell');
insert into stocks values('COLB','C000000620');
insert into transaction ("volume","time","price","seller","buyer","stock") values('0','1975-11-7 08:00:00','187.4','admin','admin','COLB');
insert into orders ("time","price","volume","type","trader","stock","cat") values('2014-11-7 08:00:00','187.4','1266140','limit','C000000620','COLB','sell');
insert into stocks values('IPHS','C000001333');
insert into transaction ("volume","time","price","seller","buyer","stock") values('0','1975-11-7 08:00:00','68.01','admin','admin','IPHS');
insert into orders ("time","price","volume","type","trader","stock","cat") values('2014-11-7 08:00:00','68.01','1554678','limit','C000001333','IPHS','sell');
insert into stocks values('TSRA','C000002482');
insert into transaction ("volume","time","price","seller","buyer","stock") values('0','1975-11-7 08:00:00','350.56','admin','admin','TSRA');
insert into orders ("time","price","volume","type","trader","stock","cat") values('2014-11-7 08:00:00','350.56','1627115','limit','C000002482','TSRA','sell');
insert into stocks values('FELE','C000001074');
insert into transaction ("volume","time","price","seller","buyer","stock") values('0','1975-11-7 08:00:00','485.97','admin','admin','FELE');
insert into orders ("time","price","volume","type","trader","stock","cat") values('2014-11-7 08:00:00','485.97','1907550','limit','C000001074','FELE','sell');
insert into stocks values('FIVE','C000001042');
insert into transaction ("volume","time","price","seller","buyer","stock") values('0','1975-11-7 08:00:00','390.23','admin','admin','FIVE');
insert into orders ("time","price","volume","type","trader","stock","cat") values('2014-11-7 08:00:00','390.23','1643576','limit','C000001042','FIVE','sell');
insert into stocks values('PSCM','C000002038');
insert into transaction ("volume","time","price","seller","buyer","stock") values('0','1975-11-7 08:00:00','278.55','admin','admin','PSCM');
insert into orders ("time","price","volume","type","trader","stock","cat") values('2014-11-7 08:00:00','278.55','1226454','limit','C000002038','PSCM','sell');
insert into stocks values('CSA','C000002715');
insert into transaction ("volume","time","price","seller","buyer","stock") values('0','1975-11-7 08:00:00','93.69','admin','admin','CSA');
insert into orders ("time","price","volume","type","trader","stock","cat") values('2014-11-7 08:00:00','93.69','1546122','limit','C000002715','CSA','sell');
insert into stocks values('HIBB','C000001244');
insert into transaction ("volume","time","price","seller","buyer","stock") values('0','1975-11-7 08:00:00','278.78','admin','admin','HIBB');
insert into orders ("time","price","volume","type","trader","stock","cat") values('2014-11-7 08:00:00','278.78','1537307','limit','C000001244','HIBB','sell');
insert into stocks values('ZLTQ','C000002852');
insert into transaction ("volume","time","price","seller","buyer","stock") values('0','1975-11-7 08:00:00','388.17','admin','admin','ZLTQ');
insert into orders ("time","price","volume","type","trader","stock","cat") values('2014-11-7 08:00:00','388.17','1834370','limit','C000002852','ZLTQ','sell');
insert into stocks values('STRZA','C000002374');
insert into transaction ("volume","time","price","seller","buyer","stock") values('0','1975-11-7 08:00:00','323.15','admin','admin','STRZA');
insert into orders ("time","price","volume","type","trader","stock","cat") values('2014-11-7 08:00:00','323.15','1464347','limit','C000002374','STRZA','sell');
insert into stocks values('CCOI','C000000608');
insert into transaction ("volume","time","price","seller","buyer","stock") values('0','1975-11-7 08:00:00','100.32','admin','admin','CCOI');
insert into orders ("time","price","volume","type","trader","stock","cat") values('2014-11-7 08:00:00','100.32','1897612','limit','C000000608','CCOI','sell');
insert into stocks values('CRAY','C000000684');
insert into transaction ("volume","time","price","seller","buyer","stock") values('0','1975-11-7 08:00:00','315.11','admin','admin','CRAY');
insert into orders ("time","price","volume","type","trader","stock","cat") values('2014-11-7 08:00:00','315.11','1615485','limit','C000000684','CRAY','sell');
insert into stocks values('CSB','C000002714');
insert into transaction ("volume","time","price","seller","buyer","stock") values('0','1975-11-7 08:00:00','343.12','admin','admin','CSB');
insert into orders ("time","price","volume","type","trader","stock","cat") values('2014-11-7 08:00:00','343.12','1744436','limit','C000002714','CSB','sell');
insert into stocks values('NTAP','C000001770');
insert into transaction ("volume","time","price","seller","buyer","stock") values('0','1975-11-7 08:00:00','414.42','admin','admin','NTAP');
insert into orders ("time","price","volume","type","trader","stock","cat") values('2014-11-7 08:00:00','414.42','1158678','limit','C000001770','NTAP','sell');
insert into stocks values('MBFI','C000001625');
insert into transaction ("volume","time","price","seller","buyer","stock") values('0','1975-11-7 08:00:00','152.53','admin','admin','MBFI');
insert into orders ("time","price","volume","type","trader","stock","cat") values('2014-11-7 08:00:00','152.53','1442027','limit','C000001625','MBFI','sell');
insert into stocks values('MPAA','C000001715');
insert into transaction ("volume","time","price","seller","buyer","stock") values('0','1975-11-7 08:00:00','25.0','admin','admin','MPAA');
insert into orders ("time","price","volume","type","trader","stock","cat") values('2014-11-7 08:00:00','25.0','1374201','limit','C000001715','MPAA','sell');
insert into stocks values('FNGN','C000000945');
insert into transaction ("volume","time","price","seller","buyer","stock") values('0','1975-11-7 08:00:00','20.43','admin','admin','FNGN');
insert into orders ("time","price","volume","type","trader","stock","cat") values('2014-11-7 08:00:00','20.43','1326588','limit','C000000945','FNGN','sell');
insert into stocks values('SHLM','C000000018');
insert into transaction ("volume","time","price","seller","buyer","stock") values('0','1975-11-7 08:00:00','493.43','admin','admin','SHLM');
insert into orders ("time","price","volume","type","trader","stock","cat") values('2014-11-7 08:00:00','493.43','1430499','limit','C000000018','SHLM','sell');
insert into stocks values('INTC','C000001351');
insert into transaction ("volume","time","price","seller","buyer","stock") values('0','1975-11-7 08:00:00','372.22','admin','admin','INTC');
insert into orders ("time","price","volume","type","trader","stock","cat") values('2014-11-7 08:00:00','372.22','1329859','limit','C000001351','INTC','sell');
insert into stocks values('CID','C000002707');
insert into transaction ("volume","time","price","seller","buyer","stock") values('0','1975-11-7 08:00:00','73.22','admin','admin','CID');
insert into orders ("time","price","volume","type","trader","stock","cat") values('2014-11-7 08:00:00','73.22','1100267','limit','C000002707','CID','sell');
insert into stocks values('TXRH','C000002488');
insert into transaction ("volume","time","price","seller","buyer","stock") values('0','1975-11-7 08:00:00','213.58','admin','admin','TXRH');
insert into orders ("time","price","volume","type","trader","stock","cat") values('2014-11-7 08:00:00','213.58','1977643','limit','C000002488','TXRH','sell');
insert into stocks values('CRTO','C000000690');
insert into transaction ("volume","time","price","seller","buyer","stock") values('0','1975-11-7 08:00:00','310.31','admin','admin','CRTO');
insert into orders ("time","price","volume","type","trader","stock","cat") values('2014-11-7 08:00:00','310.31','1051112','limit','C000000690','CRTO','sell');
insert into stocks values('POWL','C000002016');
insert into transaction ("volume","time","price","seller","buyer","stock") values('0','1975-11-7 08:00:00','136.44','admin','admin','POWL');
insert into orders ("time","price","volume","type","trader","stock","cat") values('2014-11-7 08:00:00','136.44','1847342','limit','C000002016','POWL','sell');
insert into stocks values('RIVR','C000002185');
insert into transaction ("volume","time","price","seller","buyer","stock") values('0','1975-11-7 08:00:00','394.96','admin','admin','RIVR');
insert into orders ("time","price","volume","type","trader","stock","cat") values('2014-11-7 08:00:00','394.96','1335158','limit','C000002185','RIVR','sell');
insert into stocks values('ANDE','C000002492');
insert into transaction ("volume","time","price","seller","buyer","stock") values('0','1975-11-7 08:00:00','285.97','admin','admin','ANDE');
insert into orders ("time","price","volume","type","trader","stock","cat") values('2014-11-7 08:00:00','285.97','1493844','limit','C000002492','ANDE','sell');
insert into stocks values('TAPR','C000000307');
insert into transaction ("volume","time","price","seller","buyer","stock") values('0','1975-11-7 08:00:00','57.08','admin','admin','TAPR');
insert into orders ("time","price","volume","type","trader","stock","cat") values('2014-11-7 08:00:00','57.08','1516586','limit','C000000307','TAPR','sell');
insert into stocks values('NKSH','C000001739');
insert into transaction ("volume","time","price","seller","buyer","stock") values('0','1975-11-7 08:00:00','131.78','admin','admin','NKSH');
insert into orders ("time","price","volume","type","trader","stock","cat") values('2014-11-7 08:00:00','131.78','1723279','limit','C000001739','NKSH','sell');
insert into stocks values('VASC','C000002682');
insert into transaction ("volume","time","price","seller","buyer","stock") values('0','1975-11-7 08:00:00','315.45','admin','admin','VASC');
insert into orders ("time","price","volume","type","trader","stock","cat") values('2014-11-7 08:00:00','315.45','1404815','limit','C000002682','VASC','sell');
insert into stocks values('FRPH','C000001081');
insert into transaction ("volume","time","price","seller","buyer","stock") values('0','1975-11-7 08:00:00','436.36','admin','admin','FRPH');
insert into orders ("time","price","volume","type","trader","stock","cat") values('2014-11-7 08:00:00','436.36','1490343','limit','C000001081','FRPH','sell');
insert into stocks values('CBF','C000000447');
insert into transaction ("volume","time","price","seller","buyer","stock") values('0','1975-11-7 08:00:00','457.75','admin','admin','CBF');
insert into orders ("time","price","volume","type","trader","stock","cat") values('2014-11-7 08:00:00','457.75','1811681','limit','C000000447','CBF','sell');
insert into stocks values('WSFS','C000002820');
insert into transaction ("volume","time","price","seller","buyer","stock") values('0','1975-11-7 08:00:00','438.83','admin','admin','WSFS');
insert into orders ("time","price","volume","type","trader","stock","cat") values('2014-11-7 08:00:00','438.83','1419721','limit','C000002820','WSFS','sell');
insert into stocks values('SBGI','C000002300');
insert into transaction ("volume","time","price","seller","buyer","stock") values('0','1975-11-7 08:00:00','13.1','admin','admin','SBGI');
insert into orders ("time","price","volume","type","trader","stock","cat") values('2014-11-7 08:00:00','13.1','1864084','limit','C000002300','SBGI','sell');
insert into stocks values('WSBC','C000002765');
insert into transaction ("volume","time","price","seller","buyer","stock") values('0','1975-11-7 08:00:00','473.67','admin','admin','WSBC');
insert into orders ("time","price","volume","type","trader","stock","cat") values('2014-11-7 08:00:00','473.67','1840955','limit','C000002765','WSBC','sell');
insert into stocks values('STBA','C000002210');
insert into transaction ("volume","time","price","seller","buyer","stock") values('0','1975-11-7 08:00:00','485.21','admin','admin','STBA');
insert into orders ("time","price","volume","type","trader","stock","cat") values('2014-11-7 08:00:00','485.21','1186782','limit','C000002210','STBA','sell');
insert into stocks values('FDTS','C000000991');
insert into transaction ("volume","time","price","seller","buyer","stock") values('0','1975-11-7 08:00:00','76.71','admin','admin','FDTS');
insert into orders ("time","price","volume","type","trader","stock","cat") values('2014-11-7 08:00:00','76.71','1485536','limit','C000000991','FDTS','sell');
insert into stocks values('FTNT','C000001064');
insert into transaction ("volume","time","price","seller","buyer","stock") values('0','1975-11-7 08:00:00','234.57','admin','admin','FTNT');
insert into orders ("time","price","volume","type","trader","stock","cat") values('2014-11-7 08:00:00','234.57','1724170','limit','C000001064','FTNT','sell');
insert into stocks values('PCH','C000002015');
insert into transaction ("volume","time","price","seller","buyer","stock") values('0','1975-11-7 08:00:00','271.6','admin','admin','PCH');
insert into orders ("time","price","volume","type","trader","stock","cat") values('2014-11-7 08:00:00','271.6','1488829','limit','C000002015','PCH','sell');
insert into stocks values('CATY','C000000486');
insert into transaction ("volume","time","price","seller","buyer","stock") values('0','1975-11-7 08:00:00','443.81','admin','admin','CATY');
insert into orders ("time","price","volume","type","trader","stock","cat") values('2014-11-7 08:00:00','443.81','1678512','limit','C000000486','CATY','sell');
insert into stocks values('VOD','C000002739');
insert into transaction ("volume","time","price","seller","buyer","stock") values('0','1975-11-7 08:00:00','54.87','admin','admin','VOD');
insert into orders ("time","price","volume","type","trader","stock","cat") values('2014-11-7 08:00:00','54.87','1406719','limit','C000002739','VOD','sell');
insert into stocks values('TTWO','C000002452');
insert into transaction ("volume","time","price","seller","buyer","stock") values('0','1975-11-7 08:00:00','58.01','admin','admin','TTWO');
insert into orders ("time","price","volume","type","trader","stock","cat") values('2014-11-7 08:00:00','58.01','1432958','limit','C000002452','TTWO','sell');
insert into stocks values('PAHC','C000001986');
insert into transaction ("volume","time","price","seller","buyer","stock") values('0','1975-11-7 08:00:00','422.99','admin','admin','PAHC');
insert into orders ("time","price","volume","type","trader","stock","cat") values('2014-11-7 08:00:00','422.99','1945914','limit','C000001986','PAHC','sell');
insert into stocks values('NRCIB','C000001748');
insert into transaction ("volume","time","price","seller","buyer","stock") values('0','1975-11-7 08:00:00','377.65','admin','admin','NRCIB');
insert into orders ("time","price","volume","type","trader","stock","cat") values('2014-11-7 08:00:00','377.65','1692991','limit','C000001748','NRCIB','sell');
insert into stocks values('HQY','C000001222');
insert into transaction ("volume","time","price","seller","buyer","stock") values('0','1975-11-7 08:00:00','238.93','admin','admin','HQY');
insert into orders ("time","price","volume","type","trader","stock","cat") values('2014-11-7 08:00:00','238.93','1718858','limit','C000001222','HQY','sell');
insert into stocks values('SRCE','C000000006');
insert into transaction ("volume","time","price","seller","buyer","stock") values('0','1975-11-7 08:00:00','302.42','admin','admin','SRCE');
insert into orders ("time","price","volume","type","trader","stock","cat") values('2014-11-7 08:00:00','302.42','1470451','limit','C000000006','SRCE','sell');
insert into stocks values('GT','C000002507');
insert into transaction ("volume","time","price","seller","buyer","stock") values('0','1975-11-7 08:00:00','295.77','admin','admin','GT');
insert into orders ("time","price","volume","type","trader","stock","cat") values('2014-11-7 08:00:00','295.77','1321732','limit','C000002507','GT','sell');
insert into stocks values('MCRB','C000002262');
insert into transaction ("volume","time","price","seller","buyer","stock") values('0','1975-11-7 08:00:00','319.19','admin','admin','MCRB');
insert into orders ("time","price","volume","type","trader","stock","cat") values('2014-11-7 08:00:00','319.19','1775739','limit','C000002262','MCRB','sell');
insert into stocks values('COMT','C000001395');
insert into transaction ("volume","time","price","seller","buyer","stock") values('0','1975-11-7 08:00:00','63.79','admin','admin','COMT');
insert into orders ("time","price","volume","type","trader","stock","cat") values('2014-11-7 08:00:00','63.79','1321302','limit','C000001395','COMT','sell');
insert into stocks values('INTL','C000001372');
insert into transaction ("volume","time","price","seller","buyer","stock") values('0','1975-11-7 08:00:00','91.77','admin','admin','INTL');
insert into orders ("time","price","volume","type","trader","stock","cat") values('2014-11-7 08:00:00','91.77','1455025','limit','C000001372','INTL','sell');
insert into stocks values('METR','C000001664');
insert into transaction ("volume","time","price","seller","buyer","stock") values('0','1975-11-7 08:00:00','334.07','admin','admin','METR');
insert into orders ("time","price","volume","type","trader","stock","cat") values('2014-11-7 08:00:00','334.07','1182032','limit','C000001664','METR','sell');
insert into stocks values('GRID','C000001021');
insert into transaction ("volume","time","price","seller","buyer","stock") values('0','1975-11-7 08:00:00','267.28','admin','admin','GRID');
insert into orders ("time","price","volume","type","trader","stock","cat") values('2014-11-7 08:00:00','267.28','1245976','limit','C000001021','GRID','sell');
insert into stocks values('MTSI','C000001576');
insert into transaction ("volume","time","price","seller","buyer","stock") values('0','1975-11-7 08:00:00','278.8','admin','admin','MTSI');
insert into orders ("time","price","volume","type","trader","stock","cat") values('2014-11-7 08:00:00','278.8','1338510','limit','C000001576','MTSI','sell');
insert into stocks values('RGEN','C000002160');
insert into transaction ("volume","time","price","seller","buyer","stock") values('0','1975-11-7 08:00:00','87.37','admin','admin','RGEN');
insert into orders ("time","price","volume","type","trader","stock","cat") values('2014-11-7 08:00:00','87.37','1158748','limit','C000002160','RGEN','sell');
insert into stocks values('CSOD','C000000669');
insert into transaction ("volume","time","price","seller","buyer","stock") values('0','1975-11-7 08:00:00','185.02','admin','admin','CSOD');
insert into orders ("time","price","volume","type","trader","stock","cat") values('2014-11-7 08:00:00','185.02','1565114','limit','C000000669','CSOD','sell');
insert into stocks values('CIZ','C000002706');
insert into transaction ("volume","time","price","seller","buyer","stock") values('0','1975-11-7 08:00:00','110.02','admin','admin','CIZ');
insert into orders ("time","price","volume","type","trader","stock","cat") values('2014-11-7 08:00:00','110.02','1543167','limit','C000002706','CIZ','sell');
insert into stocks values('FTW','C000001034');
insert into transaction ("volume","time","price","seller","buyer","stock") values('0','1975-11-7 08:00:00','308.89','admin','admin','FTW');
insert into orders ("time","price","volume","type","trader","stock","cat") values('2014-11-7 08:00:00','308.89','1124089','limit','C000001034','FTW','sell');
insert into stocks values('COMM','C000000628');
insert into transaction ("volume","time","price","seller","buyer","stock") values('0','1975-11-7 08:00:00','450.06','admin','admin','COMM');
insert into orders ("time","price","volume","type","trader","stock","cat") values('2014-11-7 08:00:00','450.06','1099871','limit','C000000628','COMM','sell');
insert into stocks values('FEUZ','C000000999');
insert into transaction ("volume","time","price","seller","buyer","stock") values('0','1975-11-7 08:00:00','414.92','admin','admin','FEUZ');
insert into orders ("time","price","volume","type","trader","stock","cat") values('2014-11-7 08:00:00','414.92','1005108','limit','C000000999','FEUZ','sell');
insert into stocks values('SGBK','C000002396');
insert into transaction ("volume","time","price","seller","buyer","stock") values('0','1975-11-7 08:00:00','115.83','admin','admin','SGBK');
insert into orders ("time","price","volume","type","trader","stock","cat") values('2014-11-7 08:00:00','115.83','1671243','limit','C000002396','SGBK','sell');
insert into stocks values('ABCB','C000000158');
insert into transaction ("volume","time","price","seller","buyer","stock") values('0','1975-11-7 08:00:00','440.38','admin','admin','ABCB');
insert into orders ("time","price","volume","type","trader","stock","cat") values('2014-11-7 08:00:00','440.38','1505160','limit','C000000158','ABCB','sell');
insert into stocks values('ININ','C000001356');
insert into transaction ("volume","time","price","seller","buyer","stock") values('0','1975-11-7 08:00:00','199.53','admin','admin','ININ');
insert into orders ("time","price","volume","type","trader","stock","cat") values('2014-11-7 08:00:00','199.53','1572887','limit','C000001356','ININ','sell');
insert into stocks values('SILC','C000002290');
insert into transaction ("volume","time","price","seller","buyer","stock") values('0','1975-11-7 08:00:00','218.86','admin','admin','SILC');
insert into orders ("time","price","volume","type","trader","stock","cat") values('2014-11-7 08:00:00','218.86','1244895','limit','C000002290','SILC','sell');
insert into stocks values('INBK','C000000973');
insert into transaction ("volume","time","price","seller","buyer","stock") values('0','1975-11-7 08:00:00','160.97','admin','admin','INBK');
insert into orders ("time","price","volume","type","trader","stock","cat") values('2014-11-7 08:00:00','160.97','1626632','limit','C000000973','INBK','sell');
insert into stocks values('FLAG','C000002758');
insert into transaction ("volume","time","price","seller","buyer","stock") values('0','1975-11-7 08:00:00','475.41','admin','admin','FLAG');
insert into orders ("time","price","volume","type","trader","stock","cat") values('2014-11-7 08:00:00','475.41','1767968','limit','C000002758','FLAG','sell');
insert into stocks values('ENTA','C000000851');
insert into transaction ("volume","time","price","seller","buyer","stock") values('0','1975-11-7 08:00:00','275.34','admin','admin','ENTA');
insert into orders ("time","price","volume","type","trader","stock","cat") values('2014-11-7 08:00:00','275.34','1953395','limit','C000000851','ENTA','sell');
insert into stocks values('GABC','C000001119');
insert into transaction ("volume","time","price","seller","buyer","stock") values('0','1975-11-7 08:00:00','388.79','admin','admin','GABC');
insert into orders ("time","price","volume","type","trader","stock","cat") values('2014-11-7 08:00:00','388.79','1669784','limit','C000001119','GABC','sell');
insert into stocks values('BSET','C000000310');
insert into transaction ("volume","time","price","seller","buyer","stock") values('0','1975-11-7 08:00:00','118.75','admin','admin','BSET');
insert into orders ("time","price","volume","type","trader","stock","cat") values('2014-11-7 08:00:00','118.75','1551315','limit','C000000310','BSET','sell');
insert into stocks values('SENEB','C000002258');
insert into transaction ("volume","time","price","seller","buyer","stock") values('0','1975-11-7 08:00:00','127.29','admin','admin','SENEB');
insert into orders ("time","price","volume","type","trader","stock","cat") values('2014-11-7 08:00:00','127.29','1882287','limit','C000002258','SENEB','sell');
insert into stocks values('MBCN','C000001679');
insert into transaction ("volume","time","price","seller","buyer","stock") values('0','1975-11-7 08:00:00','476.39','admin','admin','MBCN');
insert into orders ("time","price","volume","type","trader","stock","cat") values('2014-11-7 08:00:00','476.39','1522147','limit','C000001679','MBCN','sell');
insert into stocks values('HSKA','C000001242');
insert into transaction ("volume","time","price","seller","buyer","stock") values('0','1975-11-7 08:00:00','232.53','admin','admin','HSKA');
insert into orders ("time","price","volume","type","trader","stock","cat") values('2014-11-7 08:00:00','232.53','1843166','limit','C000001242','HSKA','sell');
insert into stocks values('MLHR','C000001240');
insert into transaction ("volume","time","price","seller","buyer","stock") values('0','1975-11-7 08:00:00','349.09','admin','admin','MLHR');
insert into orders ("time","price","volume","type","trader","stock","cat") values('2014-11-7 08:00:00','349.09','1646055','limit','C000001240','MLHR','sell');
insert into stocks values('CRUS','C000000577');
insert into transaction ("volume","time","price","seller","buyer","stock") values('0','1975-11-7 08:00:00','317.96','admin','admin','CRUS');
insert into orders ("time","price","volume","type","trader","stock","cat") values('2014-11-7 08:00:00','317.96','1568901','limit','C000000577','CRUS','sell');
insert into stocks values('ICFI','C000001292');
insert into transaction ("volume","time","price","seller","buyer","stock") values('0','1975-11-7 08:00:00','356.26','admin','admin','ICFI');
insert into orders ("time","price","volume","type","trader","stock","cat") values('2014-11-7 08:00:00','356.26','1963094','limit','C000001292','ICFI','sell');
insert into stocks values('YCB','C000002844');
insert into transaction ("volume","time","price","seller","buyer","stock") values('0','1975-11-7 08:00:00','489.53','admin','admin','YCB');
insert into orders ("time","price","volume","type","trader","stock","cat") values('2014-11-7 08:00:00','489.53','1287672','limit','C000002844','YCB','sell');
insert into stocks values('ADRE','C000000364');
insert into transaction ("volume","time","price","seller","buyer","stock") values('0','1975-11-7 08:00:00','278.55','admin','admin','ADRE');
insert into orders ("time","price","volume","type","trader","stock","cat") values('2014-11-7 08:00:00','278.55','1232040','limit','C000000364','ADRE','sell');
insert into stocks values('PODD','C000001344');
insert into transaction ("volume","time","price","seller","buyer","stock") values('0','1975-11-7 08:00:00','104.02','admin','admin','PODD');
insert into orders ("time","price","volume","type","trader","stock","cat") values('2014-11-7 08:00:00','104.02','1959844','limit','C000001344','PODD','sell');
insert into stocks values('DTUS','C000002643');
insert into transaction ("volume","time","price","seller","buyer","stock") values('0','1975-11-7 08:00:00','360.3','admin','admin','DTUS');
insert into orders ("time","price","volume","type","trader","stock","cat") values('2014-11-7 08:00:00','360.3','1573227','limit','C000002643','DTUS','sell');
insert into stocks values('BBP','C000000347');
insert into transaction ("volume","time","price","seller","buyer","stock") values('0','1975-11-7 08:00:00','222.91','admin','admin','BBP');
insert into orders ("time","price","volume","type","trader","stock","cat") values('2014-11-7 08:00:00','222.91','1736909','limit','C000000347','BBP','sell');
insert into stocks values('XIV','C000000731');
insert into transaction ("volume","time","price","seller","buyer","stock") values('0','1975-11-7 08:00:00','116.85','admin','admin','XIV');
insert into orders ("time","price","volume","type","trader","stock","cat") values('2014-11-7 08:00:00','116.85','1168138','limit','C000000731','XIV','sell');
insert into stocks values('CTCT','C000000657');
insert into transaction ("volume","time","price","seller","buyer","stock") values('0','1975-11-7 08:00:00','418.3','admin','admin','CTCT');
insert into orders ("time","price","volume","type","trader","stock","cat") values('2014-11-7 08:00:00','418.3','1987413','limit','C000000657','CTCT','sell');
insert into stocks values('DXPE','C000000796');
insert into transaction ("volume","time","price","seller","buyer","stock") values('0','1975-11-7 08:00:00','454.5','admin','admin','DXPE');
insert into orders ("time","price","volume","type","trader","stock","cat") values('2014-11-7 08:00:00','454.5','1993777','limit','C000000796','DXPE','sell');
insert into stocks values('SIMO','C000002293');
insert into transaction ("volume","time","price","seller","buyer","stock") values('0','1975-11-7 08:00:00','494.38','admin','admin','SIMO');
insert into orders ("time","price","volume","type","trader","stock","cat") values('2014-11-7 08:00:00','494.38','1059278','limit','C000002293','SIMO','sell');
insert into stocks values('MBVT','C000001652');
insert into transaction ("volume","time","price","seller","buyer","stock") values('0','1975-11-7 08:00:00','465.11','admin','admin','MBVT');
insert into orders ("time","price","volume","type","trader","stock","cat") values('2014-11-7 08:00:00','465.11','1480240','limit','C000001652','MBVT','sell');
insert into stocks values('IRBT','C000001392');
insert into transaction ("volume","time","price","seller","buyer","stock") values('0','1975-11-7 08:00:00','198.92','admin','admin','IRBT');
insert into orders ("time","price","volume","type","trader","stock","cat") values('2014-11-7 08:00:00','198.92','1088208','limit','C000001392','IRBT','sell');
insert into stocks values('MGNX','C000001580');
insert into transaction ("volume","time","price","seller","buyer","stock") values('0','1975-11-7 08:00:00','142.73','admin','admin','MGNX');
insert into orders ("time","price","volume","type","trader","stock","cat") values('2014-11-7 08:00:00','142.73','1794499','limit','C000001580','MGNX','sell');
insert into stocks values('LTRPB','C000001529');
insert into transaction ("volume","time","price","seller","buyer","stock") values('0','1975-11-7 08:00:00','338.32','admin','admin','LTRPB');
insert into orders ("time","price","volume","type","trader","stock","cat") values('2014-11-7 08:00:00','338.32','1232502','limit','C000001529','LTRPB','sell');
insert into stocks values('DGRW','C000002806');
insert into transaction ("volume","time","price","seller","buyer","stock") values('0','1975-11-7 08:00:00','366.43','admin','admin','DGRW');
insert into orders ("time","price","volume","type","trader","stock","cat") values('2014-11-7 08:00:00','366.43','1170248','limit','C000002806','DGRW','sell');
insert into stocks values('FORR','C000001063');
insert into transaction ("volume","time","price","seller","buyer","stock") values('0','1975-11-7 08:00:00','189.73','admin','admin','FORR');
insert into orders ("time","price","volume","type","trader","stock","cat") values('2014-11-7 08:00:00','189.73','1196456','limit','C000001063','FORR','sell');
insert into stocks values('FARM','C000000922');
insert into transaction ("volume","time","price","seller","buyer","stock") values('0','1975-11-7 08:00:00','65.91','admin','admin','FARM');
insert into orders ("time","price","volume","type","trader","stock","cat") values('2014-11-7 08:00:00','65.91','1375343','limit','C000000922','FARM','sell');
insert into stocks values('LTXB','C000001518');
insert into transaction ("volume","time","price","seller","buyer","stock") values('0','1975-11-7 08:00:00','191.3','admin','admin','LTXB');
insert into orders ("time","price","volume","type","trader","stock","cat") values('2014-11-7 08:00:00','191.3','1114892','limit','C000001518','LTXB','sell');
insert into stocks values('BIS','C000002072');
insert into transaction ("volume","time","price","seller","buyer","stock") values('0','1975-11-7 08:00:00','394.08','admin','admin','BIS');
insert into orders ("time","price","volume","type","trader","stock","cat") values('2014-11-7 08:00:00','394.08','1647152','limit','C000002072','BIS','sell');
insert into stocks values('IRMD','C000001389');
insert into transaction ("volume","time","price","seller","buyer","stock") values('0','1975-11-7 08:00:00','351.82','admin','admin','IRMD');
insert into orders ("time","price","volume","type","trader","stock","cat") values('2014-11-7 08:00:00','351.82','1357640','limit','C000001389','IRMD','sell');
insert into stocks values('SKYY','C000001009');
insert into transaction ("volume","time","price","seller","buyer","stock") values('0','1975-11-7 08:00:00','29.43','admin','admin','SKYY');
insert into orders ("time","price","volume","type","trader","stock","cat") values('2014-11-7 08:00:00','29.43','1031602','limit','C000001009','SKYY','sell');
insert into stocks values('CHSCP','C000000566');
insert into transaction ("volume","time","price","seller","buyer","stock") values('0','1975-11-7 08:00:00','411.61','admin','admin','CHSCP');
insert into orders ("time","price","volume","type","trader","stock","cat") values('2014-11-7 08:00:00','411.61','1261507','limit','C000000566','CHSCP','sell');
insert into stocks values('MOFG','C000001681');
insert into transaction ("volume","time","price","seller","buyer","stock") values('0','1975-11-7 08:00:00','275.6','admin','admin','MOFG');
insert into orders ("time","price","volume","type","trader","stock","cat") values('2014-11-7 08:00:00','275.6','1041283','limit','C000001681','MOFG','sell');
insert into stocks values('LTRPA','C000001529');
insert into transaction ("volume","time","price","seller","buyer","stock") values('0','1975-11-7 08:00:00','262.7','admin','admin','LTRPA');
insert into orders ("time","price","volume","type","trader","stock","cat") values('2014-11-7 08:00:00','262.7','1369832','limit','C000001529','LTRPA','sell');
insert into stocks values('ATRA','C000000249');
insert into transaction ("volume","time","price","seller","buyer","stock") values('0','1975-11-7 08:00:00','288.09','admin','admin','ATRA');
insert into orders ("time","price","volume","type","trader","stock","cat") values('2014-11-7 08:00:00','288.09','1033609','limit','C000000249','ATRA','sell');
insert into stocks values('SUBK','C000002405');
insert into transaction ("volume","time","price","seller","buyer","stock") values('0','1975-11-7 08:00:00','355.99','admin','admin','SUBK');
insert into orders ("time","price","volume","type","trader","stock","cat") values('2014-11-7 08:00:00','355.99','1158760','limit','C000002405','SUBK','sell');
insert into stocks values('DTSI','C000000793');
insert into transaction ("volume","time","price","seller","buyer","stock") values('0','1975-11-7 08:00:00','403.8','admin','admin','DTSI');
insert into orders ("time","price","volume","type","trader","stock","cat") values('2014-11-7 08:00:00','403.8','1551728','limit','C000000793','DTSI','sell');
insert into stocks values('SYKE','C000002433');
insert into transaction ("volume","time","price","seller","buyer","stock") values('0','1975-11-7 08:00:00','245.29','admin','admin','SYKE');
insert into orders ("time","price","volume","type","trader","stock","cat") values('2014-11-7 08:00:00','245.29','1169574','limit','C000002433','SYKE','sell');
insert into stocks values('MDAS','C000001631');
insert into transaction ("volume","time","price","seller","buyer","stock") values('0','1975-11-7 08:00:00','98.32','admin','admin','MDAS');
insert into orders ("time","price","volume","type","trader","stock","cat") values('2014-11-7 08:00:00','98.32','1874531','limit','C000001631','MDAS','sell');
insert into stocks values('ACET','C000000037');
insert into transaction ("volume","time","price","seller","buyer","stock") values('0','1975-11-7 08:00:00','182.1','admin','admin','ACET');
insert into orders ("time","price","volume","type","trader","stock","cat") values('2014-11-7 08:00:00','182.1','1025575','limit','C000000037','ACET','sell');
insert into stocks values('RNET','C000002182');
insert into transaction ("volume","time","price","seller","buyer","stock") values('0','1975-11-7 08:00:00','56.58','admin','admin','RNET');
insert into orders ("time","price","volume","type","trader","stock","cat") values('2014-11-7 08:00:00','56.58','1960491','limit','C000002182','RNET','sell');
insert into stocks values('HDS','C000001219');
insert into transaction ("volume","time","price","seller","buyer","stock") values('0','1975-11-7 08:00:00','165.21','admin','admin','HDS');
insert into orders ("time","price","volume","type","trader","stock","cat") values('2014-11-7 08:00:00','165.21','1698872','limit','C000001219','HDS','sell');
insert into stocks values('GPOR','C000001190');
insert into transaction ("volume","time","price","seller","buyer","stock") values('0','1975-11-7 08:00:00','242.58','admin','admin','GPOR');
insert into orders ("time","price","volume","type","trader","stock","cat") values('2014-11-7 08:00:00','242.58','1111294','limit','C000001190','GPOR','sell');
insert into stocks values('QLIK','C000002095');
insert into transaction ("volume","time","price","seller","buyer","stock") values('0','1975-11-7 08:00:00','469.08','admin','admin','QLIK');
insert into orders ("time","price","volume","type","trader","stock","cat") values('2014-11-7 08:00:00','469.08','1260536','limit','C000002095','QLIK','sell');
insert into stocks values('EBIX','C000000813');
insert into transaction ("volume","time","price","seller","buyer","stock") values('0','1975-11-7 08:00:00','324.81','admin','admin','EBIX');
insert into orders ("time","price","volume","type","trader","stock","cat") values('2014-11-7 08:00:00','324.81','1515021','limit','C000000813','EBIX','sell');
insert into stocks values('NATI','C000001745');
insert into transaction ("volume","time","price","seller","buyer","stock") values('0','1975-11-7 08:00:00','466.26','admin','admin','NATI');
insert into orders ("time","price","volume","type","trader","stock","cat") values('2014-11-7 08:00:00','466.26','1196357','limit','C000001745','NATI','sell');
insert into stocks values('DFVS','C000002644');
insert into transaction ("volume","time","price","seller","buyer","stock") values('0','1975-11-7 08:00:00','426.05','admin','admin','DFVS');
insert into orders ("time","price","volume","type","trader","stock","cat") values('2014-11-7 08:00:00','426.05','1287482','limit','C000002644','DFVS','sell');
insert into stocks values('FEP','C000000998');
insert into transaction ("volume","time","price","seller","buyer","stock") values('0','1975-11-7 08:00:00','364.92','admin','admin','FEP');
insert into orders ("time","price","volume","type","trader","stock","cat") values('2014-11-7 08:00:00','364.92','1100210','limit','C000000998','FEP','sell');
insert into stocks values('WFM','C000002779');
insert into transaction ("volume","time","price","seller","buyer","stock") values('0','1975-11-7 08:00:00','204.97','admin','admin','WFM');
insert into orders ("time","price","volume","type","trader","stock","cat") values('2014-11-7 08:00:00','204.97','1058151','limit','C000002779','WFM','sell');
insert into stocks values('SNHY','C000002411');
insert into transaction ("volume","time","price","seller","buyer","stock") values('0','1975-11-7 08:00:00','280.63','admin','admin','SNHY');
insert into orders ("time","price","volume","type","trader","stock","cat") values('2014-11-7 08:00:00','280.63','1993586','limit','C000002411','SNHY','sell');
insert into stocks values('LKQ','C000001556');
insert into transaction ("volume","time","price","seller","buyer","stock") values('0','1975-11-7 08:00:00','283.22','admin','admin','LKQ');
insert into orders ("time","price","volume","type","trader","stock","cat") values('2014-11-7 08:00:00','283.22','1434524','limit','C000001556','LKQ','sell');
insert into stocks values('SMCI','C000002420');
insert into transaction ("volume","time","price","seller","buyer","stock") values('0','1975-11-7 08:00:00','279.06','admin','admin','SMCI');
insert into orders ("time","price","volume","type","trader","stock","cat") values('2014-11-7 08:00:00','279.06','1054275','limit','C000002420','SMCI','sell');
insert into stocks values('DISCB','C000000775');
insert into transaction ("volume","time","price","seller","buyer","stock") values('0','1975-11-7 08:00:00','131.77','admin','admin','DISCB');
insert into orders ("time","price","volume","type","trader","stock","cat") values('2014-11-7 08:00:00','131.77','1698556','limit','C000000775','DISCB','sell');
insert into stocks values('BDGE','C000000393');
insert into transaction ("volume","time","price","seller","buyer","stock") values('0','1975-11-7 08:00:00','103.15','admin','admin','BDGE');
insert into orders ("time","price","volume","type","trader","stock","cat") values('2014-11-7 08:00:00','103.15','1969954','limit','C000000393','BDGE','sell');
insert into stocks values('CXRX','C000000645');
insert into transaction ("volume","time","price","seller","buyer","stock") values('0','1975-11-7 08:00:00','72.62','admin','admin','CXRX');
insert into orders ("time","price","volume","type","trader","stock","cat") values('2014-11-7 08:00:00','72.62','1191188','limit','C000000645','CXRX','sell');
insert into stocks values('BMTC','C000000406');
insert into transaction ("volume","time","price","seller","buyer","stock") values('0','1975-11-7 08:00:00','347.84','admin','admin','BMTC');
insert into orders ("time","price","volume","type","trader","stock","cat") values('2014-11-7 08:00:00','347.84','1971416','limit','C000000406','BMTC','sell');
insert into stocks values('MRKT','C000001607');
insert into transaction ("volume","time","price","seller","buyer","stock") values('0','1975-11-7 08:00:00','406.94','admin','admin','MRKT');
insert into orders ("time","price","volume","type","trader","stock","cat") values('2014-11-7 08:00:00','406.94','1432358','limit','C000001607','MRKT','sell');
insert into stocks values('UBNT','C000002596');
insert into transaction ("volume","time","price","seller","buyer","stock") values('0','1975-11-7 08:00:00','385.05','admin','admin','UBNT');
insert into orders ("time","price","volume","type","trader","stock","cat") values('2014-11-7 08:00:00','385.05','1025800','limit','C000002596','UBNT','sell');
insert into stocks values('FOX','C000002588');
insert into transaction ("volume","time","price","seller","buyer","stock") values('0','1975-11-7 08:00:00','218.67','admin','admin','FOX');
insert into orders ("time","price","volume","type","trader","stock","cat") values('2014-11-7 08:00:00','218.67','1991135','limit','C000002588','FOX','sell');
insert into stocks values('HMIN','C000001258');
insert into transaction ("volume","time","price","seller","buyer","stock") values('0','1975-11-7 08:00:00','42.39','admin','admin','HMIN');
insert into orders ("time","price","volume","type","trader","stock","cat") values('2014-11-7 08:00:00','42.39','1759827','limit','C000001258','HMIN','sell');
insert into stocks values('FNHC','C000000931');
insert into transaction ("volume","time","price","seller","buyer","stock") values('0','1975-11-7 08:00:00','17.22','admin','admin','FNHC');
insert into orders ("time","price","volume","type","trader","stock","cat") values('2014-11-7 08:00:00','17.22','1274134','limit','C000000931','FNHC','sell');
insert into stocks values('TTEC','C000002471');
insert into transaction ("volume","time","price","seller","buyer","stock") values('0','1975-11-7 08:00:00','44.55','admin','admin','TTEC');
insert into orders ("time","price","volume","type","trader","stock","cat") values('2014-11-7 08:00:00','44.55','1280741','limit','C000002471','TTEC','sell');
insert into stocks values('MANT','C000001600');
insert into transaction ("volume","time","price","seller","buyer","stock") values('0','1975-11-7 08:00:00','114.33','admin','admin','MANT');
insert into orders ("time","price","volume","type","trader","stock","cat") values('2014-11-7 08:00:00','114.33','1982179','limit','C000001600','MANT','sell');
insert into stocks values('CHUY','C000000568');
insert into transaction ("volume","time","price","seller","buyer","stock") values('0','1975-11-7 08:00:00','481.45','admin','admin','CHUY');
insert into orders ("time","price","volume","type","trader","stock","cat") values('2014-11-7 08:00:00','481.45','1910609','limit','C000000568','CHUY','sell');
insert into stocks values('SCTY','C000002328');
insert into transaction ("volume","time","price","seller","buyer","stock") values('0','1975-11-7 08:00:00','238.5','admin','admin','SCTY');
insert into orders ("time","price","volume","type","trader","stock","cat") values('2014-11-7 08:00:00','238.5','1337906','limit','C000002328','SCTY','sell');
insert into stocks values('ZION','C000002856');
insert into transaction ("volume","time","price","seller","buyer","stock") values('0','1975-11-7 08:00:00','356.71','admin','admin','ZION');
insert into orders ("time","price","volume","type","trader","stock","cat") values('2014-11-7 08:00:00','356.71','1002670','limit','C000002856','ZION','sell');
insert into stocks values('BBC','C000000346');
insert into transaction ("volume","time","price","seller","buyer","stock") values('0','1975-11-7 08:00:00','245.4','admin','admin','BBC');
insert into orders ("time","price","volume","type","trader","stock","cat") values('2014-11-7 08:00:00','245.4','1716341','limit','C000000346','BBC','sell');
insert into stocks values('CNCR','C000001563');
insert into transaction ("volume","time","price","seller","buyer","stock") values('0','1975-11-7 08:00:00','100.36','admin','admin','CNCR');
insert into orders ("time","price","volume","type","trader","stock","cat") values('2014-11-7 08:00:00','100.36','1571135','limit','C000001563','CNCR','sell');
insert into stocks values('EMIF','C000001410');
insert into transaction ("volume","time","price","seller","buyer","stock") values('0','1975-11-7 08:00:00','281.45','admin','admin','EMIF');
insert into orders ("time","price","volume","type","trader","stock","cat") values('2014-11-7 08:00:00','281.45','1713615','limit','C000001410','EMIF','sell');
insert into stocks values('BPOP','C000002011');
insert into transaction ("volume","time","price","seller","buyer","stock") values('0','1975-11-7 08:00:00','96.81','admin','admin','BPOP');
insert into orders ("time","price","volume","type","trader","stock","cat") values('2014-11-7 08:00:00','96.81','1151910','limit','C000002011','BPOP','sell');
insert into stocks values('MKTO','C000001606');
insert into transaction ("volume","time","price","seller","buyer","stock") values('0','1975-11-7 08:00:00','402.57','admin','admin','MKTO');
insert into orders ("time","price","volume","type","trader","stock","cat") values('2014-11-7 08:00:00','402.57','1022670','limit','C000001606','MKTO','sell');
insert into stocks values('FOXA','C000002588');
insert into transaction ("volume","time","price","seller","buyer","stock") values('0','1975-11-7 08:00:00','318.32','admin','admin','FOXA');
insert into orders ("time","price","volume","type","trader","stock","cat") values('2014-11-7 08:00:00','318.32','1812922','limit','C000002588','FOXA','sell');
insert into stocks values('ASPS','C000000123');
insert into transaction ("volume","time","price","seller","buyer","stock") values('0','1975-11-7 08:00:00','174.37','admin','admin','ASPS');
insert into orders ("time","price","volume","type","trader","stock","cat") values('2014-11-7 08:00:00','174.37','1544859','limit','C000000123','ASPS','sell');
insert into stocks values('JRVR','C000001436');
insert into transaction ("volume","time","price","seller","buyer","stock") values('0','1975-11-7 08:00:00','273.01','admin','admin','JRVR');
insert into orders ("time","price","volume","type","trader","stock","cat") values('2014-11-7 08:00:00','273.01','1713376','limit','C000001436','JRVR','sell');
insert into stocks values('PEGA','C000001957');
insert into transaction ("volume","time","price","seller","buyer","stock") values('0','1975-11-7 08:00:00','35.28','admin','admin','PEGA');
insert into orders ("time","price","volume","type","trader","stock","cat") values('2014-11-7 08:00:00','35.28','1191166','limit','C000001957','PEGA','sell');
insert into stocks values('DISCA','C000000775');
insert into transaction ("volume","time","price","seller","buyer","stock") values('0','1975-11-7 08:00:00','449.71','admin','admin','DISCA');
insert into orders ("time","price","volume","type","trader","stock","cat") values('2014-11-7 08:00:00','449.71','1988603','limit','C000000775','DISCA','sell');
insert into stocks values('REMY','C000002153');
insert into transaction ("volume","time","price","seller","buyer","stock") values('0','1975-11-7 08:00:00','419.03','admin','admin','REMY');
insert into orders ("time","price","volume","type","trader","stock","cat") values('2014-11-7 08:00:00','419.03','1639112','limit','C000002153','REMY','sell');
insert into stocks values('URBN','C000002639');
insert into transaction ("volume","time","price","seller","buyer","stock") values('0','1975-11-7 08:00:00','142.97','admin','admin','URBN');
insert into orders ("time","price","volume","type","trader","stock","cat") values('2014-11-7 08:00:00','142.97','1201250','limit','C000002639','URBN','sell');
insert into stocks values('HBHC','C000001201');
insert into transaction ("volume","time","price","seller","buyer","stock") values('0','1975-11-7 08:00:00','492.5','admin','admin','HBHC');
insert into orders ("time","price","volume","type","trader","stock","cat") values('2014-11-7 08:00:00','492.5','1827285','limit','C000001201','HBHC','sell');
insert into stocks values('SAL','C000002221');
insert into transaction ("volume","time","price","seller","buyer","stock") values('0','1975-11-7 08:00:00','292.29','admin','admin','SAL');
insert into orders ("time","price","volume","type","trader","stock","cat") values('2014-11-7 08:00:00','292.29','1928948','limit','C000002221','SAL','sell');
insert into stocks values('EFSC','C000000871');
insert into transaction ("volume","time","price","seller","buyer","stock") values('0','1975-11-7 08:00:00','11.3','admin','admin','EFSC');
insert into orders ("time","price","volume","type","trader","stock","cat") values('2014-11-7 08:00:00','11.3','1207539','limit','C000000871','EFSC','sell');
insert into stocks values('RSTI','C000002194');
insert into transaction ("volume","time","price","seller","buyer","stock") values('0','1975-11-7 08:00:00','371.97','admin','admin','RSTI');
insert into orders ("time","price","volume","type","trader","stock","cat") values('2014-11-7 08:00:00','371.97','1957933','limit','C000002194','RSTI','sell');
insert into stocks values('HTHT','C000000556');
insert into transaction ("volume","time","price","seller","buyer","stock") values('0','1975-11-7 08:00:00','249.12','admin','admin','HTHT');
insert into orders ("time","price","volume","type","trader","stock","cat") values('2014-11-7 08:00:00','249.12','1301980','limit','C000000556','HTHT','sell');
insert into stocks values('GLPI','C000001101');
insert into transaction ("volume","time","price","seller","buyer","stock") values('0','1975-11-7 08:00:00','389.53','admin','admin','GLPI');
insert into orders ("time","price","volume","type","trader","stock","cat") values('2014-11-7 08:00:00','389.53','1096020','limit','C000001101','GLPI','sell');
insert into stocks values('FIBK','C000000974');
insert into transaction ("volume","time","price","seller","buyer","stock") values('0','1975-11-7 08:00:00','375.33','admin','admin','FIBK');
insert into orders ("time","price","volume","type","trader","stock","cat") values('2014-11-7 08:00:00','375.33','1637085','limit','C000000974','FIBK','sell');
insert into stocks values('EBAY','C000000812');
insert into transaction ("volume","time","price","seller","buyer","stock") values('0','1975-11-7 08:00:00','471.87','admin','admin','EBAY');
insert into orders ("time","price","volume","type","trader","stock","cat") values('2014-11-7 08:00:00','471.87','1070495','limit','C000000812','EBAY','sell');
insert into stocks values('AMAG','C000000125');
insert into transaction ("volume","time","price","seller","buyer","stock") values('0','1975-11-7 08:00:00','188.84','admin','admin','AMAG');
insert into orders ("time","price","volume","type","trader","stock","cat") values('2014-11-7 08:00:00','188.84','1121444','limit','C000000125','AMAG','sell');
insert into stocks values('AKRX','C000000091');
insert into transaction ("volume","time","price","seller","buyer","stock") values('0','1975-11-7 08:00:00','415.57','admin','admin','AKRX');
insert into orders ("time","price","volume","type","trader","stock","cat") values('2014-11-7 08:00:00','415.57','1064408','limit','C000000091','AKRX','sell');
insert into stocks values('SABR','C000002213');
insert into transaction ("volume","time","price","seller","buyer","stock") values('0','1975-11-7 08:00:00','193.71','admin','admin','SABR');
insert into orders ("time","price","volume","type","trader","stock","cat") values('2014-11-7 08:00:00','193.71','1958197','limit','C000002213','SABR','sell');
insert into stocks values('GLNG','C000001154');
insert into transaction ("volume","time","price","seller","buyer","stock") values('0','1975-11-7 08:00:00','328.78','admin','admin','GLNG');
insert into orders ("time","price","volume","type","trader","stock","cat") values('2014-11-7 08:00:00','328.78','1420767','limit','C000001154','GLNG','sell');
insert into stocks values('NBTB','C000001757');
insert into transaction ("volume","time","price","seller","buyer","stock") values('0','1975-11-7 08:00:00','127.29','admin','admin','NBTB');
insert into orders ("time","price","volume","type","trader","stock","cat") values('2014-11-7 08:00:00','127.29','1970872','limit','C000001757','NBTB','sell');
insert into stocks values('MGRC','C000001627');
insert into transaction ("volume","time","price","seller","buyer","stock") values('0','1975-11-7 08:00:00','342.21','admin','admin','MGRC');
insert into orders ("time","price","volume","type","trader","stock","cat") values('2014-11-7 08:00:00','342.21','1011706','limit','C000001627','MGRC','sell');
insert into stocks values('FEMS','C000000996');
insert into transaction ("volume","time","price","seller","buyer","stock") values('0','1975-11-7 08:00:00','153.54','admin','admin','FEMS');
insert into orders ("time","price","volume","type","trader","stock","cat") values('2014-11-7 08:00:00','153.54','1730652','limit','C000000996','FEMS','sell');
insert into stocks values('CHRS','C000000613');
insert into transaction ("volume","time","price","seller","buyer","stock") values('0','1975-11-7 08:00:00','322.14','admin','admin','CHRS');
insert into orders ("time","price","volume","type","trader","stock","cat") values('2014-11-7 08:00:00','322.14','1394112','limit','C000000613','CHRS','sell');
insert into stocks values('CHSCO','C000000566');
insert into transaction ("volume","time","price","seller","buyer","stock") values('0','1975-11-7 08:00:00','462.1','admin','admin','CHSCO');
insert into orders ("time","price","volume","type","trader","stock","cat") values('2014-11-7 08:00:00','462.1','1097743','limit','C000000566','CHSCO','sell');
insert into stocks values('AEIS','C000000060');
insert into transaction ("volume","time","price","seller","buyer","stock") values('0','1975-11-7 08:00:00','383.7','admin','admin','AEIS');
insert into orders ("time","price","volume","type","trader","stock","cat") values('2014-11-7 08:00:00','383.7','1225815','limit','C000000060','AEIS','sell');
insert into stocks values('GBLI','C000001137');
insert into transaction ("volume","time","price","seller","buyer","stock") values('0','1975-11-7 08:00:00','90.98','admin','admin','GBLI');
insert into orders ("time","price","volume","type","trader","stock","cat") values('2014-11-7 08:00:00','90.98','1696706','limit','C000001137','GBLI','sell');
insert into stocks values('FPA','C000000984');
insert into transaction ("volume","time","price","seller","buyer","stock") values('0','1975-11-7 08:00:00','497.56','admin','admin','FPA');
insert into orders ("time","price","volume","type","trader","stock","cat") values('2014-11-7 08:00:00','497.56','1841544','limit','C000000984','FPA','sell');
insert into stocks values('IFGL','C000001398');
insert into transaction ("volume","time","price","seller","buyer","stock") values('0','1975-11-7 08:00:00','104.97','admin','admin','IFGL');
insert into orders ("time","price","volume","type","trader","stock","cat") values('2014-11-7 08:00:00','104.97','1204212','limit','C000001398','IFGL','sell');
insert into stocks values('OVTI','C000001864');
insert into transaction ("volume","time","price","seller","buyer","stock") values('0','1975-11-7 08:00:00','248.1','admin','admin','OVTI');
insert into orders ("time","price","volume","type","trader","stock","cat") values('2014-11-7 08:00:00','248.1','1237731','limit','C000001864','OVTI','sell');
insert into stocks values('JD','C000001440');
insert into transaction ("volume","time","price","seller","buyer","stock") values('0','1975-11-7 08:00:00','113.39','admin','admin','JD');
insert into orders ("time","price","volume","type","trader","stock","cat") values('2014-11-7 08:00:00','113.39','1802352','limit','C000001440','JD','sell');
insert into stocks values('LGIH','C000001522');
insert into transaction ("volume","time","price","seller","buyer","stock") values('0','1975-11-7 08:00:00','301.98','admin','admin','LGIH');
insert into orders ("time","price","volume","type","trader","stock","cat") values('2014-11-7 08:00:00','301.98','1603247','limit','C000001522','LGIH','sell');
insert into stocks values('NWFL','C000001812');
insert into transaction ("volume","time","price","seller","buyer","stock") values('0','1975-11-7 08:00:00','366.63','admin','admin','NWFL');
insert into orders ("time","price","volume","type","trader","stock","cat") values('2014-11-7 08:00:00','366.63','1191249','limit','C000001812','NWFL','sell');
insert into stocks values('GBCI','C000001128');
insert into transaction ("volume","time","price","seller","buyer","stock") values('0','1975-11-7 08:00:00','484.71','admin','admin','GBCI');
insert into orders ("time","price","volume","type","trader","stock","cat") values('2014-11-7 08:00:00','484.71','1106816','limit','C000001128','GBCI','sell');
insert into stocks values('NRIM','C000001807');
insert into transaction ("volume","time","price","seller","buyer","stock") values('0','1975-11-7 08:00:00','114.1','admin','admin','NRIM');
insert into orders ("time","price","volume","type","trader","stock","cat") values('2014-11-7 08:00:00','114.1','1272892','limit','C000001807','NRIM','sell');
insert into stocks values('SASR','C000002224');
insert into transaction ("volume","time","price","seller","buyer","stock") values('0','1975-11-7 08:00:00','55.59','admin','admin','SASR');
insert into orders ("time","price","volume","type","trader","stock","cat") values('2014-11-7 08:00:00','55.59','1303360','limit','C000002224','SASR','sell');
insert into stocks values('PDVW','C000001913');
insert into transaction ("volume","time","price","seller","buyer","stock") values('0','1975-11-7 08:00:00','205.77','admin','admin','PDVW');
insert into orders ("time","price","volume","type","trader","stock","cat") values('2014-11-7 08:00:00','205.77','1828428','limit','C000001913','PDVW','sell');
insert into stocks values('GCBC','C000001174');
insert into transaction ("volume","time","price","seller","buyer","stock") values('0','1975-11-7 08:00:00','276.22','admin','admin','GCBC');
insert into orders ("time","price","volume","type","trader","stock","cat") values('2014-11-7 08:00:00','276.22','1982016','limit','C000001174','GCBC','sell');
insert into stocks values('EPAY','C000000387');
insert into transaction ("volume","time","price","seller","buyer","stock") values('0','1975-11-7 08:00:00','427.49','admin','admin','EPAY');
insert into orders ("time","price","volume","type","trader","stock","cat") values('2014-11-7 08:00:00','427.49','1377860','limit','C000000387','EPAY','sell');
insert into stocks values('AHGP','C000000109');
insert into transaction ("volume","time","price","seller","buyer","stock") values('0','1975-11-7 08:00:00','323.79','admin','admin','AHGP');
insert into orders ("time","price","volume","type","trader","stock","cat") values('2014-11-7 08:00:00','323.79','1672388','limit','C000000109','AHGP','sell');
insert into stocks values('DERM','C000000753');
insert into transaction ("volume","time","price","seller","buyer","stock") values('0','1975-11-7 08:00:00','302.57','admin','admin','DERM');
insert into orders ("time","price","volume","type","trader","stock","cat") values('2014-11-7 08:00:00','302.57','1846059','limit','C000000753','DERM','sell');
insert into stocks values('IBOC','C000001363');
insert into transaction ("volume","time","price","seller","buyer","stock") values('0','1975-11-7 08:00:00','111.66','admin','admin','IBOC');
insert into orders ("time","price","volume","type","trader","stock","cat") values('2014-11-7 08:00:00','111.66','1386457','limit','C000001363','IBOC','sell');
insert into stocks values('CSCO','C000000578');
insert into transaction ("volume","time","price","seller","buyer","stock") values('0','1975-11-7 08:00:00','177.7','admin','admin','CSCO');
insert into orders ("time","price","volume","type","trader","stock","cat") values('2014-11-7 08:00:00','177.7','1252800','limit','C000000578','CSCO','sell');
insert into stocks values('ADRA','C000000362');
insert into transaction ("volume","time","price","seller","buyer","stock") values('0','1975-11-7 08:00:00','385.85','admin','admin','ADRA');
insert into orders ("time","price","volume","type","trader","stock","cat") values('2014-11-7 08:00:00','385.85','1159041','limit','C000000362','ADRA','sell');
insert into stocks values('AROW','C000000229');
insert into transaction ("volume","time","price","seller","buyer","stock") values('0','1975-11-7 08:00:00','122.01','admin','admin','AROW');
insert into orders ("time","price","volume","type","trader","stock","cat") values('2014-11-7 08:00:00','122.01','1843922','limit','C000000229','AROW','sell');
insert into stocks values('ARRS','C000000227');
insert into transaction ("volume","time","price","seller","buyer","stock") values('0','1975-11-7 08:00:00','186.15','admin','admin','ARRS');
insert into orders ("time","price","volume","type","trader","stock","cat") values('2014-11-7 08:00:00','186.15','1147582','limit','C000000227','ARRS','sell');
insert into stocks values('SENEA','C000002258');
insert into transaction ("volume","time","price","seller","buyer","stock") values('0','1975-11-7 08:00:00','309.43','admin','admin','SENEA');
insert into orders ("time","price","volume","type","trader","stock","cat") values('2014-11-7 08:00:00','309.43','1327133','limit','C000002258','SENEA','sell');
insert into stocks values('DGRS','C000002807');
insert into transaction ("volume","time","price","seller","buyer","stock") values('0','1975-11-7 08:00:00','231.86','admin','admin','DGRS');
insert into orders ("time","price","volume","type","trader","stock","cat") values('2014-11-7 08:00:00','231.86','1959510','limit','C000002807','DGRS','sell');
insert into stocks values('DXGE','C000002799');
insert into transaction ("volume","time","price","seller","buyer","stock") values('0','1975-11-7 08:00:00','292.77','admin','admin','DXGE');
insert into orders ("time","price","volume","type","trader","stock","cat") values('2014-11-7 08:00:00','292.77','1704493','limit','C000002799','DXGE','sell');
insert into stocks values('ZG','C000002854');
insert into transaction ("volume","time","price","seller","buyer","stock") values('0','1975-11-7 08:00:00','90.87','admin','admin','ZG');
insert into orders ("time","price","volume","type","trader","stock","cat") values('2014-11-7 08:00:00','90.87','1267926','limit','C000002854','ZG','sell');
insert into stocks values('HRTX','C000001241');
insert into transaction ("volume","time","price","seller","buyer","stock") values('0','1975-11-7 08:00:00','414.58','admin','admin','HRTX');
insert into orders ("time","price","volume","type","trader","stock","cat") values('2014-11-7 08:00:00','414.58','1111761','limit','C000001241','HRTX','sell');
insert into stocks values('FITBI','C000000944');
insert into transaction ("volume","time","price","seller","buyer","stock") values('0','1975-11-7 08:00:00','278.93','admin','admin','FITBI');
insert into orders ("time","price","volume","type","trader","stock","cat") values('2014-11-7 08:00:00','278.93','1435553','limit','C000000944','FITBI','sell');
insert into stocks values('WEYS','C000002776');
insert into transaction ("volume","time","price","seller","buyer","stock") values('0','1975-11-7 08:00:00','221.47','admin','admin','WEYS');
insert into orders ("time","price","volume","type","trader","stock","cat") values('2014-11-7 08:00:00','221.47','1352437','limit','C000002776','WEYS','sell');
insert into stocks values('AFCB','C000000251');
insert into transaction ("volume","time","price","seller","buyer","stock") values('0','1975-11-7 08:00:00','201.13','admin','admin','AFCB');
insert into orders ("time","price","volume","type","trader","stock","cat") values('2014-11-7 08:00:00','201.13','1904982','limit','C000000251','AFCB','sell');
insert into stocks values('FLIC','C000002505');
insert into transaction ("volume","time","price","seller","buyer","stock") values('0','1975-11-7 08:00:00','121.65','admin','admin','FLIC');
insert into orders ("time","price","volume","type","trader","stock","cat") values('2014-11-7 08:00:00','121.65','1628267','limit','C000002505','FLIC','sell');
insert into stocks values('SONC','C000002331');
insert into transaction ("volume","time","price","seller","buyer","stock") values('0','1975-11-7 08:00:00','445.12','admin','admin','SONC');
insert into orders ("time","price","volume","type","trader","stock","cat") values('2014-11-7 08:00:00','445.12','1214231','limit','C000002331','SONC','sell');
insert into stocks values('SBSI','C000002345');
insert into transaction ("volume","time","price","seller","buyer","stock") values('0','1975-11-7 08:00:00','464.12','admin','admin','SBSI');
insert into orders ("time","price","volume","type","trader","stock","cat") values('2014-11-7 08:00:00','464.12','1132540','limit','C000002345','SBSI','sell');
insert into stocks values('MMLP','C000001612');
insert into transaction ("volume","time","price","seller","buyer","stock") values('0','1975-11-7 08:00:00','75.72','admin','admin','MMLP');
insert into orders ("time","price","volume","type","trader","stock","cat") values('2014-11-7 08:00:00','75.72','1491466','limit','C000001612','MMLP','sell');
insert into stocks values('HNNA','C000001233');
insert into transaction ("volume","time","price","seller","buyer","stock") values('0','1975-11-7 08:00:00','61.93','admin','admin','HNNA');
insert into orders ("time","price","volume","type","trader","stock","cat") values('2014-11-7 08:00:00','61.93','1275600','limit','C000001233','HNNA','sell');
insert into stocks values('TBNK','C000002477');
insert into transaction ("volume","time","price","seller","buyer","stock") values('0','1975-11-7 08:00:00','395.14','admin','admin','TBNK');
insert into orders ("time","price","volume","type","trader","stock","cat") values('2014-11-7 08:00:00','395.14','1558261','limit','C000002477','TBNK','sell');
insert into stocks values('DISCK','C000000775');
insert into transaction ("volume","time","price","seller","buyer","stock") values('0','1975-11-7 08:00:00','53.02','admin','admin','DISCK');
insert into orders ("time","price","volume","type","trader","stock","cat") values('2014-11-7 08:00:00','53.02','1024465','limit','C000000775','DISCK','sell');
insert into stocks values('EEML','C000001403');
insert into transaction ("volume","time","price","seller","buyer","stock") values('0','1975-11-7 08:00:00','429.72','admin','admin','EEML');
insert into orders ("time","price","volume","type","trader","stock","cat") values('2014-11-7 08:00:00','429.72','1093381','limit','C000001403','EEML','sell');
insert into stocks values('FFKT','C000000923');
insert into transaction ("volume","time","price","seller","buyer","stock") values('0','1975-11-7 08:00:00','40.01','admin','admin','FFKT');
insert into orders ("time","price","volume","type","trader","stock","cat") values('2014-11-7 08:00:00','40.01','1700138','limit','C000000923','FFKT','sell');
insert into stocks values('CHSCL','C000000566');
insert into transaction ("volume","time","price","seller","buyer","stock") values('0','1975-11-7 08:00:00','202.65','admin','admin','CHSCL');
insert into orders ("time","price","volume","type","trader","stock","cat") values('2014-11-7 08:00:00','202.65','1605102','limit','C000000566','CHSCL','sell');
insert into stocks values('LAWS','C000001512');
insert into transaction ("volume","time","price","seller","buyer","stock") values('0','1975-11-7 08:00:00','337.34','admin','admin','LAWS');
insert into orders ("time","price","volume","type","trader","stock","cat") values('2014-11-7 08:00:00','337.34','1494890','limit','C000001512','LAWS','sell');
insert into stocks values('TCX','C000002582');
insert into transaction ("volume","time","price","seller","buyer","stock") values('0','1975-11-7 08:00:00','76.32','admin','admin','TCX');
insert into orders ("time","price","volume","type","trader","stock","cat") values('2014-11-7 08:00:00','76.32','1089425','limit','C000002582','TCX','sell');
insert into stocks values('PVTBP','C000002057');
insert into transaction ("volume","time","price","seller","buyer","stock") values('0','1975-11-7 08:00:00','438.24','admin','admin','PVTBP');
insert into orders ("time","price","volume","type","trader","stock","cat") values('2014-11-7 08:00:00','438.24','1624857','limit','C000002057','PVTBP','sell');
insert into stocks values('HSII','C000001229');
insert into transaction ("volume","time","price","seller","buyer","stock") values('0','1975-11-7 08:00:00','59.94','admin','admin','HSII');
insert into orders ("time","price","volume","type","trader","stock","cat") values('2014-11-7 08:00:00','59.94','1586797','limit','C000001229','HSII','sell');
insert into stocks values('FPXI','C000001007');
insert into transaction ("volume","time","price","seller","buyer","stock") values('0','1975-11-7 08:00:00','301.5','admin','admin','FPXI');
insert into orders ("time","price","volume","type","trader","stock","cat") values('2014-11-7 08:00:00','301.5','1696555','limit','C000001007','FPXI','sell');
insert into stocks values('HURC','C000001280');
insert into transaction ("volume","time","price","seller","buyer","stock") values('0','1975-11-7 08:00:00','155.55','admin','admin','HURC');
insert into orders ("time","price","volume","type","trader","stock","cat") values('2014-11-7 08:00:00','155.55','1089300','limit','C000001280','HURC','sell');
insert into stocks values('CHSCN','C000000566');
insert into transaction ("volume","time","price","seller","buyer","stock") values('0','1975-11-7 08:00:00','422.4','admin','admin','CHSCN');
insert into orders ("time","price","volume","type","trader","stock","cat") values('2014-11-7 08:00:00','422.4','1805282','limit','C000000566','CHSCN','sell');
insert into stocks values('NVDA','C000001829');
insert into transaction ("volume","time","price","seller","buyer","stock") values('0','1975-11-7 08:00:00','445.95','admin','admin','NVDA');
insert into orders ("time","price","volume","type","trader","stock","cat") values('2014-11-7 08:00:00','445.95','1132200','limit','C000001829','NVDA','sell');
insert into stocks values('NATL','C000001746');
insert into transaction ("volume","time","price","seller","buyer","stock") values('0','1975-11-7 08:00:00','347.37','admin','admin','NATL');
insert into orders ("time","price","volume","type","trader","stock","cat") values('2014-11-7 08:00:00','347.37','1916246','limit','C000001746','NATL','sell');
insert into stocks values('FTD','C000001083');
insert into transaction ("volume","time","price","seller","buyer","stock") values('0','1975-11-7 08:00:00','423.0','admin','admin','FTD');
insert into orders ("time","price","volume","type","trader","stock","cat") values('2014-11-7 08:00:00','423.0','1194930','limit','C000001083','FTD','sell');
insert into stocks values('AIMC','C000000124');
insert into transaction ("volume","time","price","seller","buyer","stock") values('0','1975-11-7 08:00:00','421.82','admin','admin','AIMC');
insert into orders ("time","price","volume","type","trader","stock","cat") values('2014-11-7 08:00:00','421.82','1322802','limit','C000000124','AIMC','sell');
insert into stocks values('INDY','C000001413');
insert into transaction ("volume","time","price","seller","buyer","stock") values('0','1975-11-7 08:00:00','201.3','admin','admin','INDY');
insert into orders ("time","price","volume","type","trader","stock","cat") values('2014-11-7 08:00:00','201.3','1160510','limit','C000001413','INDY','sell');
insert into stocks values('MTEX','C000001598');
insert into transaction ("volume","time","price","seller","buyer","stock") values('0','1975-11-7 08:00:00','264.0','admin','admin','MTEX');
insert into orders ("time","price","volume","type","trader","stock","cat") values('2014-11-7 08:00:00','264.0','1831882','limit','C000001598','MTEX','sell');
insert into stocks values('WERN','C000002764');
insert into transaction ("volume","time","price","seller","buyer","stock") values('0','1975-11-7 08:00:00','250.68','admin','admin','WERN');
insert into orders ("time","price","volume","type","trader","stock","cat") values('2014-11-7 08:00:00','250.68','1811324','limit','C000002764','WERN','sell');
insert into stocks values('VWR','C000002746');
insert into transaction ("volume","time","price","seller","buyer","stock") values('0','1975-11-7 08:00:00','172.28','admin','admin','VWR');
insert into orders ("time","price","volume","type","trader","stock","cat") values('2014-11-7 08:00:00','172.28','1521748','limit','C000002746','VWR','sell');
insert into stocks values('ESPR','C000000887');
insert into transaction ("volume","time","price","seller","buyer","stock") values('0','1975-11-7 08:00:00','46.45','admin','admin','ESPR');
insert into orders ("time","price","volume","type","trader","stock","cat") values('2014-11-7 08:00:00','46.45','1762128','limit','C000000887','ESPR','sell');
insert into stocks values('CA','C000000414');
insert into transaction ("volume","time","price","seller","buyer","stock") values('0','1975-11-7 08:00:00','211.89','admin','admin','CA');
insert into orders ("time","price","volume","type","trader","stock","cat") values('2014-11-7 08:00:00','211.89','1695423','limit','C000000414','CA','sell');
insert into stocks values('KFRC','C000001471');
insert into transaction ("volume","time","price","seller","buyer","stock") values('0','1975-11-7 08:00:00','467.02','admin','admin','KFRC');
insert into orders ("time","price","volume","type","trader","stock","cat") values('2014-11-7 08:00:00','467.02','1667251','limit','C000001471','KFRC','sell');
insert into stocks values('LARK','C000001504');
insert into transaction ("volume","time","price","seller","buyer","stock") values('0','1975-11-7 08:00:00','17.52','admin','admin','LARK');
insert into orders ("time","price","volume","type","trader","stock","cat") values('2014-11-7 08:00:00','17.52','1645324','limit','C000001504','LARK','sell');
insert into stocks values('IPAR','C000001354');
insert into transaction ("volume","time","price","seller","buyer","stock") values('0','1975-11-7 08:00:00','243.83','admin','admin','IPAR');
insert into orders ("time","price","volume","type","trader","stock","cat") values('2014-11-7 08:00:00','243.83','1383884','limit','C000001354','IPAR','sell');
insert into stocks values('OMCL','C000001863');
insert into transaction ("volume","time","price","seller","buyer","stock") values('0','1975-11-7 08:00:00','238.56','admin','admin','OMCL');
insert into orders ("time","price","volume","type","trader","stock","cat") values('2014-11-7 08:00:00','238.56','1784292','limit','C000001863','OMCL','sell');
insert into stocks values('FLIR','C000001054');
insert into transaction ("volume","time","price","seller","buyer","stock") values('0','1975-11-7 08:00:00','471.7','admin','admin','FLIR');
insert into orders ("time","price","volume","type","trader","stock","cat") values('2014-11-7 08:00:00','471.7','1766275','limit','C000001054','FLIR','sell');
insert into stocks values('SSYS','C000002397');
insert into transaction ("volume","time","price","seller","buyer","stock") values('0','1975-11-7 08:00:00','174.74','admin','admin','SSYS');
insert into orders ("time","price","volume","type","trader","stock","cat") values('2014-11-7 08:00:00','174.74','1403710','limit','C000002397','SSYS','sell');
insert into stocks values('GYRO','C000001193');
insert into transaction ("volume","time","price","seller","buyer","stock") values('0','1975-11-7 08:00:00','69.3','admin','admin','GYRO');
insert into orders ("time","price","volume","type","trader","stock","cat") values('2014-11-7 08:00:00','69.3','1096633','limit','C000001193','GYRO','sell');
insert into stocks values('NSIT','C000001340');
insert into transaction ("volume","time","price","seller","buyer","stock") values('0','1975-11-7 08:00:00','272.8','admin','admin','NSIT');
insert into orders ("time","price","volume","type","trader","stock","cat") values('2014-11-7 08:00:00','272.8','1963764','limit','C000001340','NSIT','sell');
insert into stocks values('CHMG','C000000536');
insert into transaction ("volume","time","price","seller","buyer","stock") values('0','1975-11-7 08:00:00','42.22','admin','admin','CHMG');
insert into orders ("time","price","volume","type","trader","stock","cat") values('2014-11-7 08:00:00','42.22','1983379','limit','C000000536','CHMG','sell');
insert into stocks values('WSFSL','C000002820');
insert into transaction ("volume","time","price","seller","buyer","stock") values('0','1975-11-7 08:00:00','73.75','admin','admin','WSFSL');
insert into orders ("time","price","volume","type","trader","stock","cat") values('2014-11-7 08:00:00','73.75','1811984','limit','C000002820','WSFSL','sell');
insert into stocks values('MENT','C000001647');
insert into transaction ("volume","time","price","seller","buyer","stock") values('0','1975-11-7 08:00:00','148.58','admin','admin','MENT');
insert into orders ("time","price","volume","type","trader","stock","cat") values('2014-11-7 08:00:00','148.58','1353039','limit','C000001647','MENT','sell');
insert into stocks values('DNBF','C000000781');
insert into transaction ("volume","time","price","seller","buyer","stock") values('0','1975-11-7 08:00:00','154.98','admin','admin','DNBF');
insert into orders ("time","price","volume","type","trader","stock","cat") values('2014-11-7 08:00:00','154.98','1019735','limit','C000000781','DNBF','sell');
insert into stocks values('CHSCM','C000000566');
insert into transaction ("volume","time","price","seller","buyer","stock") values('0','1975-11-7 08:00:00','435.15','admin','admin','CHSCM');
insert into orders ("time","price","volume","type","trader","stock","cat") values('2014-11-7 08:00:00','435.15','1852913','limit','C000000566','CHSCM','sell');
insert into stocks values('LJPC','C000001494');
insert into transaction ("volume","time","price","seller","buyer","stock") values('0','1975-11-7 08:00:00','295.13','admin','admin','LJPC');
insert into orders ("time","price","volume","type","trader","stock","cat") values('2014-11-7 08:00:00','295.13','1389453','limit','C000001494','LJPC','sell');
insert into stocks values('CEMP','C000000504');
insert into transaction ("volume","time","price","seller","buyer","stock") values('0','1975-11-7 08:00:00','21.76','admin','admin','CEMP');
insert into orders ("time","price","volume","type","trader","stock","cat") values('2014-11-7 08:00:00','21.76','1566953','limit','C000000504','CEMP','sell');
insert into stocks values('UNB','C000002609');
insert into transaction ("volume","time","price","seller","buyer","stock") values('0','1975-11-7 08:00:00','199.27','admin','admin','UNB');
insert into orders ("time","price","volume","type","trader","stock","cat") values('2014-11-7 08:00:00','199.27','1718558','limit','C000002609','UNB','sell');
insert into stocks values('CREE','C000000688');
insert into transaction ("volume","time","price","seller","buyer","stock") values('0','1975-11-7 08:00:00','292.63','admin','admin','CREE');
insert into orders ("time","price","volume","type","trader","stock","cat") values('2014-11-7 08:00:00','292.63','1934423','limit','C000000688','CREE','sell');
insert into stocks values('ADRO','C000000059');
insert into transaction ("volume","time","price","seller","buyer","stock") values('0','1975-11-7 08:00:00','274.75','admin','admin','ADRO');
insert into orders ("time","price","volume","type","trader","stock","cat") values('2014-11-7 08:00:00','274.75','1607547','limit','C000000059','ADRO','sell');
insert into stocks values('TTEK','C000002483');
insert into transaction ("volume","time","price","seller","buyer","stock") values('0','1975-11-7 08:00:00','95.05','admin','admin','TTEK');
insert into orders ("time","price","volume","type","trader","stock","cat") values('2014-11-7 08:00:00','95.05','1464846','limit','C000002483','TTEK','sell');
insert into stocks values('PTCT','C000002084');
insert into transaction ("volume","time","price","seller","buyer","stock") values('0','1975-11-7 08:00:00','402.29','admin','admin','PTCT');
insert into orders ("time","price","volume","type","trader","stock","cat") values('2014-11-7 08:00:00','402.29','1129684','limit','C000002084','PTCT','sell');
insert into stocks values('ASRVP','C000000160');
insert into transaction ("volume","time","price","seller","buyer","stock") values('0','1975-11-7 08:00:00','436.85','admin','admin','ASRVP');
insert into orders ("time","price","volume","type","trader","stock","cat") values('2014-11-7 08:00:00','436.85','1016961','limit','C000000160','ASRVP','sell');
insert into stocks values('TYPE','C000001708');
insert into transaction ("volume","time","price","seller","buyer","stock") values('0','1975-11-7 08:00:00','113.48','admin','admin','TYPE');
insert into orders ("time","price","volume","type","trader","stock","cat") values('2014-11-7 08:00:00','113.48','1100961','limit','C000001708','TYPE','sell');
insert into stocks values('IPKW','C000002025');
insert into transaction ("volume","time","price","seller","buyer","stock") values('0','1975-11-7 08:00:00','476.35','admin','admin','IPKW');
insert into orders ("time","price","volume","type","trader","stock","cat") values('2014-11-7 08:00:00','476.35','1984562','limit','C000002025','IPKW','sell');
insert into stocks values('TCBK','C000002565');
insert into transaction ("volume","time","price","seller","buyer","stock") values('0','1975-11-7 08:00:00','418.37','admin','admin','TCBK');
insert into orders ("time","price","volume","type","trader","stock","cat") values('2014-11-7 08:00:00','418.37','1608918','limit','C000002565','TCBK','sell');
insert into stocks values('QLC','C000001051');
insert into transaction ("volume","time","price","seller","buyer","stock") values('0','1975-11-7 08:00:00','136.03','admin','admin','QLC');
insert into orders ("time","price","volume","type","trader","stock","cat") values('2014-11-7 08:00:00','136.03','1311871','limit','C000001051','QLC','sell');
insert into stocks values('CBSHP','C000000625');
insert into transaction ("volume","time","price","seller","buyer","stock") values('0','1975-11-7 08:00:00','483.05','admin','admin','CBSHP');
insert into orders ("time","price","volume","type","trader","stock","cat") values('2014-11-7 08:00:00','483.05','1140996','limit','C000000625','CBSHP','sell');
insert into stocks values('HAFC','C000001203');
insert into transaction ("volume","time","price","seller","buyer","stock") values('0','1975-11-7 08:00:00','102.24','admin','admin','HAFC');
insert into orders ("time","price","volume","type","trader","stock","cat") values('2014-11-7 08:00:00','102.24','1293868','limit','C000001203','HAFC','sell');
insert into stocks values('LDRH','C000001515');
insert into transaction ("volume","time","price","seller","buyer","stock") values('0','1975-11-7 08:00:00','275.12','admin','admin','LDRH');
insert into orders ("time","price","volume","type","trader","stock","cat") values('2014-11-7 08:00:00','275.12','1203102','limit','C000001515','LDRH','sell');
insert into stocks values('OTTR','C000001899');
insert into transaction ("volume","time","price","seller","buyer","stock") values('0','1975-11-7 08:00:00','237.32','admin','admin','OTTR');
insert into orders ("time","price","volume","type","trader","stock","cat") values('2014-11-7 08:00:00','237.32','1152477','limit','C000001899','OTTR','sell');
insert into stocks values('FRME','C000000975');
insert into transaction ("volume","time","price","seller","buyer","stock") values('0','1975-11-7 08:00:00','245.54','admin','admin','FRME');
insert into orders ("time","price","volume","type","trader","stock","cat") values('2014-11-7 08:00:00','245.54','1506279','limit','C000000975','FRME','sell');
insert into stocks values('HABT','C000002508');
insert into transaction ("volume","time","price","seller","buyer","stock") values('0','1975-11-7 08:00:00','260.98','admin','admin','HABT');
insert into orders ("time","price","volume","type","trader","stock","cat") values('2014-11-7 08:00:00','260.98','1516122','limit','C000002508','HABT','sell');
insert into stocks values('FISI','C000000946');
insert into transaction ("volume","time","price","seller","buyer","stock") values('0','1975-11-7 08:00:00','84.16','admin','admin','FISI');
insert into orders ("time","price","volume","type","trader","stock","cat") values('2014-11-7 08:00:00','84.16','1342853','limit','C000000946','FISI','sell');
insert into stocks values('QVCA','C000001526');
insert into transaction ("volume","time","price","seller","buyer","stock") values('0','1975-11-7 08:00:00','170.97','admin','admin','QVCA');
insert into orders ("time","price","volume","type","trader","stock","cat") values('2014-11-7 08:00:00','170.97','1053695','limit','C000001526','QVCA','sell');
insert into stocks values('AUBN','C000000267');
insert into transaction ("volume","time","price","seller","buyer","stock") values('0','1975-11-7 08:00:00','62.62','admin','admin','AUBN');
insert into orders ("time","price","volume","type","trader","stock","cat") values('2014-11-7 08:00:00','62.62','1765668','limit','C000000267','AUBN','sell');
insert into stocks values('ARCB','C000000210');
insert into transaction ("volume","time","price","seller","buyer","stock") values('0','1975-11-7 08:00:00','428.52','admin','admin','ARCB');
insert into orders ("time","price","volume","type","trader","stock","cat") values('2014-11-7 08:00:00','428.52','1023411','limit','C000000210','ARCB','sell');
insert into stocks values('MBFIP','C000001625');
insert into transaction ("volume","time","price","seller","buyer","stock") values('0','1975-11-7 08:00:00','137.91','admin','admin','MBFIP');
insert into orders ("time","price","volume","type","trader","stock","cat") values('2014-11-7 08:00:00','137.91','1620975','limit','C000001625','MBFIP','sell');
insert into stocks values('CLMT','C000000437');
insert into transaction ("volume","time","price","seller","buyer","stock") values('0','1975-11-7 08:00:00','15.71','admin','admin','CLMT');
insert into orders ("time","price","volume","type","trader","stock","cat") values('2014-11-7 08:00:00','15.71','1787595','limit','C000000437','CLMT','sell');
insert into stocks values('TDIV','C000001000');
insert into transaction ("volume","time","price","seller","buyer","stock") values('0','1975-11-7 08:00:00','312.77','admin','admin','TDIV');
insert into orders ("time","price","volume","type","trader","stock","cat") values('2014-11-7 08:00:00','312.77','1785263','limit','C000001000','TDIV','sell');
insert into stocks values('UTES','C000002137');
insert into transaction ("volume","time","price","seller","buyer","stock") values('0','1975-11-7 08:00:00','425.85','admin','admin','UTES');
insert into orders ("time","price","volume","type","trader","stock","cat") values('2014-11-7 08:00:00','425.85','1834974','limit','C000002137','UTES','sell');
insert into stocks values('BANFP','C000000296');
insert into transaction ("volume","time","price","seller","buyer","stock") values('0','1975-11-7 08:00:00','283.25','admin','admin','BANFP');
insert into orders ("time","price","volume","type","trader","stock","cat") values('2014-11-7 08:00:00','283.25','1549700','limit','C000000296','BANFP','sell');
insert into stocks values('NTRSP','C000001805');
insert into transaction ("volume","time","price","seller","buyer","stock") values('0','1975-11-7 08:00:00','217.9','admin','admin','NTRSP');
insert into orders ("time","price","volume","type","trader","stock","cat") values('2014-11-7 08:00:00','217.9','1789193','limit','C000001805','NTRSP','sell');
insert into stocks values('QVCB','C000001526');
insert into transaction ("volume","time","price","seller","buyer","stock") values('0','1975-11-7 08:00:00','260.56','admin','admin','QVCB');
insert into orders ("time","price","volume","type","trader","stock","cat") values('2014-11-7 08:00:00','260.56','1064729','limit','C000001526','QVCB','sell');
insert into stocks values('COWNL','C000000678');
insert into transaction ("volume","time","price","seller","buyer","stock") values('0','1975-11-7 08:00:00','293.35','admin','admin','COWNL');
insert into orders ("time","price","volume","type","trader","stock","cat") values('2014-11-7 08:00:00','293.35','1458002','limit','C000000678','COWNL','sell');
insert into stocks values('QADA','C000002089');
insert into transaction ("volume","time","price","seller","buyer","stock") values('0','1975-11-7 08:00:00','390.67','admin','admin','QADA');
insert into orders ("time","price","volume","type","trader","stock","cat") values('2014-11-7 08:00:00','390.67','1987324','limit','C000002089','QADA','sell');
insert into stocks values('VUSE','C000002717');
insert into transaction ("volume","time","price","seller","buyer","stock") values('0','1975-11-7 08:00:00','84.38','admin','admin','VUSE');
insert into orders ("time","price","volume","type","trader","stock","cat") values('2014-11-7 08:00:00','84.38','1449485','limit','C000002717','VUSE','sell');
insert into stocks values('INTG','C000002512');
insert into transaction ("volume","time","price","seller","buyer","stock") values('0','1975-11-7 08:00:00','483.24','admin','admin','INTG');
insert into orders ("time","price","volume","type","trader","stock","cat") values('2014-11-7 08:00:00','483.24','1072054','limit','C000002512','INTG','sell');
insert into stocks values('HOFT','C000001263');
insert into transaction ("volume","time","price","seller","buyer","stock") values('0','1975-11-7 08:00:00','123.95','admin','admin','HOFT');
insert into orders ("time","price","volume","type","trader","stock","cat") values('2014-11-7 08:00:00','123.95','1470398','limit','C000001263','HOFT','sell');
insert into stocks values('NVCR','C000001818');
insert into transaction ("volume","time","price","seller","buyer","stock") values('0','1975-11-7 08:00:00','271.24','admin','admin','NVCR');
insert into orders ("time","price","volume","type","trader","stock","cat") values('2014-11-7 08:00:00','271.24','1486158','limit','C000001818','NVCR','sell');
insert into stocks values('WTFCM','C000002790');
insert into transaction ("volume","time","price","seller","buyer","stock") values('0','1975-11-7 08:00:00','483.38','admin','admin','WTFCM');
insert into orders ("time","price","volume","type","trader","stock","cat") values('2014-11-7 08:00:00','483.38','1760060','limit','C000002790','WTFCM','sell');
insert into stocks values('IBKCP','C000001289');
insert into transaction ("volume","time","price","seller","buyer","stock") values('0','1975-11-7 08:00:00','72.44','admin','admin','IBKCP');
insert into orders ("time","price","volume","type","trader","stock","cat") values('2014-11-7 08:00:00','72.44','1179333','limit','C000001289','IBKCP','sell');
insert into stocks values('NCOM','C000001742');
insert into transaction ("volume","time","price","seller","buyer","stock") values('0','1975-11-7 08:00:00','412.05','admin','admin','NCOM');
insert into orders ("time","price","volume","type","trader","stock","cat") values('2014-11-7 08:00:00','412.05','1914458','limit','C000001742','NCOM','sell');
insert into stocks values('DWTR','C000002020');
insert into transaction ("volume","time","price","seller","buyer","stock") values('0','1975-11-7 08:00:00','103.54','admin','admin','DWTR');
insert into orders ("time","price","volume","type","trader","stock","cat") values('2014-11-7 08:00:00','103.54','1709242','limit','C000002020','DWTR','sell');
insert into stocks values('RBCAA','C000002163');
insert into transaction ("volume","time","price","seller","buyer","stock") values('0','1975-11-7 08:00:00','84.21','admin','admin','RBCAA');
insert into orders ("time","price","volume","type","trader","stock","cat") values('2014-11-7 08:00:00','84.21','1780069','limit','C000002163','RBCAA','sell');
insert into stocks values('WTFCW','C000002790');
insert into transaction ("volume","time","price","seller","buyer","stock") values('0','1975-11-7 08:00:00','292.57','admin','admin','WTFCW');
insert into orders ("time","price","volume","type","trader","stock","cat") values('2014-11-7 08:00:00','292.57','1582545','limit','C000002790','WTFCW','sell');
insert into stocks values('AGNCP','C000000141');
insert into transaction ("volume","time","price","seller","buyer","stock") values('0','1975-11-7 08:00:00','487.51','admin','admin','AGNCP');
insert into orders ("time","price","volume","type","trader","stock","cat") values('2014-11-7 08:00:00','487.51','1822468','limit','C000000141','AGNCP','sell');
insert into stocks values('OVBC','C000001852');
insert into transaction ("volume","time","price","seller","buyer","stock") values('0','1975-11-7 08:00:00','222.91','admin','admin','OVBC');
insert into orders ("time","price","volume","type","trader","stock","cat") values('2014-11-7 08:00:00','222.91','1893920','limit','C000001852','OVBC','sell');
insert into stocks values('ROCK','C000001122');
insert into transaction ("volume","time","price","seller","buyer","stock") values('0','1975-11-7 08:00:00','182.56','admin','admin','ROCK');
insert into orders ("time","price","volume","type","trader","stock","cat") values('2014-11-7 08:00:00','182.56','1539735','limit','C000001122','ROCK','sell');
insert into stocks values('HBCP','C000001254');
insert into transaction ("volume","time","price","seller","buyer","stock") values('0','1975-11-7 08:00:00','241.78','admin','admin','HBCP');
insert into orders ("time","price","volume","type","trader","stock","cat") values('2014-11-7 08:00:00','241.78','1692266','limit','C000001254','HBCP','sell');
insert into stocks values('CTRN','C000000579');
insert into transaction ("volume","time","price","seller","buyer","stock") values('0','1975-11-7 08:00:00','452.25','admin','admin','CTRN');
insert into orders ("time","price","volume","type","trader","stock","cat") values('2014-11-7 08:00:00','452.25','1684006','limit','C000000579','CTRN','sell');
insert into stocks values('TCBIP','C000002486');
insert into transaction ("volume","time","price","seller","buyer","stock") values('0','1975-11-7 08:00:00','152.49','admin','admin','TCBIP');
insert into orders ("time","price","volume","type","trader","stock","cat") values('2014-11-7 08:00:00','152.49','1007314','limit','C000002486','TCBIP','sell');
insert into stocks values('FSBW','C000001082');
insert into transaction ("volume","time","price","seller","buyer","stock") values('0','1975-11-7 08:00:00','76.15','admin','admin','FSBW');
insert into orders ("time","price","volume","type","trader","stock","cat") values('2014-11-7 08:00:00','76.15','1115022','limit','C000001082','FSBW','sell');
insert into stocks values('UBSH','C000002608');
insert into transaction ("volume","time","price","seller","buyer","stock") values('0','1975-11-7 08:00:00','327.71','admin','admin','UBSH');
insert into orders ("time","price","volume","type","trader","stock","cat") values('2014-11-7 08:00:00','327.71','1442941','limit','C000002608','UBSH','sell');
insert into stocks values('GHDX','C000001112');
insert into transaction ("volume","time","price","seller","buyer","stock") values('0','1975-11-7 08:00:00','149.42','admin','admin','GHDX');
insert into orders ("time","price","volume","type","trader","stock","cat") values('2014-11-7 08:00:00','149.42','1443850','limit','C000001112','GHDX','sell');
insert into stocks values('MESG','C000002839');
insert into transaction ("volume","time","price","seller","buyer","stock") values('0','1975-11-7 08:00:00','341.38','admin','admin','MESG');
insert into orders ("time","price","volume","type","trader","stock","cat") values('2014-11-7 08:00:00','341.38','1186366','limit','C000002839','MESG','sell');
insert into stocks values('IDTI','C000001348');
insert into transaction ("volume","time","price","seller","buyer","stock") values('0','1975-11-7 08:00:00','380.66','admin','admin','IDTI');
insert into orders ("time","price","volume","type","trader","stock","cat") values('2014-11-7 08:00:00','380.66','1491987','limit','C000001348','IDTI','sell');
insert into stocks values('WSTC','C000002767');
insert into transaction ("volume","time","price","seller","buyer","stock") values('0','1975-11-7 08:00:00','263.77','admin','admin','WSTC');
insert into orders ("time","price","volume","type","trader","stock","cat") values('2014-11-7 08:00:00','263.77','1792075','limit','C000002767','WSTC','sell');
insert into stocks values('BPFHP','C000000386');
insert into transaction ("volume","time","price","seller","buyer","stock") values('0','1975-11-7 08:00:00','396.85','admin','admin','BPFHP');
insert into orders ("time","price","volume","type","trader","stock","cat") values('2014-11-7 08:00:00','396.85','1543237','limit','C000000386','BPFHP','sell');
insert into stocks values('Z','C000002854');
insert into transaction ("volume","time","price","seller","buyer","stock") values('0','1975-11-7 08:00:00','427.97','admin','admin','Z');
insert into orders ("time","price","volume","type","trader","stock","cat") values('2014-11-7 08:00:00','427.97','1520649','limit','C000002854','Z','sell');
insert into stocks values('WBKC','C000002813');
insert into transaction ("volume","time","price","seller","buyer","stock") values('0','1975-11-7 08:00:00','463.49','admin','admin','WBKC');
insert into orders ("time","price","volume","type","trader","stock","cat") values('2014-11-7 08:00:00','463.49','1743067','limit','C000002813','WBKC','sell');
insert into stocks values('SOHOL','C000002338');
insert into transaction ("volume","time","price","seller","buyer","stock") values('0','1975-11-7 08:00:00','19.26','admin','admin','SOHOL');
insert into orders ("time","price","volume","type","trader","stock","cat") values('2014-11-7 08:00:00','19.26','1576592','limit','C000002338','SOHOL','sell');
insert into stocks values('JBLU','C000001441');
insert into transaction ("volume","time","price","seller","buyer","stock") values('0','1975-11-7 08:00:00','77.58','admin','admin','JBLU');
insert into orders ("time","price","volume","type","trader","stock","cat") values('2014-11-7 08:00:00','77.58','1332367','limit','C000001441','JBLU','sell');
insert into stocks values('SIVBO','C000002431');
insert into transaction ("volume","time","price","seller","buyer","stock") values('0','1975-11-7 08:00:00','211.49','admin','admin','SIVBO');
insert into orders ("time","price","volume","type","trader","stock","cat") values('2014-11-7 08:00:00','211.49','1406485','limit','C000002431','SIVBO','sell');
insert into stocks values('NEWTZ','C000001787');
insert into transaction ("volume","time","price","seller","buyer","stock") values('0','1975-11-7 08:00:00','253.38','admin','admin','NEWTZ');
insert into orders ("time","price","volume","type","trader","stock","cat") values('2014-11-7 08:00:00','253.38','1419248','limit','C000001787','NEWTZ','sell');
insert into stocks values('AGIIL','C000000217');
insert into transaction ("volume","time","price","seller","buyer","stock") values('0','1975-11-7 08:00:00','124.23','admin','admin','AGIIL');
insert into orders ("time","price","volume","type","trader","stock","cat") values('2014-11-7 08:00:00','124.23','1511872','limit','C000000217','AGIIL','sell');
insert into stocks values('MSEX','C000001680');
insert into transaction ("volume","time","price","seller","buyer","stock") values('0','1975-11-7 08:00:00','57.37','admin','admin','MSEX');
insert into orders ("time","price","volume","type","trader","stock","cat") values('2014-11-7 08:00:00','57.37','1022480','limit','C000001680','MSEX','sell');
insert into stocks values('VLGEA','C000002723');
insert into transaction ("volume","time","price","seller","buyer","stock") values('0','1975-11-7 08:00:00','39.34','admin','admin','VLGEA');
insert into orders ("time","price","volume","type","trader","stock","cat") values('2014-11-7 08:00:00','39.34','1861214','limit','C000002723','VLGEA','sell');
insert into stocks values('SP','C000002347');
insert into transaction ("volume","time","price","seller","buyer","stock") values('0','1975-11-7 08:00:00','417.65','admin','admin','SP');
insert into orders ("time","price","volume","type","trader","stock","cat") values('2014-11-7 08:00:00','417.65','1761691','limit','C000002347','SP','sell');
insert into stocks values('TUSA','C000001035');
insert into transaction ("volume","time","price","seller","buyer","stock") values('0','1975-11-7 08:00:00','17.71','admin','admin','TUSA');
insert into orders ("time","price","volume","type","trader","stock","cat") values('2014-11-7 08:00:00','17.71','1209304','limit','C000001035','TUSA','sell');
insert into stocks values('TCBIL','C000002486');
insert into transaction ("volume","time","price","seller","buyer","stock") values('0','1975-11-7 08:00:00','38.17','admin','admin','TCBIL');
insert into orders ("time","price","volume","type","trader","stock","cat") values('2014-11-7 08:00:00','38.17','1166767','limit','C000002486','TCBIL','sell');
insert into stocks values('GRIF','C000001176');
insert into transaction ("volume","time","price","seller","buyer","stock") values('0','1975-11-7 08:00:00','396.71','admin','admin','GRIF');
insert into orders ("time","price","volume","type","trader","stock","cat") values('2014-11-7 08:00:00','396.71','1376255','limit','C000001176','GRIF','sell');
insert into stocks values('AMNB','C000000148');
insert into transaction ("volume","time","price","seller","buyer","stock") values('0','1975-11-7 08:00:00','373.78','admin','admin','AMNB');
insert into orders ("time","price","volume","type","trader","stock","cat") values('2014-11-7 08:00:00','373.78','1452906','limit','C000000148','AMNB','sell');
insert into stocks values('HCAPL','C000001212');
insert into transaction ("volume","time","price","seller","buyer","stock") values('0','1975-11-7 08:00:00','179.46','admin','admin','HCAPL');
insert into orders ("time","price","volume","type","trader","stock","cat") values('2014-11-7 08:00:00','179.46','1719117','limit','C000001212','HCAPL','sell');
insert into stocks values('FGEN','C000000936');
insert into transaction ("volume","time","price","seller","buyer","stock") values('0','1975-11-7 08:00:00','120.92','admin','admin','FGEN');
insert into orders ("time","price","volume","type","trader","stock","cat") values('2014-11-7 08:00:00','120.92','1771670','limit','C000000936','FGEN','sell');
insert into stocks values('RUSHA','C000002206');
insert into transaction ("volume","time","price","seller","buyer","stock") values('0','1975-11-7 08:00:00','42.34','admin','admin','RUSHA');
insert into orders ("time","price","volume","type","trader","stock","cat") values('2014-11-7 08:00:00','42.34','1557344','limit','C000002206','RUSHA','sell');
insert into stocks values('GGAL','C000001180');
insert into transaction ("volume","time","price","seller","buyer","stock") values('0','1975-11-7 08:00:00','157.55','admin','admin','GGAL');
insert into orders ("time","price","volume","type","trader","stock","cat") values('2014-11-7 08:00:00','157.55','1101579','limit','C000001180','GGAL','sell');
insert into stocks values('FULLL','C000001088');
insert into transaction ("volume","time","price","seller","buyer","stock") values('0','1975-11-7 08:00:00','131.33','admin','admin','FULLL');
insert into orders ("time","price","volume","type","trader","stock","cat") values('2014-11-7 08:00:00','131.33','1382609','limit','C000001088','FULLL','sell');
insert into stocks values('DAX','C000002138');
insert into transaction ("volume","time","price","seller","buyer","stock") values('0','1975-11-7 08:00:00','153.66','admin','admin','DAX');
insert into orders ("time","price","volume","type","trader","stock","cat") values('2014-11-7 08:00:00','153.66','1068467','limit','C000002138','DAX','sell');
insert into stocks values('SCSS','C000002253');
insert into transaction ("volume","time","price","seller","buyer","stock") values('0','1975-11-7 08:00:00','366.72','admin','admin','SCSS');
insert into orders ("time","price","volume","type","trader","stock","cat") values('2014-11-7 08:00:00','366.72','1963592','limit','C000002253','SCSS','sell');
insert into stocks values('GOODN','C000001130');
insert into transaction ("volume","time","price","seller","buyer","stock") values('0','1975-11-7 08:00:00','434.02','admin','admin','GOODN');
insert into orders ("time","price","volume","type","trader","stock","cat") values('2014-11-7 08:00:00','434.02','1460800','limit','C000001130','GOODN','sell');
insert into stocks values('NGHCO','C000001743');
insert into transaction ("volume","time","price","seller","buyer","stock") values('0','1975-11-7 08:00:00','231.54','admin','admin','NGHCO');
insert into orders ("time","price","volume","type","trader","stock","cat") values('2014-11-7 08:00:00','231.54','1119849','limit','C000001743','NGHCO','sell');
insert into stocks values('GAINO','C000001131');
insert into transaction ("volume","time","price","seller","buyer","stock") values('0','1975-11-7 08:00:00','75.5','admin','admin','GAINO');
insert into orders ("time","price","volume","type","trader","stock","cat") values('2014-11-7 08:00:00','75.5','1273127','limit','C000001131','GAINO','sell');
insert into stocks values('INTLL','C000001372');
insert into transaction ("volume","time","price","seller","buyer","stock") values('0','1975-11-7 08:00:00','309.54','admin','admin','INTLL');
insert into orders ("time","price","volume","type","trader","stock","cat") values('2014-11-7 08:00:00','309.54','1791578','limit','C000001372','INTLL','sell');
insert into stocks values('OXLCN','C000001905');
insert into transaction ("volume","time","price","seller","buyer","stock") values('0','1975-11-7 08:00:00','242.39','admin','admin','OXLCN');
insert into orders ("time","price","volume","type","trader","stock","cat") values('2014-11-7 08:00:00','242.39','1185249','limit','C000001905','OXLCN','sell');
insert into stocks values('INSY','C000001345');
insert into transaction ("volume","time","price","seller","buyer","stock") values('0','1975-11-7 08:00:00','313.17','admin','admin','INSY');
insert into orders ("time","price","volume","type","trader","stock","cat") values('2014-11-7 08:00:00','313.17','1930001','limit','C000001345','INSY','sell');
insert into stocks values('FBIZ','C000000955');
insert into transaction ("volume","time","price","seller","buyer","stock") values('0','1975-11-7 08:00:00','235.64','admin','admin','FBIZ');
insert into orders ("time","price","volume","type","trader","stock","cat") values('2014-11-7 08:00:00','235.64','1345604','limit','C000000955','FBIZ','sell');
insert into stocks values('NGHCP','C000001743');
insert into transaction ("volume","time","price","seller","buyer","stock") values('0','1975-11-7 08:00:00','79.22','admin','admin','NGHCP');
insert into orders ("time","price","volume","type","trader","stock","cat") values('2014-11-7 08:00:00','79.22','1510725','limit','C000001743','NGHCP','sell');
insert into stocks values('SBRAP','C000002212');
insert into transaction ("volume","time","price","seller","buyer","stock") values('0','1975-11-7 08:00:00','426.04','admin','admin','SBRAP');
insert into orders ("time","price","volume","type","trader","stock","cat") values('2014-11-7 08:00:00','426.04','1217030','limit','C000002212','SBRAP','sell');
insert into stocks values('TFM','C000002506');
insert into transaction ("volume","time","price","seller","buyer","stock") values('0','1975-11-7 08:00:00','247.53','admin','admin','TFM');
insert into orders ("time","price","volume","type","trader","stock","cat") values('2014-11-7 08:00:00','247.53','1981815','limit','C000002506','TFM','sell');
insert into stocks values('GOODP','C000001130');
insert into transaction ("volume","time","price","seller","buyer","stock") values('0','1975-11-7 08:00:00','51.96','admin','admin','GOODP');
insert into orders ("time","price","volume","type","trader","stock","cat") values('2014-11-7 08:00:00','51.96','1314582','limit','C000001130','GOODP','sell');
insert into stocks values('SOHOM','C000002338');
insert into transaction ("volume","time","price","seller","buyer","stock") values('0','1975-11-7 08:00:00','235.72','admin','admin','SOHOM');
insert into orders ("time","price","volume","type","trader","stock","cat") values('2014-11-7 08:00:00','235.72','1655414','limit','C000002338','SOHOM','sell');
insert into stocks values('GLADO','C000001129');
insert into transaction ("volume","time","price","seller","buyer","stock") values('0','1975-11-7 08:00:00','371.82','admin','admin','GLADO');
insert into orders ("time","price","volume","type","trader","stock","cat") values('2014-11-7 08:00:00','371.82','1281744','limit','C000001129','GLADO','sell');
insert into stocks values('WAFD','C000002750');
insert into transaction ("volume","time","price","seller","buyer","stock") values('0','1975-11-7 08:00:00','444.2','admin','admin','WAFD');
insert into orders ("time","price","volume","type","trader","stock","cat") values('2014-11-7 08:00:00','444.2','1734171','limit','C000002750','WAFD','sell');
insert into stocks values('GAINP','C000001131');
insert into transaction ("volume","time","price","seller","buyer","stock") values('0','1975-11-7 08:00:00','99.94','admin','admin','GAINP');
insert into orders ("time","price","volume","type","trader","stock","cat") values('2014-11-7 08:00:00','99.94','1805961','limit','C000001131','GAINP','sell');
insert into stocks values('GOODO','C000001130');
insert into transaction ("volume","time","price","seller","buyer","stock") values('0','1975-11-7 08:00:00','341.08','admin','admin','GOODO');
insert into orders ("time","price","volume","type","trader","stock","cat") values('2014-11-7 08:00:00','341.08','1645680','limit','C000001130','GOODO','sell');
insert into stocks values('STFC','C000002375');
insert into transaction ("volume","time","price","seller","buyer","stock") values('0','1975-11-7 08:00:00','115.29','admin','admin','STFC');
insert into orders ("time","price","volume","type","trader","stock","cat") values('2014-11-7 08:00:00','115.29','1920195','limit','C000002375','STFC','sell');
insert into stocks values('TRMK','C000002578');
insert into transaction ("volume","time","price","seller","buyer","stock") values('0','1975-11-7 08:00:00','450.3','admin','admin','TRMK');
insert into orders ("time","price","volume","type","trader","stock","cat") values('2014-11-7 08:00:00','450.3','1942870','limit','C000002578','TRMK','sell');
insert into stocks values('CKEC','C000000468');
insert into transaction ("volume","time","price","seller","buyer","stock") values('0','1975-11-7 08:00:00','174.95','admin','admin','CKEC');
insert into orders ("time","price","volume","type","trader","stock","cat") values('2014-11-7 08:00:00','174.95','1717339','limit','C000000468','CKEC','sell');
insert into stocks values('GAINN','C000001131');
insert into transaction ("volume","time","price","seller","buyer","stock") values('0','1975-11-7 08:00:00','479.26','admin','admin','GAINN');
insert into orders ("time","price","volume","type","trader","stock","cat") values('2014-11-7 08:00:00','479.26','1524272','limit','C000001131','GAINN','sell');
insert into stocks values('USLB','C000002030');
insert into transaction ("volume","time","price","seller","buyer","stock") values('0','1975-11-7 08:00:00','252.07','admin','admin','USLB');
insert into orders ("time","price","volume","type","trader","stock","cat") values('2014-11-7 08:00:00','252.07','1899577','limit','C000002030','USLB','sell');
insert into stocks values('ATLO','C000000161');
insert into transaction ("volume","time","price","seller","buyer","stock") values('0','1975-11-7 08:00:00','352.63','admin','admin','ATLO');
insert into orders ("time","price","volume","type","trader","stock","cat") values('2014-11-7 08:00:00','352.63','1557284','limit','C000000161','ATLO','sell');
insert into stocks values('ITEQ','C000000376');
insert into transaction ("volume","time","price","seller","buyer","stock") values('0','1975-11-7 08:00:00','385.84','admin','admin','ITEQ');
insert into orders ("time","price","volume","type","trader","stock","cat") values('2014-11-7 08:00:00','385.84','1535057','limit','C000000376','ITEQ','sell');
insert into stocks values('FCVT','C000001031');
insert into transaction ("volume","time","price","seller","buyer","stock") values('0','1975-11-7 08:00:00','471.45','admin','admin','FCVT');
insert into orders ("time","price","volume","type","trader","stock","cat") values('2014-11-7 08:00:00','471.45','1719804','limit','C000001031','FCVT','sell');
insert into stocks values('CMTL','C000000642');
insert into transaction ("volume","time","price","seller","buyer","stock") values('0','1975-11-7 08:00:00','110.3','admin','admin','CMTL');
insert into orders ("time","price","volume","type","trader","stock","cat") values('2014-11-7 08:00:00','110.3','1890809','limit','C000000642','CMTL','sell');
insert into stocks values('FCAP','C000000957');
insert into transaction ("volume","time","price","seller","buyer","stock") values('0','1975-11-7 08:00:00','324.11','admin','admin','FCAP');
insert into orders ("time","price","volume","type","trader","stock","cat") values('2014-11-7 08:00:00','324.11','1959885','limit','C000000957','FCAP','sell');
insert into stocks values('ASBB','C000000233');
insert into transaction ("volume","time","price","seller","buyer","stock") values('0','1975-11-7 08:00:00','100.49','admin','admin','ASBB');
insert into orders ("time","price","volume","type","trader","stock","cat") values('2014-11-7 08:00:00','100.49','1859184','limit','C000000233','ASBB','sell');
insert into stocks values('SWIR','C000002282');
insert into transaction ("volume","time","price","seller","buyer","stock") values('0','1975-11-7 08:00:00','180.86','admin','admin','SWIR');
insert into orders ("time","price","volume","type","trader","stock","cat") values('2014-11-7 08:00:00','180.86','1678291','limit','C000002282','SWIR','sell');
insert into stocks values('IDLB','C000002021');
insert into transaction ("volume","time","price","seller","buyer","stock") values('0','1975-11-7 08:00:00','409.63','admin','admin','IDLB');
insert into orders ("time","price","volume","type","trader","stock","cat") values('2014-11-7 08:00:00','409.63','1284706','limit','C000002021','IDLB','sell');
insert into stocks values('PAGG','C000002023');
insert into transaction ("volume","time","price","seller","buyer","stock") values('0','1975-11-7 08:00:00','221.18','admin','admin','PAGG');
insert into orders ("time","price","volume","type","trader","stock","cat") values('2014-11-7 08:00:00','221.18','1648058','limit','C000002023','PAGG','sell');
insert into stocks values('QGEN','C000002092');
insert into transaction ("volume","time","price","seller","buyer","stock") values('0','1975-11-7 08:00:00','110.33','admin','admin','QGEN');
insert into orders ("time","price","volume","type","trader","stock","cat") values('2014-11-7 08:00:00','110.33','1558545','limit','C000002092','QGEN','sell');
insert into stocks values('LDRI','C000002026');
insert into transaction ("volume","time","price","seller","buyer","stock") values('0','1975-11-7 08:00:00','62.87','admin','admin','LDRI');
insert into orders ("time","price","volume","type","trader","stock","cat") values('2014-11-7 08:00:00','62.87','1687974','limit','C000002026','LDRI','sell');
insert into stocks values('MTBCP','C000001632');
insert into transaction ("volume","time","price","seller","buyer","stock") values('0','1975-11-7 08:00:00','284.45','admin','admin','MTBCP');
insert into orders ("time","price","volume","type","trader","stock","cat") values('2014-11-7 08:00:00','284.45','1557655','limit','C000001632','MTBCP','sell');
insert into stocks values('FWP','C000001068');
insert into transaction ("volume","time","price","seller","buyer","stock") values('0','1975-11-7 08:00:00','254.33','admin','admin','FWP');
insert into orders ("time","price","volume","type","trader","stock","cat") values('2014-11-7 08:00:00','254.33','1676331','limit','C000001068','FWP','sell');
insert into stocks values('UFPT','C000002597');
insert into transaction ("volume","time","price","seller","buyer","stock") values('0','1975-11-7 08:00:00','492.52','admin','admin','UFPT');
insert into orders ("time","price","volume","type","trader","stock","cat") values('2014-11-7 08:00:00','492.52','1444579','limit','C000002597','UFPT','sell');
insert into stocks values('XOOM','C000002834');
insert into transaction ("volume","time","price","seller","buyer","stock") values('0','1975-11-7 08:00:00','473.03','admin','admin','XOOM');
insert into orders ("time","price","volume","type","trader","stock","cat") values('2014-11-7 08:00:00','473.03','1367912','limit','C000002834','XOOM','sell');
insert into stocks values('VIIX','C000002738');
insert into transaction ("volume","time","price","seller","buyer","stock") values('0','1975-11-7 08:00:00','167.03','admin','admin','VIIX');
insert into orders ("time","price","volume","type","trader","stock","cat") values('2014-11-7 08:00:00','167.03','1094628','limit','C000002738','VIIX','sell');
insert into stocks values('WHFBL','C000002778');
insert into transaction ("volume","time","price","seller","buyer","stock") values('0','1975-11-7 08:00:00','330.2','admin','admin','WHFBL');
insert into orders ("time","price","volume","type","trader","stock","cat") values('2014-11-7 08:00:00','330.2','1170059','limit','C000002778','WHFBL','sell');
insert into stocks values('NTRI','C000001824');
insert into transaction ("volume","time","price","seller","buyer","stock") values('0','1975-11-7 08:00:00','87.32','admin','admin','NTRI');
insert into orders ("time","price","volume","type","trader","stock","cat") values('2014-11-7 08:00:00','87.32','1235532','limit','C000001824','NTRI','sell');
insert into stocks values('MBSD','C000001050');
insert into transaction ("volume","time","price","seller","buyer","stock") values('0','1975-11-7 08:00:00','291.88','admin','admin','MBSD');
insert into orders ("time","price","volume","type","trader","stock","cat") values('2014-11-7 08:00:00','291.88','1610806','limit','C000001050','MBSD','sell');
insert into stocks values('GPRO','C000001161');
insert into transaction ("volume","time","price","seller","buyer","stock") values('0','1975-11-7 08:00:00','378.93','admin','admin','GPRO');
insert into orders ("time","price","volume","type","trader","stock","cat") values('2014-11-7 08:00:00','378.93','1152742','limit','C000001161','GPRO','sell');
insert into stocks values('MAT','C000001617');
insert into transaction ("volume","time","price","seller","buyer","stock") values('0','1975-11-7 08:00:00','216.82','admin','admin','MAT');
insert into orders ("time","price","volume","type","trader","stock","cat") values('2014-11-7 08:00:00','216.82','1326961','limit','C000001617','MAT','sell');
insert into stocks values('FARO','C000000925');
insert into transaction ("volume","time","price","seller","buyer","stock") values('0','1975-11-7 08:00:00','80.01','admin','admin','FARO');
insert into orders ("time","price","volume","type","trader","stock","cat") values('2014-11-7 08:00:00','80.01','1056461','limit','C000000925','FARO','sell');
insert into stocks values('FSCFL','C000000942');
insert into transaction ("volume","time","price","seller","buyer","stock") values('0','1975-11-7 08:00:00','361.88','admin','admin','FSCFL');
insert into orders ("time","price","volume","type","trader","stock","cat") values('2014-11-7 08:00:00','361.88','1305453','limit','C000000942','FSCFL','sell');
insert into stocks values('AGNCB','C000000141');
insert into transaction ("volume","time","price","seller","buyer","stock") values('0','1975-11-7 08:00:00','240.06','admin','admin','AGNCB');
insert into orders ("time","price","volume","type","trader","stock","cat") values('2014-11-7 08:00:00','240.06','1760681','limit','C000000141','AGNCB','sell');
insert into stocks values('NGHCZ','C000001743');
insert into transaction ("volume","time","price","seller","buyer","stock") values('0','1975-11-7 08:00:00','355.28','admin','admin','NGHCZ');
insert into orders ("time","price","volume","type","trader","stock","cat") values('2014-11-7 08:00:00','355.28','1943953','limit','C000001743','NGHCZ','sell');
insert into stocks values('HBHCL','C000001201');
insert into transaction ("volume","time","price","seller","buyer","stock") values('0','1975-11-7 08:00:00','362.84','admin','admin','HBHCL');
insert into orders ("time","price","volume","type","trader","stock","cat") values('2014-11-7 08:00:00','362.84','1668730','limit','C000001201','HBHCL','sell');
insert into stocks values('FCAN','C000000987');
insert into transaction ("volume","time","price","seller","buyer","stock") values('0','1975-11-7 08:00:00','254.8','admin','admin','FCAN');
insert into orders ("time","price","volume","type","trader","stock","cat") values('2014-11-7 08:00:00','254.8','1792941','limit','C000000987','FCAN','sell');
insert into stocks values('DVAX','C000000801');
insert into transaction ("volume","time","price","seller","buyer","stock") values('0','1975-11-7 08:00:00','208.84','admin','admin','DVAX');
insert into orders ("time","price","volume","type","trader","stock","cat") values('2014-11-7 08:00:00','208.84','1469704','limit','C000000801','DVAX','sell');
insert into stocks values('CEVA','C000000523');
insert into transaction ("volume","time","price","seller","buyer","stock") values('0','1975-11-7 08:00:00','82.34','admin','admin','CEVA');
insert into orders ("time","price","volume","type","trader","stock","cat") values('2014-11-7 08:00:00','82.34','1988970','limit','C000000523','CEVA','sell');
insert into stocks values('ANCB','C000000175');
insert into transaction ("volume","time","price","seller","buyer","stock") values('0','1975-11-7 08:00:00','469.77','admin','admin','ANCB');
insert into orders ("time","price","volume","type","trader","stock","cat") values('2014-11-7 08:00:00','469.77','1809930','limit','C000000175','ANCB','sell');
insert into stocks values('AERI','C000000070');
insert into transaction ("volume","time","price","seller","buyer","stock") values('0','1975-11-7 08:00:00','284.42','admin','admin','AERI');
insert into orders ("time","price","volume","type","trader","stock","cat") values('2014-11-7 08:00:00','284.42','1174904','limit','C000000070','AERI','sell');
insert into stocks values('BITE','C000002523');
insert into transaction ("volume","time","price","seller","buyer","stock") values('0','1975-11-7 08:00:00','389.12','admin','admin','BITE');
insert into orders ("time","price","volume","type","trader","stock","cat") values('2014-11-7 08:00:00','389.12','1492291','limit','C000002523','BITE','sell');
insert into stocks values('GBLIZ','C000001137');
insert into transaction ("volume","time","price","seller","buyer","stock") values('0','1975-11-7 08:00:00','154.2','admin','admin','GBLIZ');
insert into orders ("time","price","volume","type","trader","stock","cat") values('2014-11-7 08:00:00','154.2','1855078','limit','C000001137','GBLIZ','sell');
insert into stocks values('PRGS','C000002062');
insert into transaction ("volume","time","price","seller","buyer","stock") values('0','1975-11-7 08:00:00','396.24','admin','admin','PRGS');
insert into orders ("time","price","volume","type","trader","stock","cat") values('2014-11-7 08:00:00','396.24','1360465','limit','C000002062','PRGS','sell');
insert into stocks values('FKO','C000001030');
insert into transaction ("volume","time","price","seller","buyer","stock") values('0','1975-11-7 08:00:00','117.82','admin','admin','FKO');
insert into orders ("time","price","volume","type","trader","stock","cat") values('2014-11-7 08:00:00','117.82','1563713','limit','C000001030','FKO','sell');
insert into stocks values('VALX','C000002655');
insert into transaction ("volume","time","price","seller","buyer","stock") values('0','1975-11-7 08:00:00','248.43','admin','admin','VALX');
insert into orders ("time","price","volume","type","trader","stock","cat") values('2014-11-7 08:00:00','248.43','1208030','limit','C000002655','VALX','sell');
insert into stocks values('MTGEP','C000000142');
insert into transaction ("volume","time","price","seller","buyer","stock") values('0','1975-11-7 08:00:00','110.78','admin','admin','MTGEP');
insert into orders ("time","price","volume","type","trader","stock","cat") values('2014-11-7 08:00:00','110.78','1260054','limit','C000000142','MTGEP','sell');
insert into stocks values('HSTM','C000001223');
insert into transaction ("volume","time","price","seller","buyer","stock") values('0','1975-11-7 08:00:00','172.99','admin','admin','HSTM');
insert into orders ("time","price","volume","type","trader","stock","cat") values('2014-11-7 08:00:00','172.99','1307194','limit','C000001223','HSTM','sell');
insert into stocks values('FXENP','C000001093');
insert into transaction ("volume","time","price","seller","buyer","stock") values('0','1975-11-7 08:00:00','21.62','admin','admin','FXENP');
insert into orders ("time","price","volume","type","trader","stock","cat") values('2014-11-7 08:00:00','21.62','1451810','limit','C000001093','FXENP','sell');
insert into stocks values('JXSB','C000001431');
insert into transaction ("volume","time","price","seller","buyer","stock") values('0','1975-11-7 08:00:00','432.64','admin','admin','JXSB');
insert into orders ("time","price","volume","type","trader","stock","cat") values('2014-11-7 08:00:00','432.64','1598816','limit','C000001431','JXSB','sell');
insert into stocks values('SANM','C000002226');
insert into transaction ("volume","time","price","seller","buyer","stock") values('0','1975-11-7 08:00:00','406.79','admin','admin','SANM');
insert into orders ("time","price","volume","type","trader","stock","cat") values('2014-11-7 08:00:00','406.79','1567710','limit','C000002226','SANM','sell');
insert into stocks values('WWWW','C000002759');
insert into transaction ("volume","time","price","seller","buyer","stock") values('0','1975-11-7 08:00:00','13.83','admin','admin','WWWW');
insert into orders ("time","price","volume","type","trader","stock","cat") values('2014-11-7 08:00:00','13.83','1639745','limit','C000002759','WWWW','sell');
insert into stocks values('AAON','C000000019');
insert into transaction ("volume","time","price","seller","buyer","stock") values('0','1975-11-7 08:00:00','267.73','admin','admin','AAON');
insert into orders ("time","price","volume","type","trader","stock","cat") values('2014-11-7 08:00:00','267.73','1961190','limit','C000000019','AAON','sell');
insert into stocks values('ARTNA','C000000231');
insert into transaction ("volume","time","price","seller","buyer","stock") values('0','1975-11-7 08:00:00','76.59','admin','admin','ARTNA');
insert into orders ("time","price","volume","type","trader","stock","cat") values('2014-11-7 08:00:00','76.59','1205130','limit','C000000231','ARTNA','sell');
insert into stocks values('DMRC','C000000767');
insert into transaction ("volume","time","price","seller","buyer","stock") values('0','1975-11-7 08:00:00','428.15','admin','admin','DMRC');
insert into orders ("time","price","volume","type","trader","stock","cat") values('2014-11-7 08:00:00','428.15','1991176','limit','C000000767','DMRC','sell');
insert into stocks values('SRPT','C000002229');
insert into transaction ("volume","time","price","seller","buyer","stock") values('0','1975-11-7 08:00:00','430.48','admin','admin','SRPT');
insert into orders ("time","price","volume","type","trader","stock","cat") values('2014-11-7 08:00:00','430.48','1638143','limit','C000002229','SRPT','sell');
insert into stocks values('ROBO','C000002189');
insert into transaction ("volume","time","price","seller","buyer","stock") values('0','1975-11-7 08:00:00','286.24','admin','admin','ROBO');
insert into orders ("time","price","volume","type","trader","stock","cat") values('2014-11-7 08:00:00','286.24','1380465','limit','C000002189','ROBO','sell');
insert into stocks values('REIS','C000002149');
insert into transaction ("volume","time","price","seller","buyer","stock") values('0','1975-11-7 08:00:00','424.42','admin','admin','REIS');
insert into orders ("time","price","volume","type","trader","stock","cat") values('2014-11-7 08:00:00','424.42','1180362','limit','C000002149','REIS','sell');
insert into stocks values('EMCF','C000000846');
insert into transaction ("volume","time","price","seller","buyer","stock") values('0','1975-11-7 08:00:00','294.33','admin','admin','EMCF');
insert into orders ("time","price","volume","type","trader","stock","cat") values('2014-11-7 08:00:00','294.33','1176036','limit','C000000846','EMCF','sell');
insert into stocks values('EZCH','C000000913');
insert into transaction ("volume","time","price","seller","buyer","stock") values('0','1975-11-7 08:00:00','95.04','admin','admin','EZCH');
insert into orders ("time","price","volume","type","trader","stock","cat") values('2014-11-7 08:00:00','95.04','1711631','limit','C000000913','EZCH','sell');
insert into stocks values('DXPS','C000002808');
insert into transaction ("volume","time","price","seller","buyer","stock") values('0','1975-11-7 08:00:00','258.47','admin','admin','DXPS');
insert into orders ("time","price","volume","type","trader","stock","cat") values('2014-11-7 08:00:00','258.47','1266733','limit','C000002808','DXPS','sell');
insert into stocks values('LE','C000001506');
insert into transaction ("volume","time","price","seller","buyer","stock") values('0','1975-11-7 08:00:00','195.46','admin','admin','LE');
insert into orders ("time","price","volume","type","trader","stock","cat") values('2014-11-7 08:00:00','195.46','1767164','limit','C000001506','LE','sell');
insert into stocks values('OXLCO','C000001905');
insert into transaction ("volume","time","price","seller","buyer","stock") values('0','1975-11-7 08:00:00','455.97','admin','admin','OXLCO');
insert into orders ("time","price","volume","type","trader","stock","cat") values('2014-11-7 08:00:00','455.97','1880572','limit','C000001905','OXLCO','sell');
insert into stocks values('KIRK','C000001478');
insert into transaction ("volume","time","price","seller","buyer","stock") values('0','1975-11-7 08:00:00','478.37','admin','admin','KIRK');
insert into orders ("time","price","volume","type","trader","stock","cat") values('2014-11-7 08:00:00','478.37','1444877','limit','C000001478','KIRK','sell');
insert into stocks values('EBTC','C000000870');
insert into transaction ("volume","time","price","seller","buyer","stock") values('0','1975-11-7 08:00:00','139.01','admin','admin','EBTC');
insert into orders ("time","price","volume","type","trader","stock","cat") values('2014-11-7 08:00:00','139.01','1216810','limit','C000000870','EBTC','sell');
insert into stocks values('RUSHB','C000002206');
insert into transaction ("volume","time","price","seller","buyer","stock") values('0','1975-11-7 08:00:00','420.45','admin','admin','RUSHB');
insert into orders ("time","price","volume","type","trader","stock","cat") values('2014-11-7 08:00:00','420.45','1463406','limit','C000002206','RUSHB','sell');
insert into stocks values('SAIA','C000002218');
insert into transaction ("volume","time","price","seller","buyer","stock") values('0','1975-11-7 08:00:00','120.13','admin','admin','SAIA');
insert into orders ("time","price","volume","type","trader","stock","cat") values('2014-11-7 08:00:00','120.13','1938422','limit','C000002218','SAIA','sell');
insert into stocks values('BNCN','C000000377');
insert into transaction ("volume","time","price","seller","buyer","stock") values('0','1975-11-7 08:00:00','380.18','admin','admin','BNCN');
insert into orders ("time","price","volume","type","trader","stock","cat") values('2014-11-7 08:00:00','380.18','1577023','limit','C000000377','BNCN','sell');
insert into stocks values('EMCI','C000000845');
insert into transaction ("volume","time","price","seller","buyer","stock") values('0','1975-11-7 08:00:00','80.46','admin','admin','EMCI');
insert into orders ("time","price","volume","type","trader","stock","cat") values('2014-11-7 08:00:00','80.46','1312107','limit','C000000845','EMCI','sell');
insert into stocks values('ASBI','C000000137');
insert into transaction ("volume","time","price","seller","buyer","stock") values('0','1975-11-7 08:00:00','237.85','admin','admin','ASBI');
insert into orders ("time","price","volume","type","trader","stock","cat") values('2014-11-7 08:00:00','237.85','1837175','limit','C000000137','ASBI','sell');
insert into stocks values('VIRT','C000002729');
insert into transaction ("volume","time","price","seller","buyer","stock") values('0','1975-11-7 08:00:00','61.83','admin','admin','VIRT');
insert into orders ("time","price","volume","type","trader","stock","cat") values('2014-11-7 08:00:00','61.83','1801134','limit','C000002729','VIRT','sell');
insert into stocks values('NUTR','C000001823');
insert into transaction ("volume","time","price","seller","buyer","stock") values('0','1975-11-7 08:00:00','63.83','admin','admin','NUTR');
insert into orders ("time","price","volume","type","trader","stock","cat") values('2014-11-7 08:00:00','63.83','1448579','limit','C000001823','NUTR','sell');
insert into stocks values('CBMG','C000000501');
insert into transaction ("volume","time","price","seller","buyer","stock") values('0','1975-11-7 08:00:00','455.17','admin','admin','CBMG');
insert into orders ("time","price","volume","type","trader","stock","cat") values('2014-11-7 08:00:00','455.17','1544005','limit','C000000501','CBMG','sell');
insert into stocks values('TUTI','C000002586');
insert into transaction ("volume","time","price","seller","buyer","stock") values('0','1975-11-7 08:00:00','188.0','admin','admin','TUTI');
insert into orders ("time","price","volume","type","trader","stock","cat") values('2014-11-7 08:00:00','188.0','1150514','limit','C000002586','TUTI','sell');
insert into stocks values('OSM','C000002315');
insert into transaction ("volume","time","price","seller","buyer","stock") values('0','1975-11-7 08:00:00','91.34','admin','admin','OSM');
insert into orders ("time","price","volume","type","trader","stock","cat") values('2014-11-7 08:00:00','91.34','1514799','limit','C000002315','OSM','sell');
insert into stocks values('CFNL','C000000461');
insert into transaction ("volume","time","price","seller","buyer","stock") values('0','1975-11-7 08:00:00','269.03','admin','admin','CFNL');
insert into orders ("time","price","volume","type","trader","stock","cat") values('2014-11-7 08:00:00','269.03','1908195','limit','C000000461','CFNL','sell');
insert into stocks values('QYLD','C000002140');
insert into transaction ("volume","time","price","seller","buyer","stock") values('0','1975-11-7 08:00:00','357.25','admin','admin','QYLD');
insert into orders ("time","price","volume","type","trader","stock","cat") values('2014-11-7 08:00:00','357.25','1118795','limit','C000002140','QYLD','sell');
insert into stocks values('FFWM','C000000971');
insert into transaction ("volume","time","price","seller","buyer","stock") values('0','1975-11-7 08:00:00','157.01','admin','admin','FFWM');
insert into orders ("time","price","volume","type","trader","stock","cat") values('2014-11-7 08:00:00','157.01','1977414','limit','C000000971','FFWM','sell');
insert into stocks values('HCOM','C000001215');
insert into transaction ("volume","time","price","seller","buyer","stock") values('0','1975-11-7 08:00:00','93.5','admin','admin','HCOM');
insert into orders ("time","price","volume","type","trader","stock","cat") values('2014-11-7 08:00:00','93.5','1457104','limit','C000001215','HCOM','sell');
insert into stocks values('ECHO','C000000815');
insert into transaction ("volume","time","price","seller","buyer","stock") values('0','1975-11-7 08:00:00','157.21','admin','admin','ECHO');
insert into orders ("time","price","volume","type","trader","stock","cat") values('2014-11-7 08:00:00','157.21','1358722','limit','C000000815','ECHO','sell');
insert into stocks values('FV','C000000992');
insert into transaction ("volume","time","price","seller","buyer","stock") values('0','1975-11-7 08:00:00','354.16','admin','admin','FV');
insert into orders ("time","price","volume","type","trader","stock","cat") values('2014-11-7 08:00:00','354.16','1831793','limit','C000000992','FV','sell');
insert into stocks values('YORW','C000002526');
insert into transaction ("volume","time","price","seller","buyer","stock") values('0','1975-11-7 08:00:00','152.73','admin','admin','YORW');
insert into orders ("time","price","volume","type","trader","stock","cat") values('2014-11-7 08:00:00','152.73','1341786','limit','C000002526','YORW','sell');
insert into stocks values('QCRH','C000002091');
insert into transaction ("volume","time","price","seller","buyer","stock") values('0','1975-11-7 08:00:00','150.73','admin','admin','QCRH');
insert into orders ("time","price","volume","type","trader","stock","cat") values('2014-11-7 08:00:00','150.73','1602297','limit','C000002091','QCRH','sell');
insert into stocks values('WING','C000002787');
insert into transaction ("volume","time","price","seller","buyer","stock") values('0','1975-11-7 08:00:00','182.23','admin','admin','WING');
insert into orders ("time","price","volume","type","trader","stock","cat") values('2014-11-7 08:00:00','182.23','1249706','limit','C000002787','WING','sell');
insert into stocks values('CAPX','C000000841');
insert into transaction ("volume","time","price","seller","buyer","stock") values('0','1975-11-7 08:00:00','272.29','admin','admin','CAPX');
insert into orders ("time","price","volume","type","trader","stock","cat") values('2014-11-7 08:00:00','272.29','1851787','limit','C000000841','CAPX','sell');
insert into stocks values('TAX','C000001528');
insert into transaction ("volume","time","price","seller","buyer","stock") values('0','1975-11-7 08:00:00','22.99','admin','admin','TAX');
insert into orders ("time","price","volume","type","trader","stock","cat") values('2014-11-7 08:00:00','22.99','1092999','limit','C000001528','TAX','sell');
insert into stocks values('SHLD','C000002245');
insert into transaction ("volume","time","price","seller","buyer","stock") values('0','1975-11-7 08:00:00','445.76','admin','admin','SHLD');
insert into orders ("time","price","volume","type","trader","stock","cat") values('2014-11-7 08:00:00','445.76','1865412','limit','C000002245','SHLD','sell');
insert into stocks values('HFBL','C000001256');
insert into transaction ("volume","time","price","seller","buyer","stock") values('0','1975-11-7 08:00:00','226.25','admin','admin','HFBL');
insert into orders ("time","price","volume","type","trader","stock","cat") values('2014-11-7 08:00:00','226.25','1312962','limit','C000001256','HFBL','sell');
insert into stocks values('BWINA','C000000294');
insert into transaction ("volume","time","price","seller","buyer","stock") values('0','1975-11-7 08:00:00','69.15','admin','admin','BWINA');
insert into orders ("time","price","volume","type","trader","stock","cat") values('2014-11-7 08:00:00','69.15','1626451','limit','C000000294','BWINA','sell');
insert into stocks values('AVAV','C000000071');
insert into transaction ("volume","time","price","seller","buyer","stock") values('0','1975-11-7 08:00:00','17.0','admin','admin','AVAV');
insert into orders ("time","price","volume","type","trader","stock","cat") values('2014-11-7 08:00:00','17.0','1543399','limit','C000000071','AVAV','sell');
insert into stocks values('WHLRP','C000002777');
insert into transaction ("volume","time","price","seller","buyer","stock") values('0','1975-11-7 08:00:00','376.8','admin','admin','WHLRP');
insert into orders ("time","price","volume","type","trader","stock","cat") values('2014-11-7 08:00:00','376.8','1701845','limit','C000002777','WHLRP','sell');
insert into stocks values('ARKR','C000000221');
insert into transaction ("volume","time","price","seller","buyer","stock") values('0','1975-11-7 08:00:00','87.55','admin','admin','ARKR');
insert into orders ("time","price","volume","type","trader","stock","cat") values('2014-11-7 08:00:00','87.55','1426191','limit','C000000221','ARKR','sell');
insert into stocks values('MIK','C000002517');
insert into transaction ("volume","time","price","seller","buyer","stock") values('0','1975-11-7 08:00:00','73.14','admin','admin','MIK');
insert into orders ("time","price","volume","type","trader","stock","cat") values('2014-11-7 08:00:00','73.14','1440148','limit','C000002517','MIK','sell');
insert into stocks values('BCOM','C000000288');
insert into transaction ("volume","time","price","seller","buyer","stock") values('0','1975-11-7 08:00:00','371.97','admin','admin','BCOM');
insert into orders ("time","price","volume","type","trader","stock","cat") values('2014-11-7 08:00:00','371.97','1088285','limit','C000000288','BCOM','sell');
insert into stocks values('AYA','C000000128');
insert into transaction ("volume","time","price","seller","buyer","stock") values('0','1975-11-7 08:00:00','382.99','admin','admin','AYA');
insert into orders ("time","price","volume","type","trader","stock","cat") values('2014-11-7 08:00:00','382.99','1689380','limit','C000000128','AYA','sell');
insert into stocks values('CHMA','C000000539');
insert into transaction ("volume","time","price","seller","buyer","stock") values('0','1975-11-7 08:00:00','378.81','admin','admin','CHMA');
insert into orders ("time","price","volume","type","trader","stock","cat") values('2014-11-7 08:00:00','378.81','1055254','limit','C000000539','CHMA','sell');
insert into stocks values('MAUI','C000000063');
insert into transaction ("volume","time","price","seller","buyer","stock") values('0','1975-11-7 08:00:00','61.13','admin','admin','MAUI');
insert into orders ("time","price","volume","type","trader","stock","cat") values('2014-11-7 08:00:00','61.13','1932263','limit','C000000063','MAUI','sell');
insert into stocks values('BWINB','C000000294');
insert into transaction ("volume","time","price","seller","buyer","stock") values('0','1975-11-7 08:00:00','336.67','admin','admin','BWINB');
insert into orders ("time","price","volume","type","trader","stock","cat") values('2014-11-7 08:00:00','336.67','1963578','limit','C000000294','BWINB','sell');
insert into stocks values('UK','C000002139');
insert into transaction ("volume","time","price","seller","buyer","stock") values('0','1975-11-7 08:00:00','352.53','admin','admin','UK');
insert into orders ("time","price","volume","type","trader","stock","cat") values('2014-11-7 08:00:00','352.53','1896479','limit','C000002139','UK','sell');
insert into stocks values('ACIW','C000000040');
insert into transaction ("volume","time","price","seller","buyer","stock") values('0','1975-11-7 08:00:00','245.42','admin','admin','ACIW');
insert into orders ("time","price","volume","type","trader","stock","cat") values('2014-11-7 08:00:00','245.42','1263702','limit','C000000040','ACIW','sell');
insert into stocks values('VXDN','C000000034');
insert into transaction ("volume","time","price","seller","buyer","stock") values('0','1975-11-7 08:00:00','276.87','admin','admin','VXDN');
insert into orders ("time","price","volume","type","trader","stock","cat") values('2014-11-7 08:00:00','276.87','1993296','limit','C000000034','VXDN','sell');
insert into stocks values('ABTX','C000000105');
insert into transaction ("volume","time","price","seller","buyer","stock") values('0','1975-11-7 08:00:00','47.13','admin','admin','ABTX');
insert into orders ("time","price","volume","type","trader","stock","cat") values('2014-11-7 08:00:00','47.13','1676706','limit','C000000105','ABTX','sell');
insert into stocks values('MFSF','C000001723');
insert into transaction ("volume","time","price","seller","buyer","stock") values('0','1975-11-7 08:00:00','294.43','admin','admin','MFSF');
insert into orders ("time","price","volume","type","trader","stock","cat") values('2014-11-7 08:00:00','294.43','1702929','limit','C000001723','MFSF','sell');
insert into stocks values('DIOD','C000000773');
insert into transaction ("volume","time","price","seller","buyer","stock") values('0','1975-11-7 08:00:00','465.51','admin','admin','DIOD');
insert into orders ("time","price","volume","type","trader","stock","cat") values('2014-11-7 08:00:00','465.51','1388884','limit','C000000773','DIOD','sell');
insert into stocks values('ZBIO','C000002070');
insert into transaction ("volume","time","price","seller","buyer","stock") values('0','1975-11-7 08:00:00','269.31','admin','admin','ZBIO');
insert into orders ("time","price","volume","type","trader","stock","cat") values('2014-11-7 08:00:00','269.31','1959103','limit','C000002070','ZBIO','sell');
insert into stocks values('CFMS','C000000648');
insert into transaction ("volume","time","price","seller","buyer","stock") values('0','1975-11-7 08:00:00','329.68','admin','admin','CFMS');
insert into orders ("time","price","volume","type","trader","stock","cat") values('2014-11-7 08:00:00','329.68','1130751','limit','C000000648','CFMS','sell');
insert into stocks values('PATI','C000001940');
insert into transaction ("volume","time","price","seller","buyer","stock") values('0','1975-11-7 08:00:00','151.42','admin','admin','PATI');
insert into orders ("time","price","volume","type","trader","stock","cat") values('2014-11-7 08:00:00','151.42','1671324','limit','C000001940','PATI','sell');
insert into stocks values('PGC','C000001956');
insert into transaction ("volume","time","price","seller","buyer","stock") values('0','1975-11-7 08:00:00','163.91','admin','admin','PGC');
insert into orders ("time","price","volume","type","trader","stock","cat") values('2014-11-7 08:00:00','163.91','1486401','limit','C000001956','PGC','sell');
insert into stocks values('SMCP','C000000120');
insert into transaction ("volume","time","price","seller","buyer","stock") values('0','1975-11-7 08:00:00','339.86','admin','admin','SMCP');
insert into orders ("time","price","volume","type","trader","stock","cat") values('2014-11-7 08:00:00','339.86','1602759','limit','C000000120','SMCP','sell');
insert into stocks values('TUTT','C000002587');
insert into transaction ("volume","time","price","seller","buyer","stock") values('0','1975-11-7 08:00:00','78.93','admin','admin','TUTT');
insert into orders ("time","price","volume","type","trader","stock","cat") values('2014-11-7 08:00:00','78.93','1519319','limit','C000002587','TUTT','sell');
insert into stocks values('YPRO','C000000064');
insert into transaction ("volume","time","price","seller","buyer","stock") values('0','1975-11-7 08:00:00','106.6','admin','admin','YPRO');
insert into orders ("time","price","volume","type","trader","stock","cat") values('2014-11-7 08:00:00','106.6','1478822','limit','C000000064','YPRO','sell');
insert into stocks values('CRAI','C000000681');
insert into transaction ("volume","time","price","seller","buyer","stock") values('0','1975-11-7 08:00:00','480.33','admin','admin','CRAI');
insert into orders ("time","price","volume","type","trader","stock","cat") values('2014-11-7 08:00:00','480.33','1464446','limit','C000000681','CRAI','sell');
insert into stocks values('HYZD','C000002794');
insert into transaction ("volume","time","price","seller","buyer","stock") values('0','1975-11-7 08:00:00','161.05','admin','admin','HYZD');
insert into orders ("time","price","volume","type","trader","stock","cat") values('2014-11-7 08:00:00','161.05','1412546','limit','C000002794','HYZD','sell');
insert into stocks values('ASCMA','C000000236');
insert into transaction ("volume","time","price","seller","buyer","stock") values('0','1975-11-7 08:00:00','97.28','admin','admin','ASCMA');
insert into orders ("time","price","volume","type","trader","stock","cat") values('2014-11-7 08:00:00','97.28','1025875','limit','C000000236','ASCMA','sell');
insert into stocks values('SFM','C000002364');
insert into transaction ("volume","time","price","seller","buyer","stock") values('0','1975-11-7 08:00:00','433.32','admin','admin','SFM');
insert into orders ("time","price","volume","type","trader","stock","cat") values('2014-11-7 08:00:00','433.32','1522691','limit','C000002364','SFM','sell');
insert into stocks values('LOXO','C000001565');
insert into transaction ("volume","time","price","seller","buyer","stock") values('0','1975-11-7 08:00:00','415.37','admin','admin','LOXO');
insert into orders ("time","price","volume","type","trader","stock","cat") values('2014-11-7 08:00:00','415.37','1946447','limit','C000001565','LOXO','sell');
insert into stocks values('OTIC','C000001898');
insert into transaction ("volume","time","price","seller","buyer","stock") values('0','1975-11-7 08:00:00','252.0','admin','admin','OTIC');
insert into orders ("time","price","volume","type","trader","stock","cat") values('2014-11-7 08:00:00','252.0','1644377','limit','C000001898','OTIC','sell');
insert into stocks values('SFST','C000002342');
insert into transaction ("volume","time","price","seller","buyer","stock") values('0','1975-11-7 08:00:00','90.94','admin','admin','SFST');
insert into orders ("time","price","volume","type","trader","stock","cat") values('2014-11-7 08:00:00','90.94','1710545','limit','C000002342','SFST','sell');
insert into stocks values('CSIQ','C000000442');
insert into transaction ("volume","time","price","seller","buyer","stock") values('0','1975-11-7 08:00:00','199.2','admin','admin','CSIQ');
insert into orders ("time","price","volume","type","trader","stock","cat") values('2014-11-7 08:00:00','199.2','1551136','limit','C000000442','CSIQ','sell');
insert into stocks values('JOUT','C000001450');
insert into transaction ("volume","time","price","seller","buyer","stock") values('0','1975-11-7 08:00:00','490.9','admin','admin','JOUT');
insert into orders ("time","price","volume","type","trader","stock","cat") values('2014-11-7 08:00:00','490.9','1709448','limit','C000001450','JOUT','sell');
insert into stocks values('TESS','C000002481');
insert into transaction ("volume","time","price","seller","buyer","stock") values('0','1975-11-7 08:00:00','151.06','admin','admin','TESS');
insert into orders ("time","price","volume","type","trader","stock","cat") values('2014-11-7 08:00:00','151.06','1683968','limit','C000002481','TESS','sell');
insert into stocks values('HNH','C000001202');
insert into transaction ("volume","time","price","seller","buyer","stock") values('0','1975-11-7 08:00:00','195.25','admin','admin','HNH');
insert into orders ("time","price","volume","type","trader","stock","cat") values('2014-11-7 08:00:00','195.25','1528505','limit','C000001202','HNH','sell');
insert into stocks values('WIX','C000002810');
insert into transaction ("volume","time","price","seller","buyer","stock") values('0','1975-11-7 08:00:00','230.11','admin','admin','WIX');
insert into orders ("time","price","volume","type","trader","stock","cat") values('2014-11-7 08:00:00','230.11','1328832','limit','C000002810','WIX','sell');
insert into stocks values('MBWM','C000001650');
insert into transaction ("volume","time","price","seller","buyer","stock") values('0','1975-11-7 08:00:00','317.08','admin','admin','MBWM');
insert into orders ("time","price","volume","type","trader","stock","cat") values('2014-11-7 08:00:00','317.08','1218645','limit','C000001650','MBWM','sell');
insert into stocks values('RGCO','C000002177');
insert into transaction ("volume","time","price","seller","buyer","stock") values('0','1975-11-7 08:00:00','282.0','admin','admin','RGCO');
insert into orders ("time","price","volume","type","trader","stock","cat") values('2014-11-7 08:00:00','282.0','1982201','limit','C000002177','RGCO','sell');
insert into stocks values('ISSI','C000001350');
insert into transaction ("volume","time","price","seller","buyer","stock") values('0','1975-11-7 08:00:00','79.52','admin','admin','ISSI');
insert into orders ("time","price","volume","type","trader","stock","cat") values('2014-11-7 08:00:00','79.52','1460112','limit','C000001350','ISSI','sell');
insert into stocks values('TRMB','C000002568');
insert into transaction ("volume","time","price","seller","buyer","stock") values('0','1975-11-7 08:00:00','15.86','admin','admin','TRMB');
insert into orders ("time","price","volume","type","trader","stock","cat") values('2014-11-7 08:00:00','15.86','1655714','limit','C000002568','TRMB','sell');
insert into stocks values('BLMT','C000000407');
insert into transaction ("volume","time","price","seller","buyer","stock") values('0','1975-11-7 08:00:00','415.54','admin','admin','BLMT');
insert into orders ("time","price","volume","type","trader","stock","cat") values('2014-11-7 08:00:00','415.54','1149962','limit','C000000407','BLMT','sell');
insert into stocks values('TROVU','C000002574');
insert into transaction ("volume","time","price","seller","buyer","stock") values('0','1975-11-7 08:00:00','478.34','admin','admin','TROVU');
insert into orders ("time","price","volume","type","trader","stock","cat") values('2014-11-7 08:00:00','478.34','1254107','limit','C000002574','TROVU','sell');
insert into stocks values('LALT','C000002027');
insert into transaction ("volume","time","price","seller","buyer","stock") values('0','1975-11-7 08:00:00','271.9','admin','admin','LALT');
insert into orders ("time","price","volume","type","trader","stock","cat") values('2014-11-7 08:00:00','271.9','1450113','limit','C000002027','LALT','sell');
insert into stocks values('MSFG','C000001589');
insert into transaction ("volume","time","price","seller","buyer","stock") values('0','1975-11-7 08:00:00','112.92','admin','admin','MSFG');
insert into orders ("time","price","volume","type","trader","stock","cat") values('2014-11-7 08:00:00','112.92','1800975','limit','C000001589','MSFG','sell');
insert into stocks values('PCCC','C000001948');
insert into transaction ("volume","time","price","seller","buyer","stock") values('0','1975-11-7 08:00:00','192.07','admin','admin','PCCC');
insert into orders ("time","price","volume","type","trader","stock","cat") values('2014-11-7 08:00:00','192.07','1243132','limit','C000001948','PCCC','sell');
insert into stocks values('APEI','C000000150');
insert into transaction ("volume","time","price","seller","buyer","stock") values('0','1975-11-7 08:00:00','327.35','admin','admin','APEI');
insert into orders ("time","price","volume","type","trader","stock","cat") values('2014-11-7 08:00:00','327.35','1736852','limit','C000000150','APEI','sell');
insert into stocks values('SMBC','C000002343');
insert into transaction ("volume","time","price","seller","buyer","stock") values('0','1975-11-7 08:00:00','211.2','admin','admin','SMBC');
insert into orders ("time","price","volume","type","trader","stock","cat") values('2014-11-7 08:00:00','211.2','1776614','limit','C000002343','SMBC','sell');
insert into stocks values('FEYE','C000000950');
insert into transaction ("volume","time","price","seller","buyer","stock") values('0','1975-11-7 08:00:00','281.82','admin','admin','FEYE');
insert into orders ("time","price","volume","type","trader","stock","cat") values('2014-11-7 08:00:00','281.82','1484958','limit','C000000950','FEYE','sell');
insert into stocks values('CDNS','C000000416');
insert into transaction ("volume","time","price","seller","buyer","stock") values('0','1975-11-7 08:00:00','21.03','admin','admin','CDNS');
insert into orders ("time","price","volume","type","trader","stock","cat") values('2014-11-7 08:00:00','21.03','1676309','limit','C000000416','CDNS','sell');
insert into stocks values('ACXM','C000000049');
insert into transaction ("volume","time","price","seller","buyer","stock") values('0','1975-11-7 08:00:00','237.82','admin','admin','ACXM');
insert into orders ("time","price","volume","type","trader","stock","cat") values('2014-11-7 08:00:00','237.82','1722700','limit','C000000049','ACXM','sell');
insert into stocks values('PPBI','C000001916');
insert into transaction ("volume","time","price","seller","buyer","stock") values('0','1975-11-7 08:00:00','495.01','admin','admin','PPBI');
insert into orders ("time","price","volume","type","trader","stock","cat") values('2014-11-7 08:00:00','495.01','1900470','limit','C000001916','PPBI','sell');
insert into stocks values('MCRI','C000001703');
insert into transaction ("volume","time","price","seller","buyer","stock") values('0','1975-11-7 08:00:00','222.15','admin','admin','MCRI');
insert into orders ("time","price","volume","type","trader","stock","cat") values('2014-11-7 08:00:00','222.15','1745426','limit','C000001703','MCRI','sell');
insert into stocks values('ITRN','C000001420');
insert into transaction ("volume","time","price","seller","buyer","stock") values('0','1975-11-7 08:00:00','69.4','admin','admin','ITRN');
insert into orders ("time","price","volume","type","trader","stock","cat") values('2014-11-7 08:00:00','69.4','1534184','limit','C000001420','ITRN','sell');
insert into stocks values('ISM','C000002315');
insert into transaction ("volume","time","price","seller","buyer","stock") values('0','1975-11-7 08:00:00','13.74','admin','admin','ISM');
insert into orders ("time","price","volume","type","trader","stock","cat") values('2014-11-7 08:00:00','13.74','1147244','limit','C000002315','ISM','sell');
insert into stocks values('NVEE','C000001827');
insert into transaction ("volume","time","price","seller","buyer","stock") values('0','1975-11-7 08:00:00','77.31','admin','admin','NVEE');
insert into orders ("time","price","volume","type","trader","stock","cat") values('2014-11-7 08:00:00','77.31','1098978','limit','C000001827','NVEE','sell');
insert into stocks values('FCA','C000000989');
insert into transaction ("volume","time","price","seller","buyer","stock") values('0','1975-11-7 08:00:00','159.54','admin','admin','FCA');
insert into orders ("time","price","volume","type","trader","stock","cat") values('2014-11-7 08:00:00','159.54','1672352','limit','C000000989','FCA','sell');
insert into stocks values('MTRX','C000001616');
insert into transaction ("volume","time","price","seller","buyer","stock") values('0','1975-11-7 08:00:00','127.4','admin','admin','MTRX');
insert into orders ("time","price","volume","type","trader","stock","cat") values('2014-11-7 08:00:00','127.4','1745436','limit','C000001616','MTRX','sell');
insert into stocks values('SCVL','C000002274');
insert into transaction ("volume","time","price","seller","buyer","stock") values('0','1975-11-7 08:00:00','206.55','admin','admin','SCVL');
insert into orders ("time","price","volume","type","trader","stock","cat") values('2014-11-7 08:00:00','206.55','1586815','limit','C000002274','SCVL','sell');
insert into stocks values('QQQC','C000001141');
insert into transaction ("volume","time","price","seller","buyer","stock") values('0','1975-11-7 08:00:00','64.69','admin','admin','QQQC');
insert into orders ("time","price","volume","type","trader","stock","cat") values('2014-11-7 08:00:00','64.69','1714988','limit','C000001141','QQQC','sell');
insert into stocks values('ADRD','C000000363');
insert into transaction ("volume","time","price","seller","buyer","stock") values('0','1975-11-7 08:00:00','72.59','admin','admin','ADRD');
insert into orders ("time","price","volume","type","trader","stock","cat") values('2014-11-7 08:00:00','72.59','1386672','limit','C000000363','ADRD','sell');
insert into stocks values('ADUS','C000000053');
insert into transaction ("volume","time","price","seller","buyer","stock") values('0','1975-11-7 08:00:00','265.46','admin','admin','ADUS');
insert into orders ("time","price","volume","type","trader","stock","cat") values('2014-11-7 08:00:00','265.46','1312719','limit','C000000053','ADUS','sell');
insert into stocks values('SEDG','C000002329');
insert into transaction ("volume","time","price","seller","buyer","stock") values('0','1975-11-7 08:00:00','159.43','admin','admin','SEDG');
insert into orders ("time","price","volume","type","trader","stock","cat") values('2014-11-7 08:00:00','159.43','1857379','limit','C000002329','SEDG','sell');
insert into stocks values('PEGI','C000001941');
insert into transaction ("volume","time","price","seller","buyer","stock") values('0','1975-11-7 08:00:00','326.13','admin','admin','PEGI');
insert into orders ("time","price","volume","type","trader","stock","cat") values('2014-11-7 08:00:00','326.13','1023714','limit','C000001941','PEGI','sell');
insert into stocks values('FFIC','C000001056');
insert into transaction ("volume","time","price","seller","buyer","stock") values('0','1975-11-7 08:00:00','121.25','admin','admin','FFIC');
insert into orders ("time","price","volume","type","trader","stock","cat") values('2014-11-7 08:00:00','121.25','1267513','limit','C000001056','FFIC','sell');
insert into stocks values('RDVY','C000001023');
insert into transaction ("volume","time","price","seller","buyer","stock") values('0','1975-11-7 08:00:00','439.93','admin','admin','RDVY');
insert into orders ("time","price","volume","type","trader","stock","cat") values('2014-11-7 08:00:00','439.93','1802962','limit','C000001023','RDVY','sell');
insert into stocks values('ONFC','C000001873');
insert into transaction ("volume","time","price","seller","buyer","stock") values('0','1975-11-7 08:00:00','384.72','admin','admin','ONFC');
insert into orders ("time","price","volume","type","trader","stock","cat") values('2014-11-7 08:00:00','384.72','1063023','limit','C000001873','ONFC','sell');
insert into stocks values('TOWN','C000002554');
insert into transaction ("volume","time","price","seller","buyer","stock") values('0','1975-11-7 08:00:00','314.04','admin','admin','TOWN');
insert into orders ("time","price","volume","type","trader","stock","cat") values('2014-11-7 08:00:00','314.04','1659001','limit','C000002554','TOWN','sell');
insert into stocks values('DLBS','C000002646');
insert into transaction ("volume","time","price","seller","buyer","stock") values('0','1975-11-7 08:00:00','248.03','admin','admin','DLBS');
insert into orders ("time","price","volume","type","trader","stock","cat") values('2014-11-7 08:00:00','248.03','1141814','limit','C000002646','DLBS','sell');
insert into stocks values('STBZ','C000002376');
insert into transaction ("volume","time","price","seller","buyer","stock") values('0','1975-11-7 08:00:00','420.63','admin','admin','STBZ');
insert into orders ("time","price","volume","type","trader","stock","cat") values('2014-11-7 08:00:00','420.63','1383560','limit','C000002376','STBZ','sell');
insert into stocks values('QADB','C000002089');
insert into transaction ("volume","time","price","seller","buyer","stock") values('0','1975-11-7 08:00:00','463.21','admin','admin','QADB');
insert into orders ("time","price","volume","type","trader","stock","cat") values('2014-11-7 08:00:00','463.21','1730655','limit','C000002089','QADB','sell');
insert into stocks values('IIIN','C000001343');
insert into transaction ("volume","time","price","seller","buyer","stock") values('0','1975-11-7 08:00:00','134.72','admin','admin','IIIN');
insert into orders ("time","price","volume","type","trader","stock","cat") values('2014-11-7 08:00:00','134.72','1495768','limit','C000001343','IIIN','sell');
insert into stocks values('NYMTP','C000001781');
insert into transaction ("volume","time","price","seller","buyer","stock") values('0','1975-11-7 08:00:00','126.15','admin','admin','NYMTP');
insert into orders ("time","price","volume","type","trader","stock","cat") values('2014-11-7 08:00:00','126.15','1744779','limit','C000001781','NYMTP','sell');
insert into stocks values('PERY','C000001979');
insert into transaction ("volume","time","price","seller","buyer","stock") values('0','1975-11-7 08:00:00','58.27','admin','admin','PERY');
insert into orders ("time","price","volume","type","trader","stock","cat") values('2014-11-7 08:00:00','58.27','1735522','limit','C000001979','PERY','sell');
insert into stocks values('BPMC','C000000375');
insert into transaction ("volume","time","price","seller","buyer","stock") values('0','1975-11-7 08:00:00','399.26','admin','admin','BPMC');
insert into orders ("time","price","volume","type","trader","stock","cat") values('2014-11-7 08:00:00','399.26','1235066','limit','C000000375','BPMC','sell');
insert into stocks values('ADRU','C000000365');
insert into transaction ("volume","time","price","seller","buyer","stock") values('0','1975-11-7 08:00:00','498.23','admin','admin','ADRU');
insert into orders ("time","price","volume","type","trader","stock","cat") values('2014-11-7 08:00:00','498.23','1394581','limit','C000000365','ADRU','sell');
insert into stocks values('SRDX','C000002428');
insert into transaction ("volume","time","price","seller","buyer","stock") values('0','1975-11-7 08:00:00','169.69','admin','admin','SRDX');
insert into orders ("time","price","volume","type","trader","stock","cat") values('2014-11-7 08:00:00','169.69','1586054','limit','C000002428','SRDX','sell');
insert into stocks values('GPRE','C000001173');
insert into transaction ("volume","time","price","seller","buyer","stock") values('0','1975-11-7 08:00:00','130.39','admin','admin','GPRE');
insert into orders ("time","price","volume","type","trader","stock","cat") values('2014-11-7 08:00:00','130.39','1501678','limit','C000001173','GPRE','sell');
insert into stocks values('FMBH','C000000976');
insert into transaction ("volume","time","price","seller","buyer","stock") values('0','1975-11-7 08:00:00','78.51','admin','admin','FMBH');
insert into orders ("time","price","volume","type","trader","stock","cat") values('2014-11-7 08:00:00','78.51','1733889','limit','C000000976','FMBH','sell');
insert into stocks values('FTGC','C000001003');
insert into transaction ("volume","time","price","seller","buyer","stock") values('0','1975-11-7 08:00:00','344.41','admin','admin','FTGC');
insert into orders ("time","price","volume","type","trader","stock","cat") values('2014-11-7 08:00:00','344.41','1006111','limit','C000001003','FTGC','sell');
insert into stocks values('CIZN','C000000583');
insert into transaction ("volume","time","price","seller","buyer","stock") values('0','1975-11-7 08:00:00','186.58','admin','admin','CIZN');
insert into orders ("time","price","volume","type","trader","stock","cat") values('2014-11-7 08:00:00','186.58','1903342','limit','C000000583','CIZN','sell');
insert into stocks values('OMED','C000001868');
insert into transaction ("volume","time","price","seller","buyer","stock") values('0','1975-11-7 08:00:00','182.01','admin','admin','OMED');
insert into orders ("time","price","volume","type","trader","stock","cat") values('2014-11-7 08:00:00','182.01','1744151','limit','C000001868','OMED','sell');
insert into stocks values('CONN','C000000654');
insert into transaction ("volume","time","price","seller","buyer","stock") values('0','1975-11-7 08:00:00','476.79','admin','admin','CONN');
insert into orders ("time","price","volume","type","trader","stock","cat") values('2014-11-7 08:00:00','476.79','1074029','limit','C000000654','CONN','sell');
insert into stocks values('GLRE','C000001175');
insert into transaction ("volume","time","price","seller","buyer","stock") values('0','1975-11-7 08:00:00','348.64','admin','admin','GLRE');
insert into orders ("time","price","volume","type","trader","stock","cat") values('2014-11-7 08:00:00','348.64','1762610','limit','C000001175','GLRE','sell');
insert into stocks values('COLL','C000000616');
insert into transaction ("volume","time","price","seller","buyer","stock") values('0','1975-11-7 08:00:00','472.46','admin','admin','COLL');
insert into orders ("time","price","volume","type","trader","stock","cat") values('2014-11-7 08:00:00','472.46','1691947','limit','C000000616','COLL','sell');
insert into stocks values('BUSE','C000000954');
insert into transaction ("volume","time","price","seller","buyer","stock") values('0','1975-11-7 08:00:00','481.63','admin','admin','BUSE');
insert into orders ("time","price","volume","type","trader","stock","cat") values('2014-11-7 08:00:00','481.63','1286542','limit','C000000954','BUSE','sell');
insert into stocks values('CBFV','C000000489');
insert into transaction ("volume","time","price","seller","buyer","stock") values('0','1975-11-7 08:00:00','289.79','admin','admin','CBFV');
insert into orders ("time","price","volume","type","trader","stock","cat") values('2014-11-7 08:00:00','289.79','1014306','limit','C000000489','CBFV','sell');
insert into stocks values('NGHC','C000001743');
insert into transaction ("volume","time","price","seller","buyer","stock") values('0','1975-11-7 08:00:00','419.79','admin','admin','NGHC');
insert into orders ("time","price","volume","type","trader","stock","cat") values('2014-11-7 08:00:00','419.79','1582413','limit','C000001743','NGHC','sell');
insert into stocks values('RAIL','C000001077');
insert into transaction ("volume","time","price","seller","buyer","stock") values('0','1975-11-7 08:00:00','333.15','admin','admin','RAIL');
insert into orders ("time","price","volume","type","trader","stock","cat") values('2014-11-7 08:00:00','333.15','1913951','limit','C000001077','RAIL','sell');
insert into stocks values('WMGI','C000002819');
insert into transaction ("volume","time","price","seller","buyer","stock") values('0','1975-11-7 08:00:00','356.33','admin','admin','WMGI');
insert into orders ("time","price","volume","type","trader","stock","cat") values('2014-11-7 08:00:00','356.33','1399610','limit','C000002819','WMGI','sell');
insert into stocks values('ACAT','C000000213');
insert into transaction ("volume","time","price","seller","buyer","stock") values('0','1975-11-7 08:00:00','283.62','admin','admin','ACAT');
insert into orders ("time","price","volume","type","trader","stock","cat") values('2014-11-7 08:00:00','283.62','1608143','limit','C000000213','ACAT','sell');
insert into stocks values('SFBC','C000002339');
insert into transaction ("volume","time","price","seller","buyer","stock") values('0','1975-11-7 08:00:00','341.86','admin','admin','SFBC');
insert into orders ("time","price","volume","type","trader","stock","cat") values('2014-11-7 08:00:00','341.86','1751542','limit','C000002339','SFBC','sell');
insert into stocks values('AIRT','C000000083');
insert into transaction ("volume","time","price","seller","buyer","stock") values('0','1975-11-7 08:00:00','160.24','admin','admin','AIRT');
insert into orders ("time","price","volume","type","trader","stock","cat") values('2014-11-7 08:00:00','160.24','1316128','limit','C000000083','AIRT','sell');
insert into stocks values('ARLP','C000000110');
insert into transaction ("volume","time","price","seller","buyer","stock") values('0','1975-11-7 08:00:00','201.13','admin','admin','ARLP');
insert into orders ("time","price","volume","type","trader","stock","cat") values('2014-11-7 08:00:00','201.13','1437970','limit','C000000110','ARLP','sell');
insert into stocks values('VIDI','C000002718');
insert into transaction ("volume","time","price","seller","buyer","stock") values('0','1975-11-7 08:00:00','116.05','admin','admin','VIDI');
insert into orders ("time","price","volume","type","trader","stock","cat") values('2014-11-7 08:00:00','116.05','1876405','limit','C000002718','VIDI','sell');
insert into stocks values('PHIIK','C000001985');
insert into transaction ("volume","time","price","seller","buyer","stock") values('0','1975-11-7 08:00:00','339.79','admin','admin','PHIIK');
insert into orders ("time","price","volume","type","trader","stock","cat") values('2014-11-7 08:00:00','339.79','1653823','limit','C000001985','PHIIK','sell');
insert into stocks values('LION','C000000938');
insert into transaction ("volume","time","price","seller","buyer","stock") values('0','1975-11-7 08:00:00','282.79','admin','admin','LION');
insert into orders ("time","price","volume","type","trader","stock","cat") values('2014-11-7 08:00:00','282.79','1522083','limit','C000000938','LION','sell');
insert into stocks values('EMCG','C000002796');
insert into transaction ("volume","time","price","seller","buyer","stock") values('0','1975-11-7 08:00:00','148.17','admin','admin','EMCG');
insert into orders ("time","price","volume","type","trader","stock","cat") values('2014-11-7 08:00:00','148.17','1218765','limit','C000002796','EMCG','sell');
insert into stocks values('SIBC','C000002377');
insert into transaction ("volume","time","price","seller","buyer","stock") values('0','1975-11-7 08:00:00','54.35','admin','admin','SIBC');
insert into orders ("time","price","volume","type","trader","stock","cat") values('2014-11-7 08:00:00','54.35','1686491','limit','C000002377','SIBC','sell');
insert into stocks values('HOLI','C000001252');
insert into transaction ("volume","time","price","seller","buyer","stock") values('0','1975-11-7 08:00:00','193.42','admin','admin','HOLI');
insert into orders ("time","price","volume","type","trader","stock","cat") values('2014-11-7 08:00:00','193.42','1726589','limit','C000001252','HOLI','sell');
insert into stocks values('TWOU','C000000008');
insert into transaction ("volume","time","price","seller","buyer","stock") values('0','1975-11-7 08:00:00','266.06','admin','admin','TWOU');
insert into orders ("time","price","volume","type","trader","stock","cat") values('2014-11-7 08:00:00','266.06','1172540','limit','C000000008','TWOU','sell');
insert into stocks values('QDEL','C000002106');
insert into transaction ("volume","time","price","seller","buyer","stock") values('0','1975-11-7 08:00:00','16.65','admin','admin','QDEL');
insert into orders ("time","price","volume","type","trader","stock","cat") values('2014-11-7 08:00:00','16.65','1805704','limit','C000002106','QDEL','sell');
insert into stocks values('ANCX','C000000032');
insert into transaction ("volume","time","price","seller","buyer","stock") values('0','1975-11-7 08:00:00','291.31','admin','admin','ANCX');
insert into orders ("time","price","volume","type","trader","stock","cat") values('2014-11-7 08:00:00','291.31','1853920','limit','C000000032','ANCX','sell');
insert into stocks values('TCFC','C000002498');
insert into transaction ("volume","time","price","seller","buyer","stock") values('0','1975-11-7 08:00:00','201.4','admin','admin','TCFC');
insert into orders ("time","price","volume","type","trader","stock","cat") values('2014-11-7 08:00:00','201.4','1576236','limit','C000002498','TCFC','sell');
insert into stocks values('EUFN','C000001404');
insert into transaction ("volume","time","price","seller","buyer","stock") values('0','1975-11-7 08:00:00','56.96','admin','admin','EUFN');
insert into orders ("time","price","volume","type","trader","stock","cat") values('2014-11-7 08:00:00','56.96','1234564','limit','C000001404','EUFN','sell');
insert into stocks values('VXUP','C000000035');
insert into transaction ("volume","time","price","seller","buyer","stock") values('0','1975-11-7 08:00:00','321.75','admin','admin','VXUP');
insert into orders ("time","price","volume","type","trader","stock","cat") values('2014-11-7 08:00:00','321.75','1202528','limit','C000000035','VXUP','sell');
insert into stocks values('HMST','C000001259');
insert into transaction ("volume","time","price","seller","buyer","stock") values('0','1975-11-7 08:00:00','189.12','admin','admin','HMST');
insert into orders ("time","price","volume","type","trader","stock","cat") values('2014-11-7 08:00:00','189.12','1204392','limit','C000001259','HMST','sell');
insert into stocks values('CYOU','C000000525');
insert into transaction ("volume","time","price","seller","buyer","stock") values('0','1975-11-7 08:00:00','109.12','admin','admin','CYOU');
insert into orders ("time","price","volume","type","trader","stock","cat") values('2014-11-7 08:00:00','109.12','1401578','limit','C000000525','CYOU','sell');
insert into stocks values('UCBI','C000002616');
insert into transaction ("volume","time","price","seller","buyer","stock") values('0','1975-11-7 08:00:00','119.29','admin','admin','UCBI');
insert into orders ("time","price","volume","type","trader","stock","cat") values('2014-11-7 08:00:00','119.29','1203529','limit','C000002616','UCBI','sell');
insert into stocks values('DGRE','C000002798');
insert into transaction ("volume","time","price","seller","buyer","stock") values('0','1975-11-7 08:00:00','319.1','admin','admin','DGRE');
insert into orders ("time","price","volume","type","trader","stock","cat") values('2014-11-7 08:00:00','319.1','1163038','limit','C000002798','DGRE','sell');
insert into stocks values('AEGN','C000000066');
insert into transaction ("volume","time","price","seller","buyer","stock") values('0','1975-11-7 08:00:00','143.49','admin','admin','AEGN');
insert into orders ("time","price","volume","type","trader","stock","cat") values('2014-11-7 08:00:00','143.49','1532837','limit','C000000066','AEGN','sell');
insert into stocks values('QINC','C000001028');
insert into transaction ("volume","time","price","seller","buyer","stock") values('0','1975-11-7 08:00:00','143.88','admin','admin','QINC');
insert into orders ("time","price","volume","type","trader","stock","cat") values('2014-11-7 08:00:00','143.88','1269788','limit','C000001028','QINC','sell');
insert into stocks values('CNSL','C000000655');
insert into transaction ("volume","time","price","seller","buyer","stock") values('0','1975-11-7 08:00:00','371.11','admin','admin','CNSL');
insert into orders ("time","price","volume","type","trader","stock","cat") values('2014-11-7 08:00:00','371.11','1855231','limit','C000000655','CNSL','sell');
insert into stocks values('QAT','C000001406');
insert into transaction ("volume","time","price","seller","buyer","stock") values('0','1975-11-7 08:00:00','191.72','admin','admin','QAT');
insert into orders ("time","price","volume","type","trader","stock","cat") values('2014-11-7 08:00:00','191.72','1414332','limit','C000001406','QAT','sell');
insert into stocks values('ACNB','C000000042');
insert into transaction ("volume","time","price","seller","buyer","stock") values('0','1975-11-7 08:00:00','444.58','admin','admin','ACNB');
insert into orders ("time","price","volume","type","trader","stock","cat") values('2014-11-7 08:00:00','444.58','1243196','limit','C000000042','ACNB','sell');
insert into stocks values('PRIM','C000002055');
insert into transaction ("volume","time","price","seller","buyer","stock") values('0','1975-11-7 08:00:00','481.73','admin','admin','PRIM');
insert into orders ("time","price","volume","type","trader","stock","cat") values('2014-11-7 08:00:00','481.73','1411647','limit','C000002055','PRIM','sell');
insert into stocks values('GNCMA','C000001107');
insert into transaction ("volume","time","price","seller","buyer","stock") values('0','1975-11-7 08:00:00','226.17','admin','admin','GNCMA');
insert into orders ("time","price","volume","type","trader","stock","cat") values('2014-11-7 08:00:00','226.17','1449654','limit','C000001107','GNCMA','sell');
insert into stocks values('SNBC','C000002410');
insert into transaction ("volume","time","price","seller","buyer","stock") values('0','1975-11-7 08:00:00','53.26','admin','admin','SNBC');
insert into orders ("time","price","volume","type","trader","stock","cat") values('2014-11-7 08:00:00','53.26','1870939','limit','C000002410','SNBC','sell');
insert into stocks values('CVLY','C000000606');
insert into transaction ("volume","time","price","seller","buyer","stock") values('0','1975-11-7 08:00:00','246.2','admin','admin','CVLY');
insert into orders ("time","price","volume","type","trader","stock","cat") values('2014-11-7 08:00:00','246.2','1633575','limit','C000000606','CVLY','sell');
insert into stocks values('SBRA','C000002212');
insert into transaction ("volume","time","price","seller","buyer","stock") values('0','1975-11-7 08:00:00','75.95','admin','admin','SBRA');
insert into orders ("time","price","volume","type","trader","stock","cat") values('2014-11-7 08:00:00','75.95','1024712','limit','C000002212','SBRA','sell');
insert into stocks values('LMNX','C000001572');
insert into transaction ("volume","time","price","seller","buyer","stock") values('0','1975-11-7 08:00:00','449.84','admin','admin','LMNX');
insert into orders ("time","price","volume","type","trader","stock","cat") values('2014-11-7 08:00:00','449.84','1394347','limit','C000001572','LMNX','sell');
insert into stocks values('UG','C000002628');
insert into transaction ("volume","time","price","seller","buyer","stock") values('0','1975-11-7 08:00:00','212.31','admin','admin','UG');
insert into orders ("time","price","volume","type","trader","stock","cat") values('2014-11-7 08:00:00','212.31','1093113','limit','C000002628','UG','sell');
insert into stocks values('SYMC','C000002434');
insert into transaction ("volume","time","price","seller","buyer","stock") values('0','1975-11-7 08:00:00','297.95','admin','admin','SYMC');
insert into orders ("time","price","volume","type","trader","stock","cat") values('2014-11-7 08:00:00','297.95','1047789','limit','C000002434','SYMC','sell');
insert into stocks values('NYMTO','C000001781');
insert into transaction ("volume","time","price","seller","buyer","stock") values('0','1975-11-7 08:00:00','189.23','admin','admin','NYMTO');
insert into orders ("time","price","volume","type","trader","stock","cat") values('2014-11-7 08:00:00','189.23','1278434','limit','C000001781','NYMTO','sell');
insert into stocks values('RPD','C000002124');
insert into transaction ("volume","time","price","seller","buyer","stock") values('0','1975-11-7 08:00:00','174.04','admin','admin','RPD');
insert into orders ("time","price","volume","type","trader","stock","cat") values('2014-11-7 08:00:00','174.04','1293961','limit','C000002124','RPD','sell');
insert into stocks values('ATRC','C000000263');
insert into transaction ("volume","time","price","seller","buyer","stock") values('0','1975-11-7 08:00:00','102.37','admin','admin','ATRC');
insert into orders ("time","price","volume","type","trader","stock","cat") values('2014-11-7 08:00:00','102.37','1504454','limit','C000000263','ATRC','sell');
insert into stocks values('BPOPN','C000002011');
insert into transaction ("volume","time","price","seller","buyer","stock") values('0','1975-11-7 08:00:00','182.69','admin','admin','BPOPN');
insert into orders ("time","price","volume","type","trader","stock","cat") values('2014-11-7 08:00:00','182.69','1781027','limit','C000002011','BPOPN','sell');
insert into stocks values('FBRC','C000000929');
insert into transaction ("volume","time","price","seller","buyer","stock") values('0','1975-11-7 08:00:00','268.09','admin','admin','FBRC');
insert into orders ("time","price","volume","type","trader","stock","cat") values('2014-11-7 08:00:00','268.09','1555285','limit','C000000929','FBRC','sell');
insert into stocks values('PPC','C000001991');
insert into transaction ("volume","time","price","seller","buyer","stock") values('0','1975-11-7 08:00:00','446.41','admin','admin','PPC');
insert into orders ("time","price","volume","type","trader","stock","cat") values('2014-11-7 08:00:00','446.41','1762514','limit','C000001991','PPC','sell');
insert into stocks values('INFN','C000001324');
insert into transaction ("volume","time","price","seller","buyer","stock") values('0','1975-11-7 08:00:00','44.09','admin','admin','INFN');
insert into orders ("time","price","volume","type","trader","stock","cat") values('2014-11-7 08:00:00','44.09','1413965','limit','C000001324','INFN','sell');
insert into stocks values('BICK','C000000985');
insert into transaction ("volume","time","price","seller","buyer","stock") values('0','1975-11-7 08:00:00','24.48','admin','admin','BICK');
insert into orders ("time","price","volume","type","trader","stock","cat") values('2014-11-7 08:00:00','24.48','1110564','limit','C000000985','BICK','sell');
insert into stocks values('CVTI','C000000676');
insert into transaction ("volume","time","price","seller","buyer","stock") values('0','1975-11-7 08:00:00','499.75','admin','admin','CVTI');
insert into orders ("time","price","volume","type","trader","stock","cat") values('2014-11-7 08:00:00','499.75','1227576','limit','C000000676','CVTI','sell');
insert into stocks values('HYND','C000002793');
insert into transaction ("volume","time","price","seller","buyer","stock") values('0','1975-11-7 08:00:00','333.03','admin','admin','HYND');
insert into orders ("time","price","volume","type","trader","stock","cat") values('2014-11-7 08:00:00','333.03','1669749','limit','C000002793','HYND','sell');
insert into stocks values('NXTM','C000001831');
insert into transaction ("volume","time","price","seller","buyer","stock") values('0','1975-11-7 08:00:00','156.25','admin','admin','NXTM');
insert into orders ("time","price","volume","type","trader","stock","cat") values('2014-11-7 08:00:00','156.25','1328583','limit','C000001831','NXTM','sell');
insert into stocks values('TRS','C000002567');
insert into transaction ("volume","time","price","seller","buyer","stock") values('0','1975-11-7 08:00:00','246.69','admin','admin','TRS');
insert into orders ("time","price","volume","type","trader","stock","cat") values('2014-11-7 08:00:00','246.69','1099870','limit','C000002567','TRS','sell');
insert into stocks values('PEBO','C000001964');
insert into transaction ("volume","time","price","seller","buyer","stock") values('0','1975-11-7 08:00:00','382.76','admin','admin','PEBO');
insert into orders ("time","price","volume","type","trader","stock","cat") values('2014-11-7 08:00:00','382.76','1238344','limit','C000001964','PEBO','sell');
insert into stocks values('DGAS','C000000747');
insert into transaction ("volume","time","price","seller","buyer","stock") values('0','1975-11-7 08:00:00','121.11','admin','admin','DGAS');
insert into orders ("time","price","volume","type","trader","stock","cat") values('2014-11-7 08:00:00','121.11','1921821','limit','C000000747','DGAS','sell');
insert into stocks values('CSAL','C000000629');
insert into transaction ("volume","time","price","seller","buyer","stock") values('0','1975-11-7 08:00:00','317.1','admin','admin','CSAL');
insert into orders ("time","price","volume","type","trader","stock","cat") values('2014-11-7 08:00:00','317.1','1454046','limit','C000000629','CSAL','sell');
insert into stocks values('HEES','C000001194');
insert into transaction ("volume","time","price","seller","buyer","stock") values('0','1975-11-7 08:00:00','214.05','admin','admin','HEES');
insert into orders ("time","price","volume","type","trader","stock","cat") values('2014-11-7 08:00:00','214.05','1660749','limit','C000001194','HEES','sell');
insert into stocks values('CNCE','C000000644');
insert into transaction ("volume","time","price","seller","buyer","stock") values('0','1975-11-7 08:00:00','84.91','admin','admin','CNCE');
insert into orders ("time","price","volume","type","trader","stock","cat") values('2014-11-7 08:00:00','84.91','1711833','limit','C000000644','CNCE','sell');
insert into stocks values('PPHMP','C000001971');
insert into transaction ("volume","time","price","seller","buyer","stock") values('0','1975-11-7 08:00:00','291.33','admin','admin','PPHMP');
insert into orders ("time","price","volume","type","trader","stock","cat") values('2014-11-7 08:00:00','291.33','1511870','limit','C000001971','PPHMP','sell');
insert into stocks values('WTBA','C000002766');
insert into transaction ("volume","time","price","seller","buyer","stock") values('0','1975-11-7 08:00:00','392.02','admin','admin','WTBA');
insert into orders ("time","price","volume","type","trader","stock","cat") values('2014-11-7 08:00:00','392.02','1450697','limit','C000002766','WTBA','sell');
insert into stocks values('FTHI','C000001004');
insert into transaction ("volume","time","price","seller","buyer","stock") values('0','1975-11-7 08:00:00','400.0','admin','admin','FTHI');
insert into orders ("time","price","volume","type","trader","stock","cat") values('2014-11-7 08:00:00','400.0','1583173','limit','C000001004','FTHI','sell');
insert into stocks values('CZNC','C000000580');
insert into transaction ("volume","time","price","seller","buyer","stock") values('0','1975-11-7 08:00:00','251.99','admin','admin','CZNC');
insert into orders ("time","price","volume","type","trader","stock","cat") values('2014-11-7 08:00:00','251.99','1017085','limit','C000000580','CZNC','sell');
insert into stocks values('DXKW','C000002803');
insert into transaction ("volume","time","price","seller","buyer","stock") values('0','1975-11-7 08:00:00','262.62','admin','admin','DXKW');
insert into orders ("time","price","volume","type","trader","stock","cat") values('2014-11-7 08:00:00','262.62','1270641','limit','C000002803','DXKW','sell');
insert into stocks values('BRKR','C000000405');
insert into transaction ("volume","time","price","seller","buyer","stock") values('0','1975-11-7 08:00:00','173.3','admin','admin','BRKR');
insert into orders ("time","price","volume","type","trader","stock","cat") values('2014-11-7 08:00:00','173.3','1106588','limit','C000000405','BRKR','sell');
insert into stocks values('UVSP','C000002635');
insert into transaction ("volume","time","price","seller","buyer","stock") values('0','1975-11-7 08:00:00','103.48','admin','admin','UVSP');
insert into orders ("time","price","volume","type","trader","stock","cat") values('2014-11-7 08:00:00','103.48','1025144','limit','C000002635','UVSP','sell');
insert into stocks values('MYRG','C000001727');
insert into transaction ("volume","time","price","seller","buyer","stock") values('0','1975-11-7 08:00:00','357.54','admin','admin','MYRG');
insert into orders ("time","price","volume","type","trader","stock","cat") values('2014-11-7 08:00:00','357.54','1045562','limit','C000001727','MYRG','sell');
insert into stocks values('WETF','C000002800');
insert into transaction ("volume","time","price","seller","buyer","stock") values('0','1975-11-7 08:00:00','302.34','admin','admin','WETF');
insert into orders ("time","price","volume","type","trader","stock","cat") values('2014-11-7 08:00:00','302.34','1778634','limit','C000002800','WETF','sell');
insert into stocks values('MDCA','C000001628');
insert into transaction ("volume","time","price","seller","buyer","stock") values('0','1975-11-7 08:00:00','122.05','admin','admin','MDCA');
insert into orders ("time","price","volume","type","trader","stock","cat") values('2014-11-7 08:00:00','122.05','1202978','limit','C000001628','MDCA','sell');
insert into stocks values('DWA','C000000788');
insert into transaction ("volume","time","price","seller","buyer","stock") values('0','1975-11-7 08:00:00','134.69','admin','admin','DWA');
insert into orders ("time","price","volume","type","trader","stock","cat") values('2014-11-7 08:00:00','134.69','1467350','limit','C000000788','DWA','sell');
insert into stocks values('WFBI','C000002752');
insert into transaction ("volume","time","price","seller","buyer","stock") values('0','1975-11-7 08:00:00','66.48','admin','admin','WFBI');
insert into orders ("time","price","volume","type","trader","stock","cat") values('2014-11-7 08:00:00','66.48','1152759','limit','C000002752','WFBI','sell');
insert into stocks values('TASR','C000002459');
insert into transaction ("volume","time","price","seller","buyer","stock") values('0','1975-11-7 08:00:00','42.91','admin','admin','TASR');
insert into orders ("time","price","volume","type","trader","stock","cat") values('2014-11-7 08:00:00','42.91','1486681','limit','C000002459','TASR','sell');
insert into stocks values('VDSI','C000002680');
insert into transaction ("volume","time","price","seller","buyer","stock") values('0','1975-11-7 08:00:00','92.06','admin','admin','VDSI');
insert into orders ("time","price","volume","type","trader","stock","cat") values('2014-11-7 08:00:00','92.06','1715325','limit','C000002680','VDSI','sell');
insert into stocks values('PHII','C000001985');
insert into transaction ("volume","time","price","seller","buyer","stock") values('0','1975-11-7 08:00:00','445.27','admin','admin','PHII');
insert into orders ("time","price","volume","type","trader","stock","cat") values('2014-11-7 08:00:00','445.27','1693822','limit','C000001985','PHII','sell');
insert into stocks values('FTLB','C000001014');
insert into transaction ("volume","time","price","seller","buyer","stock") values('0','1975-11-7 08:00:00','126.13','admin','admin','FTLB');
insert into orders ("time","price","volume","type","trader","stock","cat") values('2014-11-7 08:00:00','126.13','1072125','limit','C000001014','FTLB','sell');
insert into stocks values('CG','C000002495');
insert into transaction ("volume","time","price","seller","buyer","stock") values('0','1975-11-7 08:00:00','278.1','admin','admin','CG');
insert into orders ("time","price","volume","type","trader","stock","cat") values('2014-11-7 08:00:00','278.1','1970991','limit','C000002495','CG','sell');
insert into stocks values('DTYS','C000002641');
insert into transaction ("volume","time","price","seller","buyer","stock") values('0','1975-11-7 08:00:00','493.38','admin','admin','DTYS');
insert into orders ("time","price","volume","type","trader","stock","cat") values('2014-11-7 08:00:00','493.38','1722178','limit','C000002641','DTYS','sell');
insert into stocks values('GFNSL','C000001108');
insert into transaction ("volume","time","price","seller","buyer","stock") values('0','1975-11-7 08:00:00','241.62','admin','admin','GFNSL');
insert into orders ("time","price","volume","type","trader","stock","cat") values('2014-11-7 08:00:00','241.62','1528923','limit','C000001108','GFNSL','sell');
insert into stocks values('FFBC','C000000967');
insert into transaction ("volume","time","price","seller","buyer","stock") values('0','1975-11-7 08:00:00','383.52','admin','admin','FFBC');
insert into orders ("time","price","volume","type","trader","stock","cat") values('2014-11-7 08:00:00','383.52','1227432','limit','C000000967','FFBC','sell');
insert into stocks values('ISLE','C000001417');
insert into transaction ("volume","time","price","seller","buyer","stock") values('0','1975-11-7 08:00:00','286.75','admin','admin','ISLE');
insert into orders ("time","price","volume","type","trader","stock","cat") values('2014-11-7 08:00:00','286.75','1130115','limit','C000001417','ISLE','sell');
insert into stocks values('VIVO','C000001655');
insert into transaction ("volume","time","price","seller","buyer","stock") values('0','1975-11-7 08:00:00','89.45','admin','admin','VIVO');
insert into orders ("time","price","volume","type","trader","stock","cat") values('2014-11-7 08:00:00','89.45','1695778','limit','C000001655','VIVO','sell');
insert into stocks values('RP','C000002136');
insert into transaction ("volume","time","price","seller","buyer","stock") values('0','1975-11-7 08:00:00','205.93','admin','admin','RP');
insert into orders ("time","price","volume","type","trader","stock","cat") values('2014-11-7 08:00:00','205.93','1438065','limit','C000002136','RP','sell');
insert into stocks values('VNET','C000000007');
insert into transaction ("volume","time","price","seller","buyer","stock") values('0','1975-11-7 08:00:00','402.24','admin','admin','VNET');
insert into orders ("time","price","volume","type","trader","stock","cat") values('2014-11-7 08:00:00','402.24','1991982','limit','C000000007','VNET','sell');
insert into stocks values('INSM','C000001342');
insert into transaction ("volume","time","price","seller","buyer","stock") values('0','1975-11-7 08:00:00','140.13','admin','admin','INSM');
insert into orders ("time","price","volume","type","trader","stock","cat") values('2014-11-7 08:00:00','140.13','1139045','limit','C000001342','INSM','sell');
insert into stocks values('FEM','C000000994');
insert into transaction ("volume","time","price","seller","buyer","stock") values('0','1975-11-7 08:00:00','205.75','admin','admin','FEM');
insert into orders ("time","price","volume","type","trader","stock","cat") values('2014-11-7 08:00:00','205.75','1154971','limit','C000000994','FEM','sell');
insert into stocks values('FITB','C000000944');
insert into transaction ("volume","time","price","seller","buyer","stock") values('0','1975-11-7 08:00:00','302.09','admin','admin','FITB');
insert into orders ("time","price","volume","type","trader","stock","cat") values('2014-11-7 08:00:00','302.09','1484254','limit','C000000944','FITB','sell');
insert into stocks values('SKYW','C000002313');
insert into transaction ("volume","time","price","seller","buyer","stock") values('0','1975-11-7 08:00:00','455.54','admin','admin','SKYW');
insert into orders ("time","price","volume","type","trader","stock","cat") values('2014-11-7 08:00:00','455.54','1621240','limit','C000002313','SKYW','sell');
insert into stocks values('TILE','C000001360');
insert into transaction ("volume","time","price","seller","buyer","stock") values('0','1975-11-7 08:00:00','285.25','admin','admin','TILE');
insert into orders ("time","price","volume","type","trader","stock","cat") values('2014-11-7 08:00:00','285.25','1390322','limit','C000001360','TILE','sell');
insert into stocks values('HTLD','C000001225');
insert into transaction ("volume","time","price","seller","buyer","stock") values('0','1975-11-7 08:00:00','33.54','admin','admin','HTLD');
insert into orders ("time","price","volume","type","trader","stock","cat") values('2014-11-7 08:00:00','33.54','1300451','limit','C000001225','HTLD','sell');
insert into stocks values('SOCL','C000001142');
insert into transaction ("volume","time","price","seller","buyer","stock") values('0','1975-11-7 08:00:00','328.9','admin','admin','SOCL');
insert into orders ("time","price","volume","type","trader","stock","cat") values('2014-11-7 08:00:00','328.9','1198236','limit','C000001142','SOCL','sell');
insert into stocks values('AMRI','C000000094');
insert into transaction ("volume","time","price","seller","buyer","stock") values('0','1975-11-7 08:00:00','431.43','admin','admin','AMRI');
insert into orders ("time","price","volume","type","trader","stock","cat") values('2014-11-7 08:00:00','431.43','1971542','limit','C000000094','AMRI','sell');
insert into stocks values('FMER','C000001039');
insert into transaction ("volume","time","price","seller","buyer","stock") values('0','1975-11-7 08:00:00','370.13','admin','admin','FMER');
insert into orders ("time","price","volume","type","trader","stock","cat") values('2014-11-7 08:00:00','370.13','1109869','limit','C000001039','FMER','sell');
insert into stocks values('AMOT','C000000112');
insert into transaction ("volume","time","price","seller","buyer","stock") values('0','1975-11-7 08:00:00','171.01','admin','admin','AMOT');
insert into orders ("time","price","volume","type","trader","stock","cat") values('2014-11-7 08:00:00','171.01','1160780','limit','C000000112','AMOT','sell');
insert into stocks values('EGOV','C000001791');
insert into transaction ("volume","time","price","seller","buyer","stock") values('0','1975-11-7 08:00:00','425.76','admin','admin','EGOV');
insert into orders ("time","price","volume","type","trader","stock","cat") values('2014-11-7 08:00:00','425.76','1556576','limit','C000001791','EGOV','sell');
insert into stocks values('FCBC','C000000961');
insert into transaction ("volume","time","price","seller","buyer","stock") values('0','1975-11-7 08:00:00','320.09','admin','admin','FCBC');
insert into orders ("time","price","volume","type","trader","stock","cat") values('2014-11-7 08:00:00','320.09','1840752','limit','C000000961','FCBC','sell');
insert into stocks values('NDRM','C000001779');
insert into transaction ("volume","time","price","seller","buyer","stock") values('0','1975-11-7 08:00:00','154.6','admin','admin','NDRM');
insert into orders ("time","price","volume","type","trader","stock","cat") values('2014-11-7 08:00:00','154.6','1148930','limit','C000001779','NDRM','sell');
insert into stocks values('ABY','C000000021');
insert into transaction ("volume","time","price","seller","buyer","stock") values('0','1975-11-7 08:00:00','473.55','admin','admin','ABY');
insert into orders ("time","price","volume","type","trader","stock","cat") values('2014-11-7 08:00:00','473.55','1879609','limit','C000000021','ABY','sell');
insert into stocks values('OCFC','C000001842');
insert into transaction ("volume","time","price","seller","buyer","stock") values('0','1975-11-7 08:00:00','102.63','admin','admin','OCFC');
insert into orders ("time","price","volume","type","trader","stock","cat") values('2014-11-7 08:00:00','102.63','1040852','limit','C000001842','OCFC','sell');
insert into stocks values('QQQX','C000001826');
insert into transaction ("volume","time","price","seller","buyer","stock") values('0','1975-11-7 08:00:00','179.44','admin','admin','QQQX');
insert into orders ("time","price","volume","type","trader","stock","cat") values('2014-11-7 08:00:00','179.44','1044332','limit','C000001826','QQQX','sell');
insert into stocks values('VECO','C000002685');
insert into transaction ("volume","time","price","seller","buyer","stock") values('0','1975-11-7 08:00:00','269.86','admin','admin','VECO');
insert into orders ("time","price","volume","type","trader","stock","cat") values('2014-11-7 08:00:00','269.86','1322724','limit','C000002685','VECO','sell');
insert into stocks values('KTWO','C000001453');
insert into transaction ("volume","time","price","seller","buyer","stock") values('0','1975-11-7 08:00:00','76.34','admin','admin','KTWO');
insert into orders ("time","price","volume","type","trader","stock","cat") values('2014-11-7 08:00:00','76.34','1003724','limit','C000001453','KTWO','sell');
insert into stocks values('CCD','C000000426');
insert into transaction ("volume","time","price","seller","buyer","stock") values('0','1975-11-7 08:00:00','190.64','admin','admin','CCD');
insert into orders ("time","price","volume","type","trader","stock","cat") values('2014-11-7 08:00:00','190.64','1604300','limit','C000000426','CCD','sell');
insert into stocks values('GTLS','C000000528');
insert into transaction ("volume","time","price","seller","buyer","stock") values('0','1975-11-7 08:00:00','28.73','admin','admin','GTLS');
insert into orders ("time","price","volume","type","trader","stock","cat") values('2014-11-7 08:00:00','28.73','1027529','limit','C000000528','GTLS','sell');
insert into stocks values('FINL','C000002503');
insert into transaction ("volume","time","price","seller","buyer","stock") values('0','1975-11-7 08:00:00','375.54','admin','admin','FINL');
insert into orders ("time","price","volume","type","trader","stock","cat") values('2014-11-7 08:00:00','375.54','1475191','limit','C000002503','FINL','sell');
insert into stocks values('MFLX','C000001722');
insert into transaction ("volume","time","price","seller","buyer","stock") values('0','1975-11-7 08:00:00','150.83','admin','admin','MFLX');
insert into orders ("time","price","volume","type","trader","stock","cat") values('2014-11-7 08:00:00','150.83','1369254','limit','C000001722','MFLX','sell');
insert into stocks values('HTBI','C000001260');
insert into transaction ("volume","time","price","seller","buyer","stock") values('0','1975-11-7 08:00:00','44.66','admin','admin','HTBI');
insert into orders ("time","price","volume","type","trader","stock","cat") values('2014-11-7 08:00:00','44.66','1047422','limit','C000001260','HTBI','sell');
insert into stocks values('MDIV','C000001001');
insert into transaction ("volume","time","price","seller","buyer","stock") values('0','1975-11-7 08:00:00','162.43','admin','admin','MDIV');
insert into orders ("time","price","volume","type","trader","stock","cat") values('2014-11-7 08:00:00','162.43','1223693','limit','C000001001','MDIV','sell');
insert into stocks values('BWFG','C000000304');
insert into transaction ("volume","time","price","seller","buyer","stock") values('0','1975-11-7 08:00:00','399.7','admin','admin','BWFG');
insert into orders ("time","price","volume","type","trader","stock","cat") values('2014-11-7 08:00:00','399.7','1228884','limit','C000000304','BWFG','sell');
insert into stocks values('CAMP','C000000431');
insert into transaction ("volume","time","price","seller","buyer","stock") values('0','1975-11-7 08:00:00','34.01','admin','admin','CAMP');
insert into orders ("time","price","volume","type","trader","stock","cat") values('2014-11-7 08:00:00','34.01','1591722','limit','C000000431','CAMP','sell');
insert into stocks values('AKTX','C000000088');
insert into transaction ("volume","time","price","seller","buyer","stock") values('0','1975-11-7 08:00:00','481.5','admin','admin','AKTX');
insert into orders ("time","price","volume","type","trader","stock","cat") values('2014-11-7 08:00:00','481.5','1148853','limit','C000000088','AKTX','sell');
insert into stocks values('ABTL','C000000272');
insert into transaction ("volume","time","price","seller","buyer","stock") values('0','1975-11-7 08:00:00','189.92','admin','admin','ABTL');
insert into orders ("time","price","volume","type","trader","stock","cat") values('2014-11-7 08:00:00','189.92','1718325','limit','C000000272','ABTL','sell');
insert into stocks values('VBFC','C000002722');
insert into transaction ("volume","time","price","seller","buyer","stock") values('0','1975-11-7 08:00:00','163.5','admin','admin','VBFC');
insert into orders ("time","price","volume","type","trader","stock","cat") values('2014-11-7 08:00:00','163.5','1460636','limit','C000002722','VBFC','sell');
insert into stocks values('HFWA','C000001237');
insert into transaction ("volume","time","price","seller","buyer","stock") values('0','1975-11-7 08:00:00','396.71','admin','admin','HFWA');
insert into orders ("time","price","volume","type","trader","stock","cat") values('2014-11-7 08:00:00','396.71','1415743','limit','C000001237','HFWA','sell');
insert into stocks values('INOV','C000001338');
insert into transaction ("volume","time","price","seller","buyer","stock") values('0','1975-11-7 08:00:00','299.12','admin','admin','INOV');
insert into orders ("time","price","volume","type","trader","stock","cat") values('2014-11-7 08:00:00','299.12','1849685','limit','C000001338','INOV','sell');
insert into stocks values('CMCT','C000000571');
insert into transaction ("volume","time","price","seller","buyer","stock") values('0','1975-11-7 08:00:00','19.21','admin','admin','CMCT');
insert into orders ("time","price","volume","type","trader","stock","cat") values('2014-11-7 08:00:00','19.21','1176141','limit','C000000571','CMCT','sell');
insert into stocks values('RAVN','C000002127');
insert into transaction ("volume","time","price","seller","buyer","stock") values('0','1975-11-7 08:00:00','196.27','admin','admin','RAVN');
insert into orders ("time","price","volume","type","trader","stock","cat") values('2014-11-7 08:00:00','196.27','1651833','limit','C000002127','RAVN','sell');
insert into stocks values('AFH','C000000260');
insert into transaction ("volume","time","price","seller","buyer","stock") values('0','1975-11-7 08:00:00','240.93','admin','admin','AFH');
insert into orders ("time","price","volume","type","trader","stock","cat") values('2014-11-7 08:00:00','240.93','1954128','limit','C000000260','AFH','sell');
insert into stocks values('MPEL','C000001642');
insert into transaction ("volume","time","price","seller","buyer","stock") values('0','1975-11-7 08:00:00','237.71','admin','admin','MPEL');
insert into orders ("time","price","volume","type","trader","stock","cat") values('2014-11-7 08:00:00','237.71','1708264','limit','C000001642','MPEL','sell');
insert into stocks values('WSTG','C000002756');
insert into transaction ("volume","time","price","seller","buyer","stock") values('0','1975-11-7 08:00:00','304.05','admin','admin','WSTG');
insert into orders ("time","price","volume","type","trader","stock","cat") values('2014-11-7 08:00:00','304.05','1547867','limit','C000002756','WSTG','sell');
insert into stocks values('JSM','C000002315');
insert into transaction ("volume","time","price","seller","buyer","stock") values('0','1975-11-7 08:00:00','182.23','admin','admin','JSM');
insert into orders ("time","price","volume","type","trader","stock","cat") values('2014-11-7 08:00:00','182.23','1354124','limit','C000002315','JSM','sell');
insert into stocks values('MMSI','C000001656');
insert into transaction ("volume","time","price","seller","buyer","stock") values('0','1975-11-7 08:00:00','408.74','admin','admin','MMSI');
insert into orders ("time","price","volume","type","trader","stock","cat") values('2014-11-7 08:00:00','408.74','1240972','limit','C000001656','MMSI','sell');
insert into stocks values('SBLKL','C000002372');
insert into transaction ("volume","time","price","seller","buyer","stock") values('0','1975-11-7 08:00:00','26.63','admin','admin','SBLKL');
insert into orders ("time","price","volume","type","trader","stock","cat") values('2014-11-7 08:00:00','26.63','1447090','limit','C000002372','SBLKL','sell');
insert into stocks values('SPAN','C000002348');
insert into transaction ("volume","time","price","seller","buyer","stock") values('0','1975-11-7 08:00:00','378.75','admin','admin','SPAN');
insert into orders ("time","price","volume","type","trader","stock","cat") values('2014-11-7 08:00:00','378.75','1264215','limit','C000002348','SPAN','sell');
insert into stocks values('RTRX','C000002171');
insert into transaction ("volume","time","price","seller","buyer","stock") values('0','1975-11-7 08:00:00','158.78','admin','admin','RTRX');
insert into orders ("time","price","volume","type","trader","stock","cat") values('2014-11-7 08:00:00','158.78','1347241','limit','C000002171','RTRX','sell');
insert into stocks values('APLP','C000000212');
insert into transaction ("volume","time","price","seller","buyer","stock") values('0','1975-11-7 08:00:00','217.52','admin','admin','APLP');
insert into orders ("time","price","volume","type","trader","stock","cat") values('2014-11-7 08:00:00','217.52','1485720','limit','C000000212','APLP','sell');
insert into stocks values('PEBK','C000001965');
insert into transaction ("volume","time","price","seller","buyer","stock") values('0','1975-11-7 08:00:00','209.79','admin','admin','PEBK');
insert into orders ("time","price","volume","type","trader","stock","cat") values('2014-11-7 08:00:00','209.79','1277996','limit','C000001965','PEBK','sell');
insert into stocks values('WEBK','C000002762');
insert into transaction ("volume","time","price","seller","buyer","stock") values('0','1975-11-7 08:00:00','127.36','admin','admin','WEBK');
insert into orders ("time","price","volume","type","trader","stock","cat") values('2014-11-7 08:00:00','127.36','1660511','limit','C000002762','WEBK','sell');
insert into stocks values('UIHC','C000002621');
insert into transaction ("volume","time","price","seller","buyer","stock") values('0','1975-11-7 08:00:00','413.39','admin','admin','UIHC');
insert into orders ("time","price","volume","type","trader","stock","cat") values('2014-11-7 08:00:00','413.39','1019548','limit','C000002621','UIHC','sell');
insert into stocks values('IQNT','C000001352');
insert into transaction ("volume","time","price","seller","buyer","stock") values('0','1975-11-7 08:00:00','493.26','admin','admin','IQNT');
insert into orders ("time","price","volume","type","trader","stock","cat") values('2014-11-7 08:00:00','493.26','1087253','limit','C000001352','IQNT','sell');
insert into stocks values('GTWN','C000001117');
insert into transaction ("volume","time","price","seller","buyer","stock") values('0','1975-11-7 08:00:00','182.65','admin','admin','GTWN');
insert into orders ("time","price","volume","type","trader","stock","cat") values('2014-11-7 08:00:00','182.65','1645122','limit','C000001117','GTWN','sell');
insert into stocks values('FBNC','C000000951');
insert into transaction ("volume","time","price","seller","buyer","stock") values('0','1975-11-7 08:00:00','387.04','admin','admin','FBNC');
insert into orders ("time","price","volume","type","trader","stock","cat") values('2014-11-7 08:00:00','387.04','1107940','limit','C000000951','FBNC','sell');
insert into stocks values('BPOPM','C000002011');
insert into transaction ("volume","time","price","seller","buyer","stock") values('0','1975-11-7 08:00:00','282.05','admin','admin','BPOPM');
insert into orders ("time","price","volume","type","trader","stock","cat") values('2014-11-7 08:00:00','282.05','1971509','limit','C000002011','BPOPM','sell');
insert into stocks values('CMCO','C000000622');
insert into transaction ("volume","time","price","seller","buyer","stock") values('0','1975-11-7 08:00:00','107.84','admin','admin','CMCO');
insert into orders ("time","price","volume","type","trader","stock","cat") values('2014-11-7 08:00:00','107.84','1642949','limit','C000000622','CMCO','sell');
insert into stocks values('OFED','C000001845');
insert into transaction ("volume","time","price","seller","buyer","stock") values('0','1975-11-7 08:00:00','195.42','admin','admin','OFED');
insert into orders ("time","price","volume","type","trader","stock","cat") values('2014-11-7 08:00:00','195.42','1587770','limit','C000001845','OFED','sell');
insert into stocks values('PSCE','C000002033');
insert into transaction ("volume","time","price","seller","buyer","stock") values('0','1975-11-7 08:00:00','447.68','admin','admin','PSCE');
insert into orders ("time","price","volume","type","trader","stock","cat") values('2014-11-7 08:00:00','447.68','1936367','limit','C000002033','PSCE','sell');
insert into stocks values('USAK','C000002650');
insert into transaction ("volume","time","price","seller","buyer","stock") values('0','1975-11-7 08:00:00','88.38','admin','admin','USAK');
insert into orders ("time","price","volume","type","trader","stock","cat") values('2014-11-7 08:00:00','88.38','1825368','limit','C000002650','USAK','sell');
insert into stocks values('RLYP','C000002151');
insert into transaction ("volume","time","price","seller","buyer","stock") values('0','1975-11-7 08:00:00','298.62','admin','admin','RLYP');
insert into orders ("time","price","volume","type","trader","stock","cat") values('2014-11-7 08:00:00','298.62','1124607','limit','C000002151','RLYP','sell');
insert into stocks values('FGBI','C000000972');
insert into transaction ("volume","time","price","seller","buyer","stock") values('0','1975-11-7 08:00:00','320.76','admin','admin','FGBI');
insert into orders ("time","price","volume","type","trader","stock","cat") values('2014-11-7 08:00:00','320.76','1052926','limit','C000000972','FGBI','sell');
insert into stocks values('CCNE','C000000598');
insert into transaction ("volume","time","price","seller","buyer","stock") values('0','1975-11-7 08:00:00','106.01','admin','admin','CCNE');
insert into orders ("time","price","volume","type","trader","stock","cat") values('2014-11-7 08:00:00','106.01','1520235','limit','C000000598','CCNE','sell');
insert into stocks values('DGICB','C000000783');
insert into transaction ("volume","time","price","seller","buyer","stock") values('0','1975-11-7 08:00:00','233.55','admin','admin','DGICB');
insert into orders ("time","price","volume","type","trader","stock","cat") values('2014-11-7 08:00:00','233.55','1093219','limit','C000000783','DGICB','sell');
insert into stocks values('FMBI','C000000977');
insert into transaction ("volume","time","price","seller","buyer","stock") values('0','1975-11-7 08:00:00','340.07','admin','admin','FMBI');
insert into orders ("time","price","volume","type","trader","stock","cat") values('2014-11-7 08:00:00','340.07','1783855','limit','C000000977','FMBI','sell');
insert into stocks values('CHKE','C000000537');
insert into transaction ("volume","time","price","seller","buyer","stock") values('0','1975-11-7 08:00:00','74.02','admin','admin','CHKE');
insert into orders ("time","price","volume","type","trader","stock","cat") values('2014-11-7 08:00:00','74.02','1888537','limit','C000000537','CHKE','sell');
insert into stocks values('RCII','C000002157');
insert into transaction ("volume","time","price","seller","buyer","stock") values('0','1975-11-7 08:00:00','238.9','admin','admin','RCII');
insert into orders ("time","price","volume","type","trader","stock","cat") values('2014-11-7 08:00:00','238.9','1790523','limit','C000002157','RCII','sell');
insert into stocks values('QURE','C000002611');
insert into transaction ("volume","time","price","seller","buyer","stock") values('0','1975-11-7 08:00:00','334.9','admin','admin','QURE');
insert into orders ("time","price","volume","type","trader","stock","cat") values('2014-11-7 08:00:00','334.9','1879823','limit','C000002611','QURE','sell');
insert into stocks values('BELFB','C000000322');
insert into transaction ("volume","time","price","seller","buyer","stock") values('0','1975-11-7 08:00:00','332.63','admin','admin','BELFB');
insert into orders ("time","price","volume","type","trader","stock","cat") values('2014-11-7 08:00:00','332.63','1761281','limit','C000000322','BELFB','sell');
insert into stocks values('PRTK','C000001928');
insert into transaction ("volume","time","price","seller","buyer","stock") values('0','1975-11-7 08:00:00','188.33','admin','admin','PRTK');
insert into orders ("time","price","volume","type","trader","stock","cat") values('2014-11-7 08:00:00','188.33','1574978','limit','C000001928','PRTK','sell');
insert into stocks values('IFV','C000000993');
insert into transaction ("volume","time","price","seller","buyer","stock") values('0','1975-11-7 08:00:00','159.71','admin','admin','IFV');
insert into orders ("time","price","volume","type","trader","stock","cat") values('2014-11-7 08:00:00','159.71','1556813','limit','C000000993','IFV','sell');
insert into stocks values('BUFF','C000000369');
insert into transaction ("volume","time","price","seller","buyer","stock") values('0','1975-11-7 08:00:00','240.57','admin','admin','BUFF');
insert into orders ("time","price","volume","type","trader","stock","cat") values('2014-11-7 08:00:00','240.57','1763740','limit','C000000369','BUFF','sell');
insert into stocks values('STLD','C000002381');
insert into transaction ("volume","time","price","seller","buyer","stock") values('0','1975-11-7 08:00:00','70.81','admin','admin','STLD');
insert into orders ("time","price","volume","type","trader","stock","cat") values('2014-11-7 08:00:00','70.81','1798780','limit','C000002381','STLD','sell');
insert into stocks values('MRLN','C000001608');
insert into transaction ("volume","time","price","seller","buyer","stock") values('0','1975-11-7 08:00:00','184.54','admin','admin','MRLN');
insert into orders ("time","price","volume","type","trader","stock","cat") values('2014-11-7 08:00:00','184.54','1418847','limit','C000001608','MRLN','sell');
insert into stocks values('IIVI','C000001304');
insert into transaction ("volume","time","price","seller","buyer","stock") values('0','1975-11-7 08:00:00','55.86','admin','admin','IIVI');
insert into orders ("time","price","volume","type","trader","stock","cat") values('2014-11-7 08:00:00','55.86','1110236','limit','C000001304','IIVI','sell');
insert into stocks values('VNRAP','C000002665');
insert into transaction ("volume","time","price","seller","buyer","stock") values('0','1975-11-7 08:00:00','140.18','admin','admin','VNRAP');
insert into orders ("time","price","volume","type","trader","stock","cat") values('2014-11-7 08:00:00','140.18','1255317','limit','C000002665','VNRAP','sell');
insert into stocks values('CNOB','C000000652');
insert into transaction ("volume","time","price","seller","buyer","stock") values('0','1975-11-7 08:00:00','144.8','admin','admin','CNOB');
insert into orders ("time","price","volume","type","trader","stock","cat") values('2014-11-7 08:00:00','144.8','1536629','limit','C000000652','CNOB','sell');
insert into stocks values('ROIC','C000002169');
insert into transaction ("volume","time","price","seller","buyer","stock") values('0','1975-11-7 08:00:00','341.18','admin','admin','ROIC');
insert into orders ("time","price","volume","type","trader","stock","cat") values('2014-11-7 08:00:00','341.18','1138518','limit','C000002169','ROIC','sell');
insert into stocks values('DEPO','C000000751');
insert into transaction ("volume","time","price","seller","buyer","stock") values('0','1975-11-7 08:00:00','475.68','admin','admin','DEPO');
insert into orders ("time","price","volume","type","trader","stock","cat") values('2014-11-7 08:00:00','475.68','1925264','limit','C000000751','DEPO','sell');
insert into stocks values('ORBK','C000001886');
insert into transaction ("volume","time","price","seller","buyer","stock") values('0','1975-11-7 08:00:00','83.01','admin','admin','ORBK');
insert into orders ("time","price","volume","type","trader","stock","cat") values('2014-11-7 08:00:00','83.01','1514918','limit','C000001886','ORBK','sell');
insert into stocks values('OSIR','C000001895');
insert into transaction ("volume","time","price","seller","buyer","stock") values('0','1975-11-7 08:00:00','388.36','admin','admin','OSIR');
insert into orders ("time","price","volume","type","trader","stock","cat") values('2014-11-7 08:00:00','388.36','1647193','limit','C000001895','OSIR','sell');
insert into stocks values('ORRF','C000001892');
insert into transaction ("volume","time","price","seller","buyer","stock") values('0','1975-11-7 08:00:00','155.22','admin','admin','ORRF');
insert into orders ("time","price","volume","type","trader","stock","cat") values('2014-11-7 08:00:00','155.22','1017034','limit','C000001892','ORRF','sell');
insert into stocks values('SPOK','C000002361');
insert into transaction ("volume","time","price","seller","buyer","stock") values('0','1975-11-7 08:00:00','226.75','admin','admin','SPOK');
insert into orders ("time","price","volume","type","trader","stock","cat") values('2014-11-7 08:00:00','226.75','1363948','limit','C000002361','SPOK','sell');
insert into stocks values('ICBK','C000000675');
insert into transaction ("volume","time","price","seller","buyer","stock") values('0','1975-11-7 08:00:00','260.81','admin','admin','ICBK');
insert into orders ("time","price","volume","type","trader","stock","cat") values('2014-11-7 08:00:00','260.81','1063637','limit','C000000675','ICBK','sell');
insert into stocks values('RECN','C000002168');
insert into transaction ("volume","time","price","seller","buyer","stock") values('0','1975-11-7 08:00:00','186.37','admin','admin','RECN');
insert into orders ("time","price","volume","type","trader","stock","cat") values('2014-11-7 08:00:00','186.37','1506913','limit','C000002168','RECN','sell');
insert into stocks values('TERP','C000002475');
insert into transaction ("volume","time","price","seller","buyer","stock") values('0','1975-11-7 08:00:00','394.87','admin','admin','TERP');
insert into orders ("time","price","volume","type","trader","stock","cat") values('2014-11-7 08:00:00','394.87','1899312','limit','C000002475','TERP','sell');
insert into stocks values('SMTC','C000002257');
insert into transaction ("volume","time","price","seller","buyer","stock") values('0','1975-11-7 08:00:00','480.94','admin','admin','SMTC');
insert into orders ("time","price","volume","type","trader","stock","cat") values('2014-11-7 08:00:00','480.94','1636421','limit','C000002257','SMTC','sell');
insert into stocks values('FMI','C000001070');
insert into transaction ("volume","time","price","seller","buyer","stock") values('0','1975-11-7 08:00:00','296.18','admin','admin','FMI');
insert into orders ("time","price","volume","type","trader","stock","cat") values('2014-11-7 08:00:00','296.18','1914775','limit','C000001070','FMI','sell');
insert into stocks values('TFSL','C000002489');
insert into transaction ("volume","time","price","seller","buyer","stock") values('0','1975-11-7 08:00:00','307.67','admin','admin','TFSL');
insert into orders ("time","price","volume","type","trader","stock","cat") values('2014-11-7 08:00:00','307.67','1416508','limit','C000002489','TFSL','sell');
insert into stocks values('CVBF','C000000711');
insert into transaction ("volume","time","price","seller","buyer","stock") values('0','1975-11-7 08:00:00','20.76','admin','admin','CVBF');
insert into orders ("time","price","volume","type","trader","stock","cat") values('2014-11-7 08:00:00','20.76','1884158','limit','C000000711','CVBF','sell');
insert into stocks values('DCOM','C000000771');
insert into transaction ("volume","time","price","seller","buyer","stock") values('0','1975-11-7 08:00:00','13.34','admin','admin','DCOM');
insert into orders ("time","price","volume","type","trader","stock","cat") values('2014-11-7 08:00:00','13.34','1027963','limit','C000000771','DCOM','sell');
insert into stocks values('ARDX','C000000214');
insert into transaction ("volume","time","price","seller","buyer","stock") values('0','1975-11-7 08:00:00','196.61','admin','admin','ARDX');
insert into orders ("time","price","volume","type","trader","stock","cat") values('2014-11-7 08:00:00','196.61','1182201','limit','C000000214','ARDX','sell');
insert into stocks values('CHEF','C000002497');
insert into transaction ("volume","time","price","seller","buyer","stock") values('0','1975-11-7 08:00:00','446.18','admin','admin','CHEF');
insert into orders ("time","price","volume","type","trader","stock","cat") values('2014-11-7 08:00:00','446.18','1599105','limit','C000002497','CHEF','sell');
insert into stocks values('SQQQ','C000002071');
insert into transaction ("volume","time","price","seller","buyer","stock") values('0','1975-11-7 08:00:00','176.15','admin','admin','SQQQ');
insert into orders ("time","price","volume","type","trader","stock","cat") values('2014-11-7 08:00:00','176.15','1038159','limit','C000002071','SQQQ','sell');
insert into stocks values('MBRG','C000001678');
insert into transaction ("volume","time","price","seller","buyer","stock") values('0','1975-11-7 08:00:00','484.33','admin','admin','MBRG');
insert into orders ("time","price","volume","type","trader","stock","cat") values('2014-11-7 08:00:00','484.33','1675868','limit','C000001678','MBRG','sell');
insert into stocks values('EXAC','C000000903');
insert into transaction ("volume","time","price","seller","buyer","stock") values('0','1975-11-7 08:00:00','403.02','admin','admin','EXAC');
insert into orders ("time","price","volume","type","trader","stock","cat") values('2014-11-7 08:00:00','403.02','1149238','limit','C000000903','EXAC','sell');
insert into stocks values('FOXF','C000001072');
insert into transaction ("volume","time","price","seller","buyer","stock") values('0','1975-11-7 08:00:00','270.14','admin','admin','FOXF');
insert into orders ("time","price","volume","type","trader","stock","cat") values('2014-11-7 08:00:00','270.14','1200991','limit','C000001072','FOXF','sell');
insert into stocks values('MGPI','C000001668');
insert into transaction ("volume","time","price","seller","buyer","stock") values('0','1975-11-7 08:00:00','364.46','admin','admin','MGPI');
insert into orders ("time","price","volume","type","trader","stock","cat") values('2014-11-7 08:00:00','364.46','1736868','limit','C000001668','MGPI','sell');
insert into stocks values('RGNX','C000002147');
insert into transaction ("volume","time","price","seller","buyer","stock") values('0','1975-11-7 08:00:00','178.12','admin','admin','RGNX');
insert into orders ("time","price","volume","type","trader","stock","cat") values('2014-11-7 08:00:00','178.12','1664993','limit','C000002147','RGNX','sell');
insert into stocks values('SLRC','C000002325');
insert into transaction ("volume","time","price","seller","buyer","stock") values('0','1975-11-7 08:00:00','47.16','admin','admin','SLRC');
insert into orders ("time","price","volume","type","trader","stock","cat") values('2014-11-7 08:00:00','47.16','1299079','limit','C000002325','SLRC','sell');
insert into stocks values('HMHC','C000001270');
insert into transaction ("volume","time","price","seller","buyer","stock") values('0','1975-11-7 08:00:00','331.9','admin','admin','HMHC');
insert into orders ("time","price","volume","type","trader","stock","cat") values('2014-11-7 08:00:00','331.9','1443389','limit','C000001270','HMHC','sell');
insert into stocks values('CIBR','C000001018');
insert into transaction ("volume","time","price","seller","buyer","stock") values('0','1975-11-7 08:00:00','281.76','admin','admin','CIBR');
insert into orders ("time","price","volume","type","trader","stock","cat") values('2014-11-7 08:00:00','281.76','1309019','limit','C000001018','CIBR','sell');
insert into stocks values('NK','C000001733');
insert into transaction ("volume","time","price","seller","buyer","stock") values('0','1975-11-7 08:00:00','27.32','admin','admin','NK');
insert into orders ("time","price","volume","type","trader","stock","cat") values('2014-11-7 08:00:00','27.32','1924778','limit','C000001733','NK','sell');
insert into stocks values('PSEM','C000001975');
insert into transaction ("volume","time","price","seller","buyer","stock") values('0','1975-11-7 08:00:00','22.14','admin','admin','PSEM');
insert into orders ("time","price","volume","type","trader","stock","cat") values('2014-11-7 08:00:00','22.14','1991131','limit','C000001975','PSEM','sell');
insert into stocks values('AIMT','C000000081');
insert into transaction ("volume","time","price","seller","buyer","stock") values('0','1975-11-7 08:00:00','145.52','admin','admin','AIMT');
insert into orders ("time","price","volume","type","trader","stock","cat") values('2014-11-7 08:00:00','145.52','1520274','limit','C000000081','AIMT','sell');
insert into stocks values('OKSB','C000002346');
insert into transaction ("volume","time","price","seller","buyer","stock") values('0','1975-11-7 08:00:00','49.39','admin','admin','OKSB');
insert into orders ("time","price","volume","type","trader","stock","cat") values('2014-11-7 08:00:00','49.39','1503631','limit','C000002346','OKSB','sell');
insert into stocks values('MNTA','C000001701');
insert into transaction ("volume","time","price","seller","buyer","stock") values('0','1975-11-7 08:00:00','156.78','admin','admin','MNTA');
insert into orders ("time","price","volume","type","trader","stock","cat") values('2014-11-7 08:00:00','156.78','1433705','limit','C000001701','MNTA','sell');
insert into stocks values('PROV','C000002078');
insert into transaction ("volume","time","price","seller","buyer","stock") values('0','1975-11-7 08:00:00','170.43','admin','admin','PROV');
insert into orders ("time","price","volume","type","trader","stock","cat") values('2014-11-7 08:00:00','170.43','1804527','limit','C000002078','PROV','sell');
insert into stocks values('ENTL','C000000868');
insert into transaction ("volume","time","price","seller","buyer","stock") values('0','1975-11-7 08:00:00','205.23','admin','admin','ENTL');
insert into orders ("time","price","volume","type","trader","stock","cat") values('2014-11-7 08:00:00','205.23','1547035','limit','C000000868','ENTL','sell');
insert into stocks values('AGNC','C000000141');
insert into transaction ("volume","time","price","seller","buyer","stock") values('0','1975-11-7 08:00:00','333.48','admin','admin','AGNC');
insert into orders ("time","price","volume","type","trader","stock","cat") values('2014-11-7 08:00:00','333.48','1303683','limit','C000000141','AGNC','sell');
insert into stocks values('PENN','C000001959');
insert into transaction ("volume","time","price","seller","buyer","stock") values('0','1975-11-7 08:00:00','175.67','admin','admin','PENN');
insert into orders ("time","price","volume","type","trader","stock","cat") values('2014-11-7 08:00:00','175.67','1034079','limit','C000001959','PENN','sell');
insert into stocks values('PSIX','C000002018');
insert into transaction ("volume","time","price","seller","buyer","stock") values('0','1975-11-7 08:00:00','356.67','admin','admin','PSIX');
insert into orders ("time","price","volume","type","trader","stock","cat") values('2014-11-7 08:00:00','356.67','1035328','limit','C000002018','PSIX','sell');
insert into stocks values('SUPN','C000002424');
insert into transaction ("volume","time","price","seller","buyer","stock") values('0','1975-11-7 08:00:00','379.53','admin','admin','SUPN');
insert into orders ("time","price","volume","type","trader","stock","cat") values('2014-11-7 08:00:00','379.53','1688312','limit','C000002424','SUPN','sell');
insert into stocks values('HALO','C000001198');
insert into transaction ("volume","time","price","seller","buyer","stock") values('0','1975-11-7 08:00:00','399.69','admin','admin','HALO');
insert into orders ("time","price","volume","type","trader","stock","cat") values('2014-11-7 08:00:00','399.69','1309384','limit','C000001198','HALO','sell');
insert into stocks values('ASND','C000000235');
insert into transaction ("volume","time","price","seller","buyer","stock") values('0','1975-11-7 08:00:00','152.34','admin','admin','ASND');
insert into orders ("time","price","volume","type","trader","stock","cat") values('2014-11-7 08:00:00','152.34','1718372','limit','C000000235','ASND','sell');
insert into stocks values('CFCB','C000000511');
insert into transaction ("volume","time","price","seller","buyer","stock") values('0','1975-11-7 08:00:00','149.86','admin','admin','CFCB');
insert into orders ("time","price","volume","type","trader","stock","cat") values('2014-11-7 08:00:00','149.86','1439655','limit','C000000511','CFCB','sell');
insert into stocks values('AAOI','C000000197');
insert into transaction ("volume","time","price","seller","buyer","stock") values('0','1975-11-7 08:00:00','358.2','admin','admin','AAOI');
insert into orders ("time","price","volume","type","trader","stock","cat") values('2014-11-7 08:00:00','358.2','1099790','limit','C000000197','AAOI','sell');
insert into stocks values('OLBK','C000001855');
insert into transaction ("volume","time","price","seller","buyer","stock") values('0','1975-11-7 08:00:00','387.92','admin','admin','OLBK');
insert into orders ("time","price","volume","type","trader","stock","cat") values('2014-11-7 08:00:00','387.92','1934107','limit','C000001855','OLBK','sell');
insert into stocks values('FBNK','C000000964');
insert into transaction ("volume","time","price","seller","buyer","stock") values('0','1975-11-7 08:00:00','436.65','admin','admin','FBNK');
insert into orders ("time","price","volume","type","trader","stock","cat") values('2014-11-7 08:00:00','436.65','1089632','limit','C000000964','FBNK','sell');
insert into stocks values('AXDX','C000000030');
insert into transaction ("volume","time","price","seller","buyer","stock") values('0','1975-11-7 08:00:00','146.94','admin','admin','AXDX');
insert into orders ("time","price","volume","type","trader","stock","cat") values('2014-11-7 08:00:00','146.94','1964179','limit','C000000030','AXDX','sell');
insert into stocks values('IILG','C000001370');
insert into transaction ("volume","time","price","seller","buyer","stock") values('0','1975-11-7 08:00:00','376.38','admin','admin','IILG');
insert into orders ("time","price","volume","type","trader","stock","cat") values('2014-11-7 08:00:00','376.38','1558253','limit','C000001370','IILG','sell');
insert into stocks values('FLXN','C000001047');
insert into transaction ("volume","time","price","seller","buyer","stock") values('0','1975-11-7 08:00:00','248.69','admin','admin','FLXN');
insert into orders ("time","price","volume","type","trader","stock","cat") values('2014-11-7 08:00:00','248.69','1992883','limit','C000001047','FLXN','sell');
insert into stocks values('FCS','C000000917');
insert into transaction ("volume","time","price","seller","buyer","stock") values('0','1975-11-7 08:00:00','414.01','admin','admin','FCS');
insert into orders ("time","price","volume","type","trader","stock","cat") values('2014-11-7 08:00:00','414.01','1851389','limit','C000000917','FCS','sell');
insert into stocks values('WB','C000002761');
insert into transaction ("volume","time","price","seller","buyer","stock") values('0','1975-11-7 08:00:00','185.42','admin','admin','WB');
insert into orders ("time","price","volume","type","trader","stock","cat") values('2014-11-7 08:00:00','185.42','1577550','limit','C000002761','WB','sell');
insert into stocks values('GEOS','C000001118');
insert into transaction ("volume","time","price","seller","buyer","stock") values('0','1975-11-7 08:00:00','265.57','admin','admin','GEOS');
insert into orders ("time","price","volume","type","trader","stock","cat") values('2014-11-7 08:00:00','265.57','1344369','limit','C000001118','GEOS','sell');
insert into stocks values('FONR','C000001059');
insert into transaction ("volume","time","price","seller","buyer","stock") values('0','1975-11-7 08:00:00','361.83','admin','admin','FONR');
insert into orders ("time","price","volume","type","trader","stock","cat") values('2014-11-7 08:00:00','361.83','1049446','limit','C000001059','FONR','sell');
insert into stocks values('WBB','C000002770');
insert into transaction ("volume","time","price","seller","buyer","stock") values('0','1975-11-7 08:00:00','394.86','admin','admin','WBB');
insert into orders ("time","price","volume","type","trader","stock","cat") values('2014-11-7 08:00:00','394.86','1639057','limit','C000002770','WBB','sell');
insert into stocks values('DSGX','C000002499');
insert into transaction ("volume","time","price","seller","buyer","stock") values('0','1975-11-7 08:00:00','446.65','admin','admin','DSGX');
insert into orders ("time","price","volume","type","trader","stock","cat") values('2014-11-7 08:00:00','446.65','1779890','limit','C000002499','DSGX','sell');
insert into stocks values('FXCB','C000001071');
insert into transaction ("volume","time","price","seller","buyer","stock") values('0','1975-11-7 08:00:00','86.21','admin','admin','FXCB');
insert into orders ("time","price","volume","type","trader","stock","cat") values('2014-11-7 08:00:00','86.21','1321678','limit','C000001071','FXCB','sell');
insert into stocks values('STCK','C000002393');
insert into transaction ("volume","time","price","seller","buyer","stock") values('0','1975-11-7 08:00:00','404.57','admin','admin','STCK');
insert into orders ("time","price","volume","type","trader","stock","cat") values('2014-11-7 08:00:00','404.57','1474582','limit','C000002393','STCK','sell');
insert into stocks values('TLMR','C000002453');
insert into transaction ("volume","time","price","seller","buyer","stock") values('0','1975-11-7 08:00:00','270.22','admin','admin','TLMR');
insert into orders ("time","price","volume","type","trader","stock","cat") values('2014-11-7 08:00:00','270.22','1152603','limit','C000002453','TLMR','sell');
insert into stocks values('BANX','C000002395');
insert into transaction ("volume","time","price","seller","buyer","stock") values('0','1975-11-7 08:00:00','406.97','admin','admin','BANX');
insert into orders ("time","price","volume","type","trader","stock","cat") values('2014-11-7 08:00:00','406.97','1547048','limit','C000002395','BANX','sell');
insert into stocks values('JAXB','C000001432');
insert into transaction ("volume","time","price","seller","buyer","stock") values('0','1975-11-7 08:00:00','486.96','admin','admin','JAXB');
insert into orders ("time","price","volume","type","trader","stock","cat") values('2014-11-7 08:00:00','486.96','1578013','limit','C000001432','JAXB','sell');
insert into stocks values('NUAN','C000001821');
insert into transaction ("volume","time","price","seller","buyer","stock") values('0','1975-11-7 08:00:00','273.47','admin','admin','NUAN');
insert into orders ("time","price","volume","type","trader","stock","cat") values('2014-11-7 08:00:00','273.47','1915868','limit','C000001821','NUAN','sell');
insert into stocks values('MRCY','C000001653');
insert into transaction ("volume","time","price","seller","buyer","stock") values('0','1975-11-7 08:00:00','168.54','admin','admin','MRCY');
insert into orders ("time","price","volume","type","trader","stock","cat") values('2014-11-7 08:00:00','168.54','1401350','limit','C000001653','MRCY','sell');
insert into stocks values('BBCN','C000000314');
insert into transaction ("volume","time","price","seller","buyer","stock") values('0','1975-11-7 08:00:00','458.47','admin','admin','BBCN');
insert into orders ("time","price","volume","type","trader","stock","cat") values('2014-11-7 08:00:00','458.47','1335855','limit','C000000314','BBCN','sell');
insert into stocks values('GULF','C000002804');
insert into transaction ("volume","time","price","seller","buyer","stock") values('0','1975-11-7 08:00:00','372.7','admin','admin','GULF');
insert into orders ("time","price","volume","type","trader","stock","cat") values('2014-11-7 08:00:00','372.7','1214689','limit','C000002804','GULF','sell');
insert into stocks values('CDORO','C000000647');
insert into transaction ("volume","time","price","seller","buyer","stock") values('0','1975-11-7 08:00:00','389.37','admin','admin','CDORO');
insert into orders ("time","price","volume","type","trader","stock","cat") values('2014-11-7 08:00:00','389.37','1747215','limit','C000000647','CDORO','sell');
insert into stocks values('ENFC','C000000866');
insert into transaction ("volume","time","price","seller","buyer","stock") values('0','1975-11-7 08:00:00','410.89','admin','admin','ENFC');
insert into orders ("time","price","volume","type","trader","stock","cat") values('2014-11-7 08:00:00','410.89','1075546','limit','C000000866','ENFC','sell');
insert into stocks values('DNAI','C000002063');
insert into transaction ("volume","time","price","seller","buyer","stock") values('0','1975-11-7 08:00:00','490.59','admin','admin','DNAI');
insert into orders ("time","price","volume","type","trader","stock","cat") values('2014-11-7 08:00:00','490.59','1155164','limit','C000002063','DNAI','sell');
insert into stocks values('UDF','C000002618');
insert into transaction ("volume","time","price","seller","buyer","stock") values('0','1975-11-7 08:00:00','304.14','admin','admin','UDF');
insert into orders ("time","price","volume","type","trader","stock","cat") values('2014-11-7 08:00:00','304.14','1156198','limit','C000002618','UDF','sell');
insert into stocks values('TBK','C000002572');
insert into transaction ("volume","time","price","seller","buyer","stock") values('0','1975-11-7 08:00:00','148.61','admin','admin','TBK');
insert into orders ("time","price","volume","type","trader","stock","cat") values('2014-11-7 08:00:00','148.61','1419894','limit','C000002572','TBK','sell');
insert into stocks values('HQCL','C000001205');
insert into transaction ("volume","time","price","seller","buyer","stock") values('0','1975-11-7 08:00:00','291.89','admin','admin','HQCL');
insert into orders ("time","price","volume","type","trader","stock","cat") values('2014-11-7 08:00:00','291.89','1217961','limit','C000001205','HQCL','sell');
insert into stocks values('MRTN','C000001611');
insert into transaction ("volume","time","price","seller","buyer","stock") values('0','1975-11-7 08:00:00','61.92','admin','admin','MRTN');
insert into orders ("time","price","volume","type","trader","stock","cat") values('2014-11-7 08:00:00','61.92','1906234','limit','C000001611','MRTN','sell');
insert into stocks values('BOJA','C000000381');
insert into transaction ("volume","time","price","seller","buyer","stock") values('0','1975-11-7 08:00:00','22.2','admin','admin','BOJA');
insert into orders ("time","price","volume","type","trader","stock","cat") values('2014-11-7 08:00:00','22.2','1464618','limit','C000000381','BOJA','sell');
insert into stocks values('SGC','C000002423');
insert into transaction ("volume","time","price","seller","buyer","stock") values('0','1975-11-7 08:00:00','136.13','admin','admin','SGC');
insert into orders ("time","price","volume","type","trader","stock","cat") values('2014-11-7 08:00:00','136.13','1830467','limit','C000002423','SGC','sell');
insert into stocks values('AMOV','C000000139');
insert into transaction ("volume","time","price","seller","buyer","stock") values('0','1975-11-7 08:00:00','204.61','admin','admin','AMOV');
insert into orders ("time","price","volume","type","trader","stock","cat") values('2014-11-7 08:00:00','204.61','1651079','limit','C000000139','AMOV','sell');
insert into stocks values('SWHC','C000002318');
insert into transaction ("volume","time","price","seller","buyer","stock") values('0','1975-11-7 08:00:00','157.33','admin','admin','SWHC');
insert into orders ("time","price","volume","type","trader","stock","cat") values('2014-11-7 08:00:00','157.33','1709278','limit','C000002318','SWHC','sell');
insert into stocks values('PDBC','C000002019');
insert into transaction ("volume","time","price","seller","buyer","stock") values('0','1975-11-7 08:00:00','130.7','admin','admin','PDBC');
insert into orders ("time","price","volume","type","trader","stock","cat") values('2014-11-7 08:00:00','130.7','1220198','limit','C000002019','PDBC','sell');
insert into stocks values('IROQ','C000001301');
insert into transaction ("volume","time","price","seller","buyer","stock") values('0','1975-11-7 08:00:00','37.72','admin','admin','IROQ');
insert into orders ("time","price","volume","type","trader","stock","cat") values('2014-11-7 08:00:00','37.72','1031391','limit','C000001301','IROQ','sell');
insert into stocks values('CALD','C000000435');
insert into transaction ("volume","time","price","seller","buyer","stock") values('0','1975-11-7 08:00:00','120.41','admin','admin','CALD');
insert into orders ("time","price","volume","type","trader","stock","cat") values('2014-11-7 08:00:00','120.41','1960469','limit','C000000435','CALD','sell');
insert into stocks values('ZUMZ','C000002862');
insert into transaction ("volume","time","price","seller","buyer","stock") values('0','1975-11-7 08:00:00','81.76','admin','admin','ZUMZ');
insert into orders ("time","price","volume","type","trader","stock","cat") values('2014-11-7 08:00:00','81.76','1014693','limit','C000002862','ZUMZ','sell');
insert into stocks values('UEPS','C000001768');
insert into transaction ("volume","time","price","seller","buyer","stock") values('0','1975-11-7 08:00:00','415.04','admin','admin','UEPS');
insert into orders ("time","price","volume","type","trader","stock","cat") values('2014-11-7 08:00:00','415.04','1382647','limit','C000001768','UEPS','sell');
insert into stocks values('VBTX','C000002694');
insert into transaction ("volume","time","price","seller","buyer","stock") values('0','1975-11-7 08:00:00','168.29','admin','admin','VBTX');
insert into orders ("time","price","volume","type","trader","stock","cat") values('2014-11-7 08:00:00','168.29','1815303','limit','C000002694','VBTX','sell');
insert into stocks values('SCMP','C000002404');
insert into transaction ("volume","time","price","seller","buyer","stock") values('0','1975-11-7 08:00:00','10.77','admin','admin','SCMP');
insert into orders ("time","price","volume","type","trader","stock","cat") values('2014-11-7 08:00:00','10.77','1184350','limit','C000002404','SCMP','sell');
insert into stocks values('HZNP','C000001266');
insert into transaction ("volume","time","price","seller","buyer","stock") values('0','1975-11-7 08:00:00','117.53','admin','admin','HZNP');
insert into orders ("time","price","volume","type","trader","stock","cat") values('2014-11-7 08:00:00','117.53','1516205','limit','C000001266','HZNP','sell');
insert into stocks values('UMPQ','C000002605');
insert into transaction ("volume","time","price","seller","buyer","stock") values('0','1975-11-7 08:00:00','43.47','admin','admin','UMPQ');
insert into orders ("time","price","volume","type","trader","stock","cat") values('2014-11-7 08:00:00','43.47','1489739','limit','C000002605','UMPQ','sell');
insert into stocks values('TBPH','C000002528');
insert into transaction ("volume","time","price","seller","buyer","stock") values('0','1975-11-7 08:00:00','414.16','admin','admin','TBPH');
insert into orders ("time","price","volume","type","trader","stock","cat") values('2014-11-7 08:00:00','414.16','1987030','limit','C000002528','TBPH','sell');
insert into stocks values('AIRR','C000001027');
insert into transaction ("volume","time","price","seller","buyer","stock") values('0','1975-11-7 08:00:00','310.18','admin','admin','AIRR');
insert into orders ("time","price","volume","type","trader","stock","cat") values('2014-11-7 08:00:00','310.18','1382747','limit','C000001027','AIRR','sell');
insert into stocks values('SGRY','C000002426');
insert into transaction ("volume","time","price","seller","buyer","stock") values('0','1975-11-7 08:00:00','283.68','admin','admin','SGRY');
insert into orders ("time","price","volume","type","trader","stock","cat") values('2014-11-7 08:00:00','283.68','1458971','limit','C000002426','SGRY','sell');
insert into stocks values('GBNK','C000001185');
insert into transaction ("volume","time","price","seller","buyer","stock") values('0','1975-11-7 08:00:00','343.59','admin','admin','GBNK');
insert into orders ("time","price","volume","type","trader","stock","cat") values('2014-11-7 08:00:00','343.59','1788648','limit','C000001185','GBNK','sell');
insert into stocks values('KELYA','C000001463');
insert into transaction ("volume","time","price","seller","buyer","stock") values('0','1975-11-7 08:00:00','474.5','admin','admin','KELYA');
insert into orders ("time","price","volume","type","trader","stock","cat") values('2014-11-7 08:00:00','474.5','1319376','limit','C000001463','KELYA','sell');
insert into stocks values('OSTK','C000001902');
insert into transaction ("volume","time","price","seller","buyer","stock") values('0','1975-11-7 08:00:00','383.29','admin','admin','OSTK');
insert into orders ("time","price","volume","type","trader","stock","cat") values('2014-11-7 08:00:00','383.29','1829983','limit','C000001902','OSTK','sell');
insert into stocks values('CLCT','C000000615');
insert into transaction ("volume","time","price","seller","buyer","stock") values('0','1975-11-7 08:00:00','394.97','admin','admin','CLCT');
insert into orders ("time","price","volume","type","trader","stock","cat") values('2014-11-7 08:00:00','394.97','1874832','limit','C000000615','CLCT','sell');
insert into stocks values('CBNK','C000000540');
insert into transaction ("volume","time","price","seller","buyer","stock") values('0','1975-11-7 08:00:00','348.61','admin','admin','CBNK');
insert into orders ("time","price","volume","type","trader","stock","cat") values('2014-11-7 08:00:00','348.61','1848082','limit','C000000540','CBNK','sell');
insert into stocks values('OPOF','C000001857');
insert into transaction ("volume","time","price","seller","buyer","stock") values('0','1975-11-7 08:00:00','382.01','admin','admin','OPOF');
insert into orders ("time","price","volume","type","trader","stock","cat") values('2014-11-7 08:00:00','382.01','1367818','limit','C000001857','OPOF','sell');
insert into stocks values('YRCW','C000002845');
insert into transaction ("volume","time","price","seller","buyer","stock") values('0','1975-11-7 08:00:00','130.56','admin','admin','YRCW');
insert into orders ("time","price","volume","type","trader","stock","cat") values('2014-11-7 08:00:00','130.56','1424000','limit','C000002845','YRCW','sell');
insert into stocks values('PETS','C000001982');
insert into transaction ("volume","time","price","seller","buyer","stock") values('0','1975-11-7 08:00:00','216.51','admin','admin','PETS');
insert into orders ("time","price","volume","type","trader","stock","cat") values('2014-11-7 08:00:00','216.51','1473914','limit','C000001982','PETS','sell');
insert into stocks values('STRS','C000002399');
insert into transaction ("volume","time","price","seller","buyer","stock") values('0','1975-11-7 08:00:00','324.58','admin','admin','STRS');
insert into orders ("time","price","volume","type","trader","stock","cat") values('2014-11-7 08:00:00','324.58','1343950','limit','C000002399','STRS','sell');
insert into stocks values('EPZM','C000000877');
insert into transaction ("volume","time","price","seller","buyer","stock") values('0','1975-11-7 08:00:00','165.68','admin','admin','EPZM');
insert into orders ("time","price","volume","type","trader","stock","cat") values('2014-11-7 08:00:00','165.68','1093571','limit','C000000877','EPZM','sell');
insert into stocks values('SXCL','C000002382');
insert into transaction ("volume","time","price","seller","buyer","stock") values('0','1975-11-7 08:00:00','228.93','admin','admin','SXCL');
insert into orders ("time","price","volume","type","trader","stock","cat") values('2014-11-7 08:00:00','228.93','1928090','limit','C000002382','SXCL','sell');
insert into stocks values('GBDC','C000001159');
insert into transaction ("volume","time","price","seller","buyer","stock") values('0','1975-11-7 08:00:00','360.05','admin','admin','GBDC');
insert into orders ("time","price","volume","type","trader","stock","cat") values('2014-11-7 08:00:00','360.05','1081450','limit','C000001159','GBDC','sell');
insert into stocks values('FBMS','C000002504');
insert into transaction ("volume","time","price","seller","buyer","stock") values('0','1975-11-7 08:00:00','421.03','admin','admin','FBMS');
insert into orders ("time","price","volume","type","trader","stock","cat") values('2014-11-7 08:00:00','421.03','1110828','limit','C000002504','FBMS','sell');
insert into stocks values('KEQU','C000001468');
insert into transaction ("volume","time","price","seller","buyer","stock") values('0','1975-11-7 08:00:00','427.58','admin','admin','KEQU');
insert into orders ("time","price","volume","type","trader","stock","cat") values('2014-11-7 08:00:00','427.58','1650864','limit','C000001468','KEQU','sell');
insert into stocks values('MRD','C000001646');
insert into transaction ("volume","time","price","seller","buyer","stock") values('0','1975-11-7 08:00:00','208.41','admin','admin','MRD');
insert into orders ("time","price","volume","type","trader","stock","cat") values('2014-11-7 08:00:00','208.41','1549943','limit','C000001646','MRD','sell');
insert into stocks values('EDGE','C000000822');
insert into transaction ("volume","time","price","seller","buyer","stock") values('0','1975-11-7 08:00:00','25.11','admin','admin','EDGE');
insert into orders ("time","price","volume","type","trader","stock","cat") values('2014-11-7 08:00:00','25.11','1577295','limit','C000000822','EDGE','sell');
insert into stocks values('PUB','C000001969');
insert into transaction ("volume","time","price","seller","buyer","stock") values('0','1975-11-7 08:00:00','201.63','admin','admin','PUB');
insert into orders ("time","price","volume","type","trader","stock","cat") values('2014-11-7 08:00:00','201.63','1006725','limit','C000001969','PUB','sell');
insert into stocks values('SPKE','C000002351');
insert into transaction ("volume","time","price","seller","buyer","stock") values('0','1975-11-7 08:00:00','286.33','admin','admin','SPKE');
insert into orders ("time","price","volume","type","trader","stock","cat") values('2014-11-7 08:00:00','286.33','1039126','limit','C000002351','SPKE','sell');
insert into stocks values('YDLE','C000002842');
insert into transaction ("volume","time","price","seller","buyer","stock") values('0','1975-11-7 08:00:00','114.5','admin','admin','YDLE');
insert into orders ("time","price","volume","type","trader","stock","cat") values('2014-11-7 08:00:00','114.5','1157515','limit','C000002842','YDLE','sell');
insert into stocks values('APPF','C000000190');
insert into transaction ("volume","time","price","seller","buyer","stock") values('0','1975-11-7 08:00:00','402.77','admin','admin','APPF');
insert into orders ("time","price","volume","type","trader","stock","cat") values('2014-11-7 08:00:00','402.77','1941993','limit','C000000190','APPF','sell');
insert into stocks values('BSRR','C000002281');
insert into transaction ("volume","time","price","seller","buyer","stock") values('0','1975-11-7 08:00:00','493.35','admin','admin','BSRR');
insert into orders ("time","price","volume","type","trader","stock","cat") values('2014-11-7 08:00:00','493.35','1042447','limit','C000002281','BSRR','sell');
insert into stocks values('GMLP','C000001155');
insert into transaction ("volume","time","price","seller","buyer","stock") values('0','1975-11-7 08:00:00','404.27','admin','admin','GMLP');
insert into orders ("time","price","volume","type","trader","stock","cat") values('2014-11-7 08:00:00','404.27','1250641','limit','C000001155','GMLP','sell');
insert into stocks values('KMPH','C000001464');
insert into transaction ("volume","time","price","seller","buyer","stock") values('0','1975-11-7 08:00:00','229.72','admin','admin','KMPH');
insert into orders ("time","price","volume","type","trader","stock","cat") values('2014-11-7 08:00:00','229.72','1476245','limit','C000001464','KMPH','sell');
insert into stocks values('VALU','C000002656');
insert into transaction ("volume","time","price","seller","buyer","stock") values('0','1975-11-7 08:00:00','68.44','admin','admin','VALU');
insert into orders ("time","price","volume","type","trader","stock","cat") values('2014-11-7 08:00:00','68.44','1642161','limit','C000002656','VALU','sell');
insert into stocks values('PTXP','C000001963');
insert into transaction ("volume","time","price","seller","buyer","stock") values('0','1975-11-7 08:00:00','393.0','admin','admin','PTXP');
insert into orders ("time","price","volume","type","trader","stock","cat") values('2014-11-7 08:00:00','393.0','1429805','limit','C000001963','PTXP','sell');
insert into stocks values('AMAT','C000000195');
insert into transaction ("volume","time","price","seller","buyer","stock") values('0','1975-11-7 08:00:00','277.52','admin','admin','AMAT');
insert into orders ("time","price","volume","type","trader","stock","cat") values('2014-11-7 08:00:00','277.52','1991671','limit','C000000195','AMAT','sell');
insert into stocks values('LONG','C000000843');
insert into transaction ("volume","time","price","seller","buyer","stock") values('0','1975-11-7 08:00:00','451.63','admin','admin','LONG');
insert into orders ("time","price","volume","type","trader","stock","cat") values('2014-11-7 08:00:00','451.63','1338327','limit','C000000843','LONG','sell');
insert into stocks values('PRFT','C000001972');
insert into transaction ("volume","time","price","seller","buyer","stock") values('0','1975-11-7 08:00:00','180.78','admin','admin','PRFT');
insert into orders ("time","price","volume","type","trader","stock","cat") values('2014-11-7 08:00:00','180.78','1333606','limit','C000001972','PRFT','sell');
insert into stocks values('RRD','C000002112');
insert into transaction ("volume","time","price","seller","buyer","stock") values('0','1975-11-7 08:00:00','29.73','admin','admin','RRD');
insert into orders ("time","price","volume","type","trader","stock","cat") values('2014-11-7 08:00:00','29.73','1185877','limit','C000002112','RRD','sell');
insert into stocks values('QIWI','C000002093');
insert into transaction ("volume","time","price","seller","buyer","stock") values('0','1975-11-7 08:00:00','114.8','admin','admin','QIWI');
insert into orders ("time","price","volume","type","trader","stock","cat") values('2014-11-7 08:00:00','114.8','1334386','limit','C000002093','QIWI','sell');
insert into stocks values('BLMN','C000000366');
insert into transaction ("volume","time","price","seller","buyer","stock") values('0','1975-11-7 08:00:00','138.93','admin','admin','BLMN');
insert into orders ("time","price","volume","type","trader","stock","cat") values('2014-11-7 08:00:00','138.93','1829218','limit','C000000366','BLMN','sell');
insert into stocks values('AMBC','C000000130');
insert into transaction ("volume","time","price","seller","buyer","stock") values('0','1975-11-7 08:00:00','147.07','admin','admin','AMBC');
insert into orders ("time","price","volume","type","trader","stock","cat") values('2014-11-7 08:00:00','147.07','1060591','limit','C000000130','AMBC','sell');
insert into stocks values('VNRCP','C000002665');
insert into transaction ("volume","time","price","seller","buyer","stock") values('0','1975-11-7 08:00:00','240.45','admin','admin','VNRCP');
insert into orders ("time","price","volume","type","trader","stock","cat") values('2014-11-7 08:00:00','240.45','1628427','limit','C000002665','VNRCP','sell');
insert into stocks values('MB','C000001684');
insert into transaction ("volume","time","price","seller","buyer","stock") values('0','1975-11-7 08:00:00','274.58','admin','admin','MB');
insert into orders ("time","price","volume","type","trader","stock","cat") values('2014-11-7 08:00:00','274.58','1544924','limit','C000001684','MB','sell');
insert into stocks values('OSHC','C000001841');
insert into transaction ("volume","time","price","seller","buyer","stock") values('0','1975-11-7 08:00:00','362.1','admin','admin','OSHC');
insert into orders ("time","price","volume","type","trader","stock","cat") values('2014-11-7 08:00:00','362.1','1570517','limit','C000001841','OSHC','sell');
insert into stocks values('YDIV','C000001008');
insert into transaction ("volume","time","price","seller","buyer","stock") values('0','1975-11-7 08:00:00','335.36','admin','admin','YDIV');
insert into orders ("time","price","volume","type","trader","stock","cat") values('2014-11-7 08:00:00','335.36','1393010','limit','C000001008','YDIV','sell');
insert into stocks values('SCHN','C000002234');
insert into transaction ("volume","time","price","seller","buyer","stock") values('0','1975-11-7 08:00:00','128.16','admin','admin','SCHN');
insert into orders ("time","price","volume","type","trader","stock","cat") values('2014-11-7 08:00:00','128.16','1668575','limit','C000002234','SCHN','sell');
insert into stocks values('BELFA','C000000322');
insert into transaction ("volume","time","price","seller","buyer","stock") values('0','1975-11-7 08:00:00','424.55','admin','admin','BELFA');
insert into orders ("time","price","volume","type","trader","stock","cat") values('2014-11-7 08:00:00','424.55','1514445','limit','C000000322','BELFA','sell');
insert into stocks values('AVGR','C000000281');
insert into transaction ("volume","time","price","seller","buyer","stock") values('0','1975-11-7 08:00:00','80.77','admin','admin','AVGR');
insert into orders ("time","price","volume","type","trader","stock","cat") values('2014-11-7 08:00:00','80.77','1688279','limit','C000000281','AVGR','sell');
insert into stocks values('VNRBP','C000002665');
insert into transaction ("volume","time","price","seller","buyer","stock") values('0','1975-11-7 08:00:00','150.92','admin','admin','VNRBP');
insert into orders ("time","price","volume","type","trader","stock","cat") values('2014-11-7 08:00:00','150.92','1259806','limit','C000002665','VNRBP','sell');
insert into stocks values('GNTX','C000001114');
insert into transaction ("volume","time","price","seller","buyer","stock") values('0','1975-11-7 08:00:00','95.21','admin','admin','GNTX');
insert into orders ("time","price","volume","type","trader","stock","cat") values('2014-11-7 08:00:00','95.21','1021852','limit','C000001114','GNTX','sell');
insert into stocks values('UAE','C000001407');
insert into transaction ("volume","time","price","seller","buyer","stock") values('0','1975-11-7 08:00:00','149.86','admin','admin','UAE');
insert into orders ("time","price","volume","type","trader","stock","cat") values('2014-11-7 08:00:00','149.86','1614073','limit','C000001407','UAE','sell');
insert into stocks values('RDIB','C000002132');
insert into transaction ("volume","time","price","seller","buyer","stock") values('0','1975-11-7 08:00:00','219.22','admin','admin','RDIB');
insert into orders ("time","price","volume","type","trader","stock","cat") values('2014-11-7 08:00:00','219.22','1544447','limit','C000002132','RDIB','sell');
insert into stocks values('HDP','C000001269');
insert into transaction ("volume","time","price","seller","buyer","stock") values('0','1975-11-7 08:00:00','276.52','admin','admin','HDP');
insert into orders ("time","price","volume","type","trader","stock","cat") values('2014-11-7 08:00:00','276.52','1548538','limit','C000001269','HDP','sell');
insert into stocks values('FRP','C000000918');
insert into transaction ("volume","time","price","seller","buyer","stock") values('0','1975-11-7 08:00:00','55.38','admin','admin','FRP');
insert into orders ("time","price","volume","type","trader","stock","cat") values('2014-11-7 08:00:00','55.38','1971572','limit','C000000918','FRP','sell');
insert into stocks values('OLLI','C000001859');
insert into transaction ("volume","time","price","seller","buyer","stock") values('0','1975-11-7 08:00:00','377.53','admin','admin','OLLI');
insert into orders ("time","price","volume","type","trader","stock","cat") values('2014-11-7 08:00:00','377.53','1926825','limit','C000001859','OLLI','sell');
insert into stocks values('XENT','C000001367');
insert into transaction ("volume","time","price","seller","buyer","stock") values('0','1975-11-7 08:00:00','342.36','admin','admin','XENT');
insert into orders ("time","price","volume","type","trader","stock","cat") values('2014-11-7 08:00:00','342.36','1236019','limit','C000001367','XENT','sell');
insert into stocks values('ADMS','C000000050');
insert into transaction ("volume","time","price","seller","buyer","stock") values('0','1975-11-7 08:00:00','494.62','admin','admin','ADMS');
insert into orders ("time","price","volume","type","trader","stock","cat") values('2014-11-7 08:00:00','494.62','1414305','limit','C000000050','ADMS','sell');
insert into stocks values('NEWT','C000001787');
insert into transaction ("volume","time","price","seller","buyer","stock") values('0','1975-11-7 08:00:00','190.25','admin','admin','NEWT');
insert into orders ("time","price","volume","type","trader","stock","cat") values('2014-11-7 08:00:00','190.25','1761243','limit','C000001787','NEWT','sell');
insert into stocks values('MU','C000001670');
insert into transaction ("volume","time","price","seller","buyer","stock") values('0','1975-11-7 08:00:00','248.49','admin','admin','MU');
insert into orders ("time","price","volume","type","trader","stock","cat") values('2014-11-7 08:00:00','248.49','1342177','limit','C000001670','MU','sell');
insert into stocks values('PNBK','C000001939');
insert into transaction ("volume","time","price","seller","buyer","stock") values('0','1975-11-7 08:00:00','248.33','admin','admin','PNBK');
insert into orders ("time","price","volume","type","trader","stock","cat") values('2014-11-7 08:00:00','248.33','1486167','limit','C000001939','PNBK','sell');
insert into stocks values('UBOH','C000002613');
insert into transaction ("volume","time","price","seller","buyer","stock") values('0','1975-11-7 08:00:00','303.01','admin','admin','UBOH');
insert into orders ("time","price","volume","type","trader","stock","cat") values('2014-11-7 08:00:00','303.01','1355814','limit','C000002613','UBOH','sell');
insert into stocks values('RUTH','C000002207');
insert into transaction ("volume","time","price","seller","buyer","stock") values('0','1975-11-7 08:00:00','171.62','admin','admin','RUTH');
insert into orders ("time","price","volume","type","trader","stock","cat") values('2014-11-7 08:00:00','171.62','1130191','limit','C000002207','RUTH','sell');
insert into stocks values('NCIT','C000001758');
insert into transaction ("volume","time","price","seller","buyer","stock") values('0','1975-11-7 08:00:00','40.73','admin','admin','NCIT');
insert into orders ("time","price","volume","type","trader","stock","cat") values('2014-11-7 08:00:00','40.73','1828386','limit','C000001758','NCIT','sell');
insert into stocks values('PBCT','C000001968');
insert into transaction ("volume","time","price","seller","buyer","stock") values('0','1975-11-7 08:00:00','442.26','admin','admin','PBCT');
insert into orders ("time","price","volume","type","trader","stock","cat") values('2014-11-7 08:00:00','442.26','1872266','limit','C000001968','PBCT','sell');
insert into stocks values('GOGO','C000001153');
insert into transaction ("volume","time","price","seller","buyer","stock") values('0','1975-11-7 08:00:00','403.93','admin','admin','GOGO');
insert into orders ("time","price","volume","type","trader","stock","cat") values('2014-11-7 08:00:00','403.93','1543597','limit','C000001153','GOGO','sell');
insert into stocks values('UACL','C000002634');
insert into transaction ("volume","time","price","seller","buyer","stock") values('0','1975-11-7 08:00:00','304.21','admin','admin','UACL');
insert into orders ("time","price","volume","type","trader","stock","cat") values('2014-11-7 08:00:00','304.21','1521903','limit','C000002634','UACL','sell');
insert into stocks values('LITE','C000001571');
insert into transaction ("volume","time","price","seller","buyer","stock") values('0','1975-11-7 08:00:00','128.64','admin','admin','LITE');
insert into orders ("time","price","volume","type","trader","stock","cat") values('2014-11-7 08:00:00','128.64','1980149','limit','C000001571','LITE','sell');
insert into stocks values('LMNR','C000001540');
insert into transaction ("volume","time","price","seller","buyer","stock") values('0','1975-11-7 08:00:00','164.79','admin','admin','LMNR');
insert into orders ("time","price","volume","type","trader","stock","cat") values('2014-11-7 08:00:00','164.79','1455690','limit','C000001540','LMNR','sell');
insert into stocks values('GOOD','C000001130');
insert into transaction ("volume","time","price","seller","buyer","stock") values('0','1975-11-7 08:00:00','77.1','admin','admin','GOOD');
insert into orders ("time","price","volume","type","trader","stock","cat") values('2014-11-7 08:00:00','77.1','1763075','limit','C000001130','GOOD','sell');
insert into stocks values('BKSC','C000000300');
insert into transaction ("volume","time","price","seller","buyer","stock") values('0','1975-11-7 08:00:00','79.08','admin','admin','BKSC');
insert into orders ("time","price","volume","type","trader","stock","cat") values('2014-11-7 08:00:00','79.08','1678223','limit','C000000300','BKSC','sell');
insert into stocks values('ORIT','C000001891');
insert into transaction ("volume","time","price","seller","buyer","stock") values('0','1975-11-7 08:00:00','92.72','admin','admin','ORIT');
insert into orders ("time","price","volume","type","trader","stock","cat") values('2014-11-7 08:00:00','92.72','1130654','limit','C000001891','ORIT','sell');
insert into stocks values('LCNB','C000001514');
insert into transaction ("volume","time","price","seller","buyer","stock") values('0','1975-11-7 08:00:00','356.07','admin','admin','LCNB');
insert into orders ("time","price","volume","type","trader","stock","cat") values('2014-11-7 08:00:00','356.07','1024145','limit','C000001514','LCNB','sell');
insert into stocks values('NNBR','C000001797');
insert into transaction ("volume","time","price","seller","buyer","stock") values('0','1975-11-7 08:00:00','90.91','admin','admin','NNBR');
insert into orders ("time","price","volume","type","trader","stock","cat") values('2014-11-7 08:00:00','90.91','1206103','limit','C000001797','NNBR','sell');
insert into stocks values('VNOM','C000002726');
insert into transaction ("volume","time","price","seller","buyer","stock") values('0','1975-11-7 08:00:00','442.78','admin','admin','VNOM');
insert into orders ("time","price","volume","type","trader","stock","cat") values('2014-11-7 08:00:00','442.78','1805007','limit','C000002726','VNOM','sell');
insert into stocks values('WLFC','C000002784');
insert into transaction ("volume","time","price","seller","buyer","stock") values('0','1975-11-7 08:00:00','106.92','admin','admin','WLFC');
insert into orders ("time","price","volume","type","trader","stock","cat") values('2014-11-7 08:00:00','106.92','1991852','limit','C000002784','WLFC','sell');
insert into stocks values('ICON','C000001294');
insert into transaction ("volume","time","price","seller","buyer","stock") values('0','1975-11-7 08:00:00','180.95','admin','admin','ICON');
insert into orders ("time","price","volume","type","trader","stock","cat") values('2014-11-7 08:00:00','180.95','1497151','limit','C000001294','ICON','sell');
insert into stocks values('HFFC','C000001243');
insert into transaction ("volume","time","price","seller","buyer","stock") values('0','1975-11-7 08:00:00','298.67','admin','admin','HFFC');
insert into orders ("time","price","volume","type","trader","stock","cat") values('2014-11-7 08:00:00','298.67','1001107','limit','C000001243','HFFC','sell');
insert into stocks values('RDI','C000002132');
insert into transaction ("volume","time","price","seller","buyer","stock") values('0','1975-11-7 08:00:00','127.8','admin','admin','RDI');
insert into orders ("time","price","volume","type","trader","stock","cat") values('2014-11-7 08:00:00','127.8','1937678','limit','C000002132','RDI','sell');
insert into stocks values('PWX','C000002076');
insert into transaction ("volume","time","price","seller","buyer","stock") values('0','1975-11-7 08:00:00','176.93','admin','admin','PWX');
insert into orders ("time","price","volume","type","trader","stock","cat") values('2014-11-7 08:00:00','176.93','1147381','limit','C000002076','PWX','sell');
insert into stocks values('NEWP','C000001784');
insert into transaction ("volume","time","price","seller","buyer","stock") values('0','1975-11-7 08:00:00','422.31','admin','admin','NEWP');
insert into orders ("time","price","volume","type","trader","stock","cat") values('2014-11-7 08:00:00','422.31','1345262','limit','C000001784','NEWP','sell');
insert into stocks values('ISTR','C000001379');
insert into transaction ("volume","time","price","seller","buyer","stock") values('0','1975-11-7 08:00:00','330.1','admin','admin','ISTR');
insert into orders ("time","price","volume","type","trader","stock","cat") values('2014-11-7 08:00:00','330.1','1979299','limit','C000001379','ISTR','sell');
insert into stocks values('MPB','C000001676');
insert into transaction ("volume","time","price","seller","buyer","stock") values('0','1975-11-7 08:00:00','56.03','admin','admin','MPB');
insert into orders ("time","price","volume","type","trader","stock","cat") values('2014-11-7 08:00:00','56.03','1202889','limit','C000001676','MPB','sell');
insert into stocks values('NTIC','C000001804');
insert into transaction ("volume","time","price","seller","buyer","stock") values('0','1975-11-7 08:00:00','173.21','admin','admin','NTIC');
insert into orders ("time","price","volume","type","trader","stock","cat") values('2014-11-7 08:00:00','173.21','1170336','limit','C000001804','NTIC','sell');
insert into stocks values('TAYD','C000002461');
insert into transaction ("volume","time","price","seller","buyer","stock") values('0','1975-11-7 08:00:00','464.41','admin','admin','TAYD');
insert into orders ("time","price","volume","type","trader","stock","cat") values('2014-11-7 08:00:00','464.41','1570938','limit','C000002461','TAYD','sell');
insert into stocks values('KELYB','C000001463');
insert into transaction ("volume","time","price","seller","buyer","stock") values('0','1975-11-7 08:00:00','359.61','admin','admin','KELYB');
insert into orders ("time","price","volume","type","trader","stock","cat") values('2014-11-7 08:00:00','359.61','1448975','limit','C000001463','KELYB','sell');
insert into stocks values('KANG','C000001305');
insert into transaction ("volume","time","price","seller","buyer","stock") values('0','1975-11-7 08:00:00','290.13','admin','admin','KANG');
insert into orders ("time","price","volume","type","trader","stock","cat") values('2014-11-7 08:00:00','290.13','1759774','limit','C000001305','KANG','sell');
insert into stocks values('NFBK','C000001806');
insert into transaction ("volume","time","price","seller","buyer","stock") values('0','1975-11-7 08:00:00','382.22','admin','admin','NFBK');
insert into orders ("time","price","volume","type","trader","stock","cat") values('2014-11-7 08:00:00','382.22','1224132','limit','C000001806','NFBK','sell');
insert into stocks values('FLML','C000001045');
insert into transaction ("volume","time","price","seller","buyer","stock") values('0','1975-11-7 08:00:00','324.76','admin','admin','FLML');
insert into orders ("time","price","volume","type","trader","stock","cat") values('2014-11-7 08:00:00','324.76','1599079','limit','C000001045','FLML','sell');
insert into stocks values('CYNA','C000000718');
insert into transaction ("volume","time","price","seller","buyer","stock") values('0','1975-11-7 08:00:00','439.96','admin','admin','CYNA');
insert into orders ("time","price","volume","type","trader","stock","cat") values('2014-11-7 08:00:00','439.96','1205431','limit','C000000718','CYNA','sell');
insert into stocks values('BLCM','C000000324');
insert into transaction ("volume","time","price","seller","buyer","stock") values('0','1975-11-7 08:00:00','145.54','admin','admin','BLCM');
insert into orders ("time","price","volume","type","trader","stock","cat") values('2014-11-7 08:00:00','145.54','1693368','limit','C000000324','BLCM','sell');
insert into stocks values('IMDZ','C000001311');
insert into transaction ("volume","time","price","seller","buyer","stock") values('0','1975-11-7 08:00:00','105.32','admin','admin','IMDZ');
insert into orders ("time","price","volume","type","trader","stock","cat") values('2014-11-7 08:00:00','105.32','1747276','limit','C000001311','IMDZ','sell');
insert into stocks values('ADTN','C000000058');
insert into transaction ("volume","time","price","seller","buyer","stock") values('0','1975-11-7 08:00:00','262.57','admin','admin','ADTN');
insert into orders ("time","price","volume","type","trader","stock","cat") values('2014-11-7 08:00:00','262.57','1305505','limit','C000000058','ADTN','sell');
insert into stocks values('PTEN','C000001943');
insert into transaction ("volume","time","price","seller","buyer","stock") values('0','1975-11-7 08:00:00','460.12','admin','admin','PTEN');
insert into orders ("time","price","volume","type","trader","stock","cat") values('2014-11-7 08:00:00','460.12','1643730','limit','C000001943','PTEN','sell');
insert into stocks values('MLVF','C000001593');
insert into transaction ("volume","time","price","seller","buyer","stock") values('0','1975-11-7 08:00:00','22.07','admin','admin','MLVF');
insert into orders ("time","price","volume","type","trader","stock","cat") values('2014-11-7 08:00:00','22.07','1143409','limit','C000001593','MLVF','sell');
insert into stocks values('HCKT','C000002509');
insert into transaction ("volume","time","price","seller","buyer","stock") values('0','1975-11-7 08:00:00','56.93','admin','admin','HCKT');
insert into orders ("time","price","volume","type","trader","stock","cat") values('2014-11-7 08:00:00','56.93','1778098','limit','C000002509','HCKT','sell');
insert into stocks values('PBSK','C000002003');
insert into transaction ("volume","time","price","seller","buyer","stock") values('0','1975-11-7 08:00:00','253.34','admin','admin','PBSK');
insert into orders ("time","price","volume","type","trader","stock","cat") values('2014-11-7 08:00:00','253.34','1238990','limit','C000002003','PBSK','sell');
insert into stocks values('YNDX','C000002841');
insert into transaction ("volume","time","price","seller","buyer","stock") values('0','1975-11-7 08:00:00','463.31','admin','admin','YNDX');
insert into orders ("time","price","volume","type","trader","stock","cat") values('2014-11-7 08:00:00','463.31','1244395','limit','C000002841','YNDX','sell');
insert into stocks values('UTEK','C000002603');
insert into transaction ("volume","time","price","seller","buyer","stock") values('0','1975-11-7 08:00:00','274.76','admin','admin','UTEK');
insert into orders ("time","price","volume","type","trader","stock","cat") values('2014-11-7 08:00:00','274.76','1620034','limit','C000002603','UTEK','sell');
insert into stocks values('TTS','C000002535');
insert into transaction ("volume","time","price","seller","buyer","stock") values('0','1975-11-7 08:00:00','196.42','admin','admin','TTS');
insert into orders ("time","price","volume","type","trader","stock","cat") values('2014-11-7 08:00:00','196.42','1541035','limit','C000002535','TTS','sell');
insert into stocks values('CCBG','C000000448');
insert into transaction ("volume","time","price","seller","buyer","stock") values('0','1975-11-7 08:00:00','97.22','admin','admin','CCBG');
insert into orders ("time","price","volume","type","trader","stock","cat") values('2014-11-7 08:00:00','97.22','1660873','limit','C000000448','CCBG','sell');
insert into stocks values('ARCC','C000000216');
insert into transaction ("volume","time","price","seller","buyer","stock") values('0','1975-11-7 08:00:00','452.76','admin','admin','ARCC');
insert into orders ("time","price","volume","type","trader","stock","cat") values('2014-11-7 08:00:00','452.76','1393388','limit','C000000216','ARCC','sell');
insert into stocks values('SGNT','C000002217');
insert into transaction ("volume","time","price","seller","buyer","stock") values('0','1975-11-7 08:00:00','265.28','admin','admin','SGNT');
insert into orders ("time","price","volume","type","trader","stock","cat") values('2014-11-7 08:00:00','265.28','1097617','limit','C000002217','SGNT','sell');
insert into stocks values('FSTR','C000001493');
insert into transaction ("volume","time","price","seller","buyer","stock") values('0','1975-11-7 08:00:00','492.8','admin','admin','FSTR');
insert into orders ("time","price","volume","type","trader","stock","cat") values('2014-11-7 08:00:00','492.8','1943812','limit','C000001493','FSTR','sell');
insert into stocks values('EFOI','C000000859');
insert into transaction ("volume","time","price","seller","buyer","stock") values('0','1975-11-7 08:00:00','231.08','admin','admin','EFOI');
insert into orders ("time","price","volume","type","trader","stock","cat") values('2014-11-7 08:00:00','231.08','1638468','limit','C000000859','EFOI','sell');
insert into stocks values('CSCD','C000000478');
insert into transaction ("volume","time","price","seller","buyer","stock") values('0','1975-11-7 08:00:00','36.11','admin','admin','CSCD');
insert into orders ("time","price","volume","type","trader","stock","cat") values('2014-11-7 08:00:00','36.11','1129573','limit','C000000478','CSCD','sell');
insert into stocks values('SBCF','C000002241');
insert into transaction ("volume","time","price","seller","buyer","stock") values('0','1975-11-7 08:00:00','395.86','admin','admin','SBCF');
insert into orders ("time","price","volume","type","trader","stock","cat") values('2014-11-7 08:00:00','395.86','1768943','limit','C000002241','SBCF','sell');
insert into stocks values('CENTA','C000000509');
insert into transaction ("volume","time","price","seller","buyer","stock") values('0','1975-11-7 08:00:00','456.06','admin','admin','CENTA');
insert into orders ("time","price","volume","type","trader","stock","cat") values('2014-11-7 08:00:00','456.06','1819127','limit','C000000509','CENTA','sell');
insert into stocks values('VRNS','C000002679');
insert into transaction ("volume","time","price","seller","buyer","stock") values('0','1975-11-7 08:00:00','410.22','admin','admin','VRNS');
insert into orders ("time","price","volume","type","trader","stock","cat") values('2014-11-7 08:00:00','410.22','1104964','limit','C000002679','VRNS','sell');
insert into stocks values('CCRN','C000000692');
insert into transaction ("volume","time","price","seller","buyer","stock") values('0','1975-11-7 08:00:00','257.95','admin','admin','CCRN');
insert into orders ("time","price","volume","type","trader","stock","cat") values('2014-11-7 08:00:00','257.95','1848179','limit','C000000692','CCRN','sell');
insert into stocks values('CARA','C000000457');
insert into transaction ("volume","time","price","seller","buyer","stock") values('0','1975-11-7 08:00:00','52.99','admin','admin','CARA');
insert into orders ("time","price","volume","type","trader","stock","cat") values('2014-11-7 08:00:00','52.99','1597551','limit','C000000457','CARA','sell');
insert into stocks values('PFBI','C000002047');
insert into transaction ("volume","time","price","seller","buyer","stock") values('0','1975-11-7 08:00:00','245.36','admin','admin','PFBI');
insert into orders ("time","price","volume","type","trader","stock","cat") values('2014-11-7 08:00:00','245.36','1999177','limit','C000002047','PFBI','sell');
insert into stocks values('NRCIA','C000001748');
insert into transaction ("volume","time","price","seller","buyer","stock") values('0','1975-11-7 08:00:00','402.16','admin','admin','NRCIA');
insert into orders ("time","price","volume","type","trader","stock","cat") values('2014-11-7 08:00:00','402.16','1520907','limit','C000001748','NRCIA','sell');
insert into stocks values('AEGR','C000000065');
insert into transaction ("volume","time","price","seller","buyer","stock") values('0','1975-11-7 08:00:00','486.52','admin','admin','AEGR');
insert into orders ("time","price","volume","type","trader","stock","cat") values('2014-11-7 08:00:00','486.52','1525524','limit','C000000065','AEGR','sell');
insert into stocks values('NWS','C000001785');
insert into transaction ("volume","time","price","seller","buyer","stock") values('0','1975-11-7 08:00:00','17.59','admin','admin','NWS');
insert into orders ("time","price","volume","type","trader","stock","cat") values('2014-11-7 08:00:00','17.59','1621128','limit','C000001785','NWS','sell');
insert into stocks values('CSFL','C000000506');
insert into transaction ("volume","time","price","seller","buyer","stock") values('0','1975-11-7 08:00:00','376.18','admin','admin','CSFL');
insert into orders ("time","price","volume","type","trader","stock","cat") values('2014-11-7 08:00:00','376.18','1540600','limit','C000000506','CSFL','sell');
insert into stocks values('NWSA','C000001785');
insert into transaction ("volume","time","price","seller","buyer","stock") values('0','1975-11-7 08:00:00','284.75','admin','admin','NWSA');
insert into orders ("time","price","volume","type","trader","stock","cat") values('2014-11-7 08:00:00','284.75','1844704','limit','C000001785','NWSA','sell');
insert into stocks values('QCLN','C000001020');
insert into transaction ("volume","time","price","seller","buyer","stock") values('0','1975-11-7 08:00:00','233.42','admin','admin','QCLN');
insert into orders ("time","price","volume","type","trader","stock","cat") values('2014-11-7 08:00:00','233.42','1397179','limit','C000001020','QCLN','sell');
insert into stocks values('RDWR','C000002119');
insert into transaction ("volume","time","price","seller","buyer","stock") values('0','1975-11-7 08:00:00','401.68','admin','admin','RDWR');
insert into orders ("time","price","volume","type","trader","stock","cat") values('2014-11-7 08:00:00','401.68','1907220','limit','C000002119','RDWR','sell');
insert into stocks values('MHLD','C000001588');
insert into transaction ("volume","time","price","seller","buyer","stock") values('0','1975-11-7 08:00:00','480.07','admin','admin','MHLD');
insert into orders ("time","price","volume","type","trader","stock","cat") values('2014-11-7 08:00:00','480.07','1799708','limit','C000001588','MHLD','sell');
insert into stocks values('LMRK','C000001505');
insert into transaction ("volume","time","price","seller","buyer","stock") values('0','1975-11-7 08:00:00','239.79','admin','admin','LMRK');
insert into orders ("time","price","volume","type","trader","stock","cat") values('2014-11-7 08:00:00','239.79','1517454','limit','C000001505','LMRK','sell');
insert into stocks values('SODA','C000002323');
insert into transaction ("volume","time","price","seller","buyer","stock") values('0','1975-11-7 08:00:00','28.31','admin','admin','SODA');
insert into orders ("time","price","volume","type","trader","stock","cat") values('2014-11-7 08:00:00','28.31','1332672','limit','C000002323','SODA','sell');
insert into stocks values('VIIZ','C000002737');
insert into transaction ("volume","time","price","seller","buyer","stock") values('0','1975-11-7 08:00:00','448.02','admin','admin','VIIZ');
insert into orders ("time","price","volume","type","trader","stock","cat") values('2014-11-7 08:00:00','448.02','1302860','limit','C000002737','VIIZ','sell');
insert into stocks values('TCPC','C000002462');
insert into transaction ("volume","time","price","seller","buyer","stock") values('0','1975-11-7 08:00:00','373.33','admin','admin','TCPC');
insert into orders ("time","price","volume","type","trader","stock","cat") values('2014-11-7 08:00:00','373.33','1163450','limit','C000002462','TCPC','sell');
insert into stocks values('KONA','C000001482');
insert into transaction ("volume","time","price","seller","buyer","stock") values('0','1975-11-7 08:00:00','270.64','admin','admin','KONA');
insert into orders ("time","price","volume","type","trader","stock","cat") values('2014-11-7 08:00:00','270.64','1266565','limit','C000001482','KONA','sell');
insert into stocks values('FOGO','C000001058');
insert into transaction ("volume","time","price","seller","buyer","stock") values('0','1975-11-7 08:00:00','442.96','admin','admin','FOGO');
insert into orders ("time","price","volume","type","trader","stock","cat") values('2014-11-7 08:00:00','442.96','1050882','limit','C000001058','FOGO','sell');
insert into stocks values('DMLP','C000000784');
insert into transaction ("volume","time","price","seller","buyer","stock") values('0','1975-11-7 08:00:00','272.94','admin','admin','DMLP');
insert into orders ("time","price","volume","type","trader","stock","cat") values('2014-11-7 08:00:00','272.94','1776362','limit','C000000784','DMLP','sell');
insert into stocks values('SUNS','C000002326');
insert into transaction ("volume","time","price","seller","buyer","stock") values('0','1975-11-7 08:00:00','248.77','admin','admin','SUNS');
insert into orders ("time","price","volume","type","trader","stock","cat") values('2014-11-7 08:00:00','248.77','1886871','limit','C000002326','SUNS','sell');
insert into stocks values('ACRS','C000000041');
insert into transaction ("volume","time","price","seller","buyer","stock") values('0','1975-11-7 08:00:00','451.0','admin','admin','ACRS');
insert into orders ("time","price","volume","type","trader","stock","cat") values('2014-11-7 08:00:00','451.0','1416248','limit','C000000041','ACRS','sell');
insert into stocks values('MBUU','C000001592');
insert into transaction ("volume","time","price","seller","buyer","stock") values('0','1975-11-7 08:00:00','409.25','admin','admin','MBUU');
insert into orders ("time","price","volume","type","trader","stock","cat") values('2014-11-7 08:00:00','409.25','1814701','limit','C000001592','MBUU','sell');
insert into stocks values('PFSW','C000001983');
insert into transaction ("volume","time","price","seller","buyer","stock") values('0','1975-11-7 08:00:00','413.05','admin','admin','PFSW');
insert into orders ("time","price","volume","type","trader","stock","cat") values('2014-11-7 08:00:00','413.05','1067782','limit','C000001983','PFSW','sell');
insert into stocks values('PULB','C000002085');
insert into transaction ("volume","time","price","seller","buyer","stock") values('0','1975-11-7 08:00:00','374.06','admin','admin','PULB');
insert into orders ("time","price","volume","type","trader","stock","cat") values('2014-11-7 08:00:00','374.06','1082413','limit','C000002085','PULB','sell');
insert into stocks values('SPNE','C000002247');
insert into transaction ("volume","time","price","seller","buyer","stock") values('0','1975-11-7 08:00:00','104.71','admin','admin','SPNE');
insert into orders ("time","price","volume","type","trader","stock","cat") values('2014-11-7 08:00:00','104.71','1623485','limit','C000002247','SPNE','sell');
insert into stocks values('CLFD','C000000590');
insert into transaction ("volume","time","price","seller","buyer","stock") values('0','1975-11-7 08:00:00','190.41','admin','admin','CLFD');
insert into orders ("time","price","volume","type","trader","stock","cat") values('2014-11-7 08:00:00','190.41','1845144','limit','C000000590','CLFD','sell');
insert into stocks values('LOGI','C000001559');
insert into transaction ("volume","time","price","seller","buyer","stock") values('0','1975-11-7 08:00:00','40.83','admin','admin','LOGI');
insert into orders ("time","price","volume","type","trader","stock","cat") values('2014-11-7 08:00:00','40.83','1568019','limit','C000001559','LOGI','sell');
insert into stocks values('CLBH','C000000469');
insert into transaction ("volume","time","price","seller","buyer","stock") values('0','1975-11-7 08:00:00','263.52','admin','admin','CLBH');
insert into orders ("time","price","volume","type","trader","stock","cat") values('2014-11-7 08:00:00','263.52','1998854','limit','C000000469','CLBH','sell');
insert into stocks values('CSII','C000000463');
insert into transaction ("volume","time","price","seller","buyer","stock") values('0','1975-11-7 08:00:00','61.73','admin','admin','CSII');
insert into orders ("time","price","volume","type","trader","stock","cat") values('2014-11-7 08:00:00','61.73','1700263','limit','C000000463','CSII','sell');
insert into stocks values('NANO','C000001730');
insert into transaction ("volume","time","price","seller","buyer","stock") values('0','1975-11-7 08:00:00','272.38','admin','admin','NANO');
insert into orders ("time","price","volume","type","trader","stock","cat") values('2014-11-7 08:00:00','272.38','1482262','limit','C000001730','NANO','sell');
insert into stocks values('UCBA','C000002615');
insert into transaction ("volume","time","price","seller","buyer","stock") values('0','1975-11-7 08:00:00','441.75','admin','admin','UCBA');
insert into orders ("time","price","volume","type","trader","stock","cat") values('2014-11-7 08:00:00','441.75','1981956','limit','C000002615','UCBA','sell');
insert into stocks values('FBSS','C000000928');
insert into transaction ("volume","time","price","seller","buyer","stock") values('0','1975-11-7 08:00:00','418.18','admin','admin','FBSS');
insert into orders ("time","price","volume","type","trader","stock","cat") values('2014-11-7 08:00:00','418.18','1198512','limit','C000000928','FBSS','sell');
insert into stocks values('CSWC','C000000450');
insert into transaction ("volume","time","price","seller","buyer","stock") values('0','1975-11-7 08:00:00','131.7','admin','admin','CSWC');
insert into orders ("time","price","volume","type","trader","stock","cat") values('2014-11-7 08:00:00','131.7','1188163','limit','C000000450','CSWC','sell');
insert into stocks values('KPTI','C000001459');
insert into transaction ("volume","time","price","seller","buyer","stock") values('0','1975-11-7 08:00:00','225.9','admin','admin','KPTI');
insert into orders ("time","price","volume","type","trader","stock","cat") values('2014-11-7 08:00:00','225.9','1453838','limit','C000001459','KPTI','sell');
insert into stocks values('HBK','C000001199');
insert into transaction ("volume","time","price","seller","buyer","stock") values('0','1975-11-7 08:00:00','153.9','admin','admin','HBK');
insert into orders ("time","price","volume","type","trader","stock","cat") values('2014-11-7 08:00:00','153.9','1352263','limit','C000001199','HBK','sell');
insert into stocks values('CARO','C000000470');
insert into transaction ("volume","time","price","seller","buyer","stock") values('0','1975-11-7 08:00:00','375.34','admin','admin','CARO');
insert into orders ("time","price","volume","type","trader","stock","cat") values('2014-11-7 08:00:00','375.34','1905783','limit','C000000470','CARO','sell');
insert into stocks values('TRIL','C000002566');
insert into transaction ("volume","time","price","seller","buyer","stock") values('0','1975-11-7 08:00:00','317.81','admin','admin','TRIL');
insert into orders ("time","price","volume","type","trader","stock","cat") values('2014-11-7 08:00:00','317.81','1766808','limit','C000002566','TRIL','sell');
insert into stocks values('SHLDW','C000002245');
insert into transaction ("volume","time","price","seller","buyer","stock") values('0','1975-11-7 08:00:00','341.97','admin','admin','SHLDW');
insert into orders ("time","price","volume","type","trader","stock","cat") values('2014-11-7 08:00:00','341.97','1079789','limit','C000002245','SHLDW','sell');
insert into stocks values('MMYT','C000001591');
insert into transaction ("volume","time","price","seller","buyer","stock") values('0','1975-11-7 08:00:00','141.94','admin','admin','MMYT');
insert into orders ("time","price","volume","type","trader","stock","cat") values('2014-11-7 08:00:00','141.94','1054398','limit','C000001591','MMYT','sell');
insert into stocks values('FRED','C000001075');
insert into transaction ("volume","time","price","seller","buyer","stock") values('0','1975-11-7 08:00:00','211.43','admin','admin','FRED');
insert into orders ("time","price","volume","type","trader","stock","cat") values('2014-11-7 08:00:00','211.43','1175832','limit','C000001075','FRED','sell');
insert into stocks values('FLN','C000001013');
insert into transaction ("volume","time","price","seller","buyer","stock") values('0','1975-11-7 08:00:00','45.16','admin','admin','FLN');
insert into orders ("time","price","volume","type","trader","stock","cat") values('2014-11-7 08:00:00','45.16','1176848','limit','C000001013','FLN','sell');
insert into stocks values('SGYPU','C000002440');
insert into transaction ("volume","time","price","seller","buyer","stock") values('0','1975-11-7 08:00:00','378.94','admin','admin','SGYPU');
insert into orders ("time","price","volume","type","trader","stock","cat") values('2014-11-7 08:00:00','378.94','1966565','limit','C000002440','SGYPU','sell');
insert into stocks values('DTEA','C000000740');
insert into transaction ("volume","time","price","seller","buyer","stock") values('0','1975-11-7 08:00:00','306.97','admin','admin','DTEA');
insert into orders ("time","price","volume","type","trader","stock","cat") values('2014-11-7 08:00:00','306.97','1218985','limit','C000000740','DTEA','sell');
insert into stocks values('NWPX','C000001810');
insert into transaction ("volume","time","price","seller","buyer","stock") values('0','1975-11-7 08:00:00','200.56','admin','admin','NWPX');
insert into orders ("time","price","volume","type","trader","stock","cat") values('2014-11-7 08:00:00','200.56','1371563','limit','C000001810','NWPX','sell');
insert into stocks values('MRCC','C000001710');
insert into transaction ("volume","time","price","seller","buyer","stock") values('0','1975-11-7 08:00:00','327.82','admin','admin','MRCC');
insert into orders ("time","price","volume","type","trader","stock","cat") values('2014-11-7 08:00:00','327.82','1795366','limit','C000001710','MRCC','sell');
insert into stocks values('PRTO','C000002074');
insert into transaction ("volume","time","price","seller","buyer","stock") values('0','1975-11-7 08:00:00','376.32','admin','admin','PRTO');
insert into orders ("time","price","volume","type","trader","stock","cat") values('2014-11-7 08:00:00','376.32','1090417','limit','C000002074','PRTO','sell');
insert into stocks values('LPSB','C000001510');
insert into transaction ("volume","time","price","seller","buyer","stock") values('0','1975-11-7 08:00:00','173.82','admin','admin','LPSB');
insert into orders ("time","price","volume","type","trader","stock","cat") values('2014-11-7 08:00:00','173.82','1529625','limit','C000001510','LPSB','sell');
insert into stocks values('AMRK','C000000127');
insert into transaction ("volume","time","price","seller","buyer","stock") values('0','1975-11-7 08:00:00','141.94','admin','admin','AMRK');
insert into orders ("time","price","volume","type","trader","stock","cat") values('2014-11-7 08:00:00','141.94','1035745','limit','C000000127','AMRK','sell');
insert into stocks values('TOUR','C000002584');
insert into transaction ("volume","time","price","seller","buyer","stock") values('0','1975-11-7 08:00:00','121.56','admin','admin','TOUR');
insert into orders ("time","price","volume","type","trader","stock","cat") values('2014-11-7 08:00:00','121.56','1824459','limit','C000002584','TOUR','sell');
insert into stocks values('QSII','C000002100');
insert into transaction ("volume","time","price","seller","buyer","stock") values('0','1975-11-7 08:00:00','63.03','admin','admin','QSII');
insert into orders ("time","price","volume","type","trader","stock","cat") values('2014-11-7 08:00:00','63.03','1792967','limit','C000002100','QSII','sell');
insert into stocks values('CENT','C000000509');
insert into transaction ("volume","time","price","seller","buyer","stock") values('0','1975-11-7 08:00:00','471.48','admin','admin','CENT');
insert into orders ("time","price","volume","type","trader","stock","cat") values('2014-11-7 08:00:00','471.48','1027780','limit','C000000509','CENT','sell');
insert into stocks values('IBCP','C000001321');
insert into transaction ("volume","time","price","seller","buyer","stock") values('0','1975-11-7 08:00:00','466.49','admin','admin','IBCP');
insert into orders ("time","price","volume","type","trader","stock","cat") values('2014-11-7 08:00:00','466.49','1255750','limit','C000001321','IBCP','sell');
insert into stocks values('CDTX','C000000569');
insert into transaction ("volume","time","price","seller","buyer","stock") values('0','1975-11-7 08:00:00','479.62','admin','admin','CDTX');
insert into orders ("time","price","volume","type","trader","stock","cat") values('2014-11-7 08:00:00','479.62','1302170','limit','C000000569','CDTX','sell');
insert into stocks values('MTGE','C000000142');
insert into transaction ("volume","time","price","seller","buyer","stock") values('0','1975-11-7 08:00:00','195.93','admin','admin','MTGE');
insert into orders ("time","price","volume","type","trader","stock","cat") values('2014-11-7 08:00:00','195.93','1364744','limit','C000000142','MTGE','sell');
insert into stocks values('CSBK','C000000594');
insert into transaction ("volume","time","price","seller","buyer","stock") values('0','1975-11-7 08:00:00','91.02','admin','admin','CSBK');
insert into orders ("time","price","volume","type","trader","stock","cat") values('2014-11-7 08:00:00','91.02','1989656','limit','C000000594','CSBK','sell');
insert into stocks values('PBIP','C000002079');
insert into transaction ("volume","time","price","seller","buyer","stock") values('0','1975-11-7 08:00:00','391.47','admin','admin','PBIP');
insert into orders ("time","price","volume","type","trader","stock","cat") values('2014-11-7 08:00:00','391.47','1500307','limit','C000002079','PBIP','sell');
insert into stocks values('GFED','C000001186');
insert into transaction ("volume","time","price","seller","buyer","stock") values('0','1975-11-7 08:00:00','258.11','admin','admin','GFED');
insert into orders ("time","price","volume","type","trader","stock","cat") values('2014-11-7 08:00:00','258.11','1959625','limit','C000001186','GFED','sell');
insert into stocks values('TGLS','C000002467');
insert into transaction ("volume","time","price","seller","buyer","stock") values('0','1975-11-7 08:00:00','407.68','admin','admin','TGLS');
insert into orders ("time","price","volume","type","trader","stock","cat") values('2014-11-7 08:00:00','407.68','1026536','limit','C000002467','TGLS','sell');
insert into stocks values('NCMI','C000001741');
insert into transaction ("volume","time","price","seller","buyer","stock") values('0','1975-11-7 08:00:00','119.75','admin','admin','NCMI');
insert into orders ("time","price","volume","type","trader","stock","cat") values('2014-11-7 08:00:00','119.75','1308155','limit','C000001741','NCMI','sell');
insert into stocks values('LOB','C000001553');
insert into transaction ("volume","time","price","seller","buyer","stock") values('0','1975-11-7 08:00:00','299.28','admin','admin','LOB');
insert into orders ("time","price","volume","type","trader","stock","cat") values('2014-11-7 08:00:00','299.28','1821212','limit','C000001553','LOB','sell');
insert into stocks values('ALTY','C000001143');
insert into transaction ("volume","time","price","seller","buyer","stock") values('0','1975-11-7 08:00:00','361.13','admin','admin','ALTY');
insert into orders ("time","price","volume","type","trader","stock","cat") values('2014-11-7 08:00:00','361.13','1788936','limit','C000001143','ALTY','sell');
insert into stocks values('ONB','C000001856');
insert into transaction ("volume","time","price","seller","buyer","stock") values('0','1975-11-7 08:00:00','237.38','admin','admin','ONB');
insert into orders ("time","price","volume","type","trader","stock","cat") values('2014-11-7 08:00:00','237.38','1568423','limit','C000001856','ONB','sell');
insert into stocks values('FRAN','C000001073');
insert into transaction ("volume","time","price","seller","buyer","stock") values('0','1975-11-7 08:00:00','175.86','admin','admin','FRAN');
insert into orders ("time","price","volume","type","trader","stock","cat") values('2014-11-7 08:00:00','175.86','1113697','limit','C000001073','FRAN','sell');
insert into stocks values('USATP','C000002649');
insert into transaction ("volume","time","price","seller","buyer","stock") values('0','1975-11-7 08:00:00','76.6','admin','admin','USATP');
insert into orders ("time","price","volume","type","trader","stock","cat") values('2014-11-7 08:00:00','76.6','1052191','limit','C000002649','USATP','sell');
insert into stocks values('CUTR','C000000710');
insert into transaction ("volume","time","price","seller","buyer","stock") values('0','1975-11-7 08:00:00','284.07','admin','admin','CUTR');
insert into orders ("time","price","volume","type","trader","stock","cat") values('2014-11-7 08:00:00','284.07','1236639','limit','C000000710','CUTR','sell');
insert into stocks values('EBSB','C000001654');
insert into transaction ("volume","time","price","seller","buyer","stock") values('0','1975-11-7 08:00:00','390.96','admin','admin','EBSB');
insert into orders ("time","price","volume","type","trader","stock","cat") values('2014-11-7 08:00:00','390.96','1984502','limit','C000001654','EBSB','sell');
insert into stocks values('JMBA','C000001435');
insert into transaction ("volume","time","price","seller","buyer","stock") values('0','1975-11-7 08:00:00','260.8','admin','admin','JMBA');
insert into orders ("time","price","volume","type","trader","stock","cat") values('2014-11-7 08:00:00','260.8','1933192','limit','C000001435','JMBA','sell');
insert into stocks values('CCLP','C000000698');
insert into transaction ("volume","time","price","seller","buyer","stock") values('0','1975-11-7 08:00:00','313.91','admin','admin','CCLP');
insert into orders ("time","price","volume","type","trader","stock","cat") values('2014-11-7 08:00:00','313.91','1556856','limit','C000000698','CCLP','sell');
insert into stocks values('BHBK','C000000371');
insert into transaction ("volume","time","price","seller","buyer","stock") values('0','1975-11-7 08:00:00','335.13','admin','admin','BHBK');
insert into orders ("time","price","volume","type","trader","stock","cat") values('2014-11-7 08:00:00','335.13','1422457','limit','C000000371','BHBK','sell');
insert into stocks values('AQXP','C000000202');
insert into transaction ("volume","time","price","seller","buyer","stock") values('0','1975-11-7 08:00:00','183.03','admin','admin','AQXP');
insert into orders ("time","price","volume","type","trader","stock","cat") values('2014-11-7 08:00:00','183.03','1535768','limit','C000000202','AQXP','sell');
insert into stocks values('MRVC','C000001717');
insert into transaction ("volume","time","price","seller","buyer","stock") values('0','1975-11-7 08:00:00','338.92','admin','admin','MRVC');
insert into orders ("time","price","volume","type","trader","stock","cat") values('2014-11-7 08:00:00','338.92','1357629','limit','C000001717','MRVC','sell');
insert into stocks values('HMTV','C000001232');
insert into transaction ("volume","time","price","seller","buyer","stock") values('0','1975-11-7 08:00:00','440.1','admin','admin','HMTV');
insert into orders ("time","price","volume","type","trader","stock","cat") values('2014-11-7 08:00:00','440.1','1600717','limit','C000001232','HMTV','sell');
insert into stocks values('GPP','C000001172');
insert into transaction ("volume","time","price","seller","buyer","stock") values('0','1975-11-7 08:00:00','112.12','admin','admin','GPP');
insert into orders ("time","price","volume","type","trader","stock","cat") values('2014-11-7 08:00:00','112.12','1033559','limit','C000001172','GPP','sell');
insert into stocks values('ZYNE','C000002863');
insert into transaction ("volume","time","price","seller","buyer","stock") values('0','1975-11-7 08:00:00','489.4','admin','admin','ZYNE');
insert into orders ("time","price","volume","type","trader","stock","cat") values('2014-11-7 08:00:00','489.4','1580646','limit','C000002863','ZYNE','sell');
insert into stocks values('CHEV','C000000538');
insert into transaction ("volume","time","price","seller","buyer","stock") values('0','1975-11-7 08:00:00','471.89','admin','admin','CHEV');
insert into orders ("time","price","volume","type","trader","stock","cat") values('2014-11-7 08:00:00','471.89','1671112','limit','C000000538','CHEV','sell');
insert into stocks values('CAFD','C000000015');
insert into transaction ("volume","time","price","seller","buyer","stock") values('0','1975-11-7 08:00:00','232.4','admin','admin','CAFD');
insert into orders ("time","price","volume","type","trader","stock","cat") values('2014-11-7 08:00:00','232.4','1036649','limit','C000000015','CAFD','sell');
insert into stocks values('SOCB','C000002341');
insert into transaction ("volume","time","price","seller","buyer","stock") values('0','1975-11-7 08:00:00','379.11','admin','admin','SOCB');
insert into orders ("time","price","volume","type","trader","stock","cat") values('2014-11-7 08:00:00','379.11','1433899','limit','C000002341','SOCB','sell');
insert into stocks values('BYLK','C000000312');
insert into transaction ("volume","time","price","seller","buyer","stock") values('0','1975-11-7 08:00:00','331.22','admin','admin','BYLK');
insert into orders ("time","price","volume","type","trader","stock","cat") values('2014-11-7 08:00:00','331.22','1946234','limit','C000000312','BYLK','sell');
insert into stocks values('CZFC','C000000582');
insert into transaction ("volume","time","price","seller","buyer","stock") values('0','1975-11-7 08:00:00','121.9','admin','admin','CZFC');
insert into orders ("time","price","volume","type","trader","stock","cat") values('2014-11-7 08:00:00','121.9','1954885','limit','C000000582','CZFC','sell');
insert into stocks values('XBIT','C000002824');
insert into transaction ("volume","time","price","seller","buyer","stock") values('0','1975-11-7 08:00:00','55.28','admin','admin','XBIT');
insert into orders ("time","price","volume","type","trader","stock","cat") values('2014-11-7 08:00:00','55.28','1497632','limit','C000002824','XBIT','sell');
insert into stocks values('LSBG','C000001496');
insert into transaction ("volume","time","price","seller","buyer","stock") values('0','1975-11-7 08:00:00','214.45','admin','admin','LSBG');
insert into orders ("time","price","volume","type","trader","stock","cat") values('2014-11-7 08:00:00','214.45','1443808','limit','C000001496','LSBG','sell');
insert into stocks values('AVHI','C000000017');
insert into transaction ("volume","time","price","seller","buyer","stock") values('0','1975-11-7 08:00:00','346.13','admin','admin','AVHI');
insert into orders ("time","price","volume","type","trader","stock","cat") values('2014-11-7 08:00:00','346.13','1139276','limit','C000000017','AVHI','sell');
insert into stocks values('MDRX','C000000115');
insert into transaction ("volume","time","price","seller","buyer","stock") values('0','1975-11-7 08:00:00','491.41','admin','admin','MDRX');
insert into orders ("time","price","volume","type","trader","stock","cat") values('2014-11-7 08:00:00','491.41','1933836','limit','C000000115','MDRX','sell');
insert into stocks values('XXIA','C000001422');
insert into transaction ("volume","time","price","seller","buyer","stock") values('0','1975-11-7 08:00:00','219.81','admin','admin','XXIA');
insert into orders ("time","price","volume","type","trader","stock","cat") values('2014-11-7 08:00:00','219.81','1325569','limit','C000001422','XXIA','sell');
insert into stocks values('DGICA','C000000783');
insert into transaction ("volume","time","price","seller","buyer","stock") values('0','1975-11-7 08:00:00','155.54','admin','admin','DGICA');
insert into orders ("time","price","volume","type","trader","stock","cat") values('2014-11-7 08:00:00','155.54','1247209','limit','C000000783','DGICA','sell');
insert into stocks values('MELR','C000001644');
insert into transaction ("volume","time","price","seller","buyer","stock") values('0','1975-11-7 08:00:00','177.28','admin','admin','MELR');
insert into orders ("time","price","volume","type","trader","stock","cat") values('2014-11-7 08:00:00','177.28','1975463','limit','C000001644','MELR','sell');
insert into stocks values('ACBI','C000000255');
insert into transaction ("volume","time","price","seller","buyer","stock") values('0','1975-11-7 08:00:00','308.46','admin','admin','ACBI');
insert into orders ("time","price","volume","type","trader","stock","cat") values('2014-11-7 08:00:00','308.46','1418888','limit','C000000255','ACBI','sell');
insert into stocks values('AFOP','C000000107');
insert into transaction ("volume","time","price","seller","buyer","stock") values('0','1975-11-7 08:00:00','398.66','admin','admin','AFOP');
insert into orders ("time","price","volume","type","trader","stock","cat") values('2014-11-7 08:00:00','398.66','1426507','limit','C000000107','AFOP','sell');
insert into stocks values('DFRG','C000000744');
insert into transaction ("volume","time","price","seller","buyer","stock") values('0','1975-11-7 08:00:00','189.82','admin','admin','DFRG');
insert into orders ("time","price","volume","type","trader","stock","cat") values('2014-11-7 08:00:00','189.82','1855401','limit','C000000744','DFRG','sell');
insert into stocks values('BEAT','C000000352');
insert into transaction ("volume","time","price","seller","buyer","stock") values('0','1975-11-7 08:00:00','396.9','admin','admin','BEAT');
insert into orders ("time","price","volume","type","trader","stock","cat") values('2014-11-7 08:00:00','396.9','1407238','limit','C000000352','BEAT','sell');
insert into stocks values('NSTG','C000001732');
insert into transaction ("volume","time","price","seller","buyer","stock") values('0','1975-11-7 08:00:00','54.49','admin','admin','NSTG');
insert into orders ("time","price","volume","type","trader","stock","cat") values('2014-11-7 08:00:00','54.49','1171756','limit','C000001732','NSTG','sell');
insert into stocks values('RPXC','C000002202');
insert into transaction ("volume","time","price","seller","buyer","stock") values('0','1975-11-7 08:00:00','110.38','admin','admin','RPXC');
insert into orders ("time","price","volume","type","trader","stock","cat") values('2014-11-7 08:00:00','110.38','1231038','limit','C000002202','RPXC','sell');
insert into stocks values('ASNA','C000000234');
insert into transaction ("volume","time","price","seller","buyer","stock") values('0','1975-11-7 08:00:00','18.5','admin','admin','ASNA');
insert into orders ("time","price","volume","type","trader","stock","cat") values('2014-11-7 08:00:00','18.5','1876635','limit','C000000234','ASNA','sell');
insert into stocks values('ISIL','C000001369');
insert into transaction ("volume","time","price","seller","buyer","stock") values('0','1975-11-7 08:00:00','408.62','admin','admin','ISIL');
insert into orders ("time","price","volume","type","trader","stock","cat") values('2014-11-7 08:00:00','408.62','1833199','limit','C000001369','ISIL','sell');
insert into stocks values('FULT','C000001090');
insert into transaction ("volume","time","price","seller","buyer","stock") values('0','1975-11-7 08:00:00','223.27','admin','admin','FULT');
insert into orders ("time","price","volume","type","trader","stock","cat") values('2014-11-7 08:00:00','223.27','1010577','limit','C000001090','FULT','sell');
insert into stocks values('GARS','C000001105');
insert into transaction ("volume","time","price","seller","buyer","stock") values('0','1975-11-7 08:00:00','320.39','admin','admin','GARS');
insert into orders ("time","price","volume","type","trader","stock","cat") values('2014-11-7 08:00:00','320.39','1915681','limit','C000001105','GARS','sell');
insert into stocks values('MOCO','C000001696');
insert into transaction ("volume","time","price","seller","buyer","stock") values('0','1975-11-7 08:00:00','378.48','admin','admin','MOCO');
insert into orders ("time","price","volume","type","trader","stock","cat") values('2014-11-7 08:00:00','378.48','1080099','limit','C000001696','MOCO','sell');
insert into stocks values('BNCL','C000000325');
insert into transaction ("volume","time","price","seller","buyer","stock") values('0','1975-11-7 08:00:00','385.57','admin','admin','BNCL');
insert into orders ("time","price","volume","type","trader","stock","cat") values('2014-11-7 08:00:00','385.57','1881675','limit','C000000325','BNCL','sell');
insert into stocks values('LCUT','C000001531');
insert into transaction ("volume","time","price","seller","buyer","stock") values('0','1975-11-7 08:00:00','124.22','admin','admin','LCUT');
insert into orders ("time","price","volume","type","trader","stock","cat") values('2014-11-7 08:00:00','124.22','1233075','limit','C000001531','LCUT','sell');
insert into stocks values('TVIZ','C000000728');
insert into transaction ("volume","time","price","seller","buyer","stock") values('0','1975-11-7 08:00:00','298.53','admin','admin','TVIZ');
insert into orders ("time","price","volume","type","trader","stock","cat") values('2014-11-7 08:00:00','298.53','1135818','limit','C000000728','TVIZ','sell');
insert into stocks values('NSEC','C000001749');
insert into transaction ("volume","time","price","seller","buyer","stock") values('0','1975-11-7 08:00:00','117.07','admin','admin','NSEC');
insert into orders ("time","price","volume","type","trader","stock","cat") values('2014-11-7 08:00:00','117.07','1625274','limit','C000001749','NSEC','sell');
insert into stocks values('NEOS','C000001763');
insert into transaction ("volume","time","price","seller","buyer","stock") values('0','1975-11-7 08:00:00','256.64','admin','admin','NEOS');
insert into orders ("time","price","volume","type","trader","stock","cat") values('2014-11-7 08:00:00','256.64','1771116','limit','C000001763','NEOS','sell');
insert into stocks values('SBCP','C000002418');
insert into transaction ("volume","time","price","seller","buyer","stock") values('0','1975-11-7 08:00:00','168.22','admin','admin','SBCP');
insert into orders ("time","price","volume","type","trader","stock","cat") values('2014-11-7 08:00:00','168.22','1227612','limit','C000002418','SBCP','sell');
insert into stocks values('ACTX','C000001140');
insert into transaction ("volume","time","price","seller","buyer","stock") values('0','1975-11-7 08:00:00','353.62','admin','admin','ACTX');
insert into orders ("time","price","volume","type","trader","stock","cat") values('2014-11-7 08:00:00','353.62','1861361','limit','C000001140','ACTX','sell');
insert into stocks values('CUBN','C000000626');
insert into transaction ("volume","time","price","seller","buyer","stock") values('0','1975-11-7 08:00:00','302.62','admin','admin','CUBN');
insert into orders ("time","price","volume","type","trader","stock","cat") values('2014-11-7 08:00:00','302.62','1279897','limit','C000000626','CUBN','sell');
insert into stocks values('COB','C000000635');
insert into transaction ("volume","time","price","seller","buyer","stock") values('0','1975-11-7 08:00:00','128.31','admin','admin','COB');
insert into orders ("time","price","volume","type","trader","stock","cat") values('2014-11-7 08:00:00','128.31','1304817','limit','C000000635','COB','sell');
insert into stocks values('PLCM','C000002007');
insert into transaction ("volume","time","price","seller","buyer","stock") values('0','1975-11-7 08:00:00','140.15','admin','admin','PLCM');
insert into orders ("time","price","volume","type","trader","stock","cat") values('2014-11-7 08:00:00','140.15','1411189','limit','C000002007','PLCM','sell');
insert into stocks values('HWBK','C000001217');
insert into transaction ("volume","time","price","seller","buyer","stock") values('0','1975-11-7 08:00:00','472.09','admin','admin','HWBK');
insert into orders ("time","price","volume","type","trader","stock","cat") values('2014-11-7 08:00:00','472.09','1120499','limit','C000001217','HWBK','sell');
insert into stocks values('ACAS','C000000144');
insert into transaction ("volume","time","price","seller","buyer","stock") values('0','1975-11-7 08:00:00','493.47','admin','admin','ACAS');
insert into orders ("time","price","volume","type","trader","stock","cat") values('2014-11-7 08:00:00','493.47','1515186','limit','C000000144','ACAS','sell');
insert into stocks values('MCFT','C000001626');
insert into transaction ("volume","time","price","seller","buyer","stock") values('0','1975-11-7 08:00:00','323.99','admin','admin','MCFT');
insert into orders ("time","price","volume","type","trader","stock","cat") values('2014-11-7 08:00:00','323.99','1005794','limit','C000001626','MCFT','sell');
insert into stocks values('CFNB','C000000433');
insert into transaction ("volume","time","price","seller","buyer","stock") values('0','1975-11-7 08:00:00','325.63','admin','admin','CFNB');
insert into orders ("time","price","volume","type","trader","stock","cat") values('2014-11-7 08:00:00','325.63','1690984','limit','C000000433','CFNB','sell');
insert into stocks values('UBIC','C000002595');
insert into transaction ("volume","time","price","seller","buyer","stock") values('0','1975-11-7 08:00:00','289.24','admin','admin','UBIC');
insert into orders ("time","price","volume","type","trader","stock","cat") values('2014-11-7 08:00:00','289.24','1608576','limit','C000002595','UBIC','sell');
insert into stocks values('SSBI','C000002408');
insert into transaction ("volume","time","price","seller","buyer","stock") values('0','1975-11-7 08:00:00','21.74','admin','admin','SSBI');
insert into orders ("time","price","volume","type","trader","stock","cat") values('2014-11-7 08:00:00','21.74','1066547','limit','C000002408','SSBI','sell');
insert into stocks values('ESCA','C000000884');
insert into transaction ("volume","time","price","seller","buyer","stock") values('0','1975-11-7 08:00:00','410.92','admin','admin','ESCA');
insert into orders ("time","price","volume","type","trader","stock","cat") values('2014-11-7 08:00:00','410.92','1901741','limit','C000000884','ESCA','sell');
insert into stocks values('AVNU','C000000277');
insert into transaction ("volume","time","price","seller","buyer","stock") values('0','1975-11-7 08:00:00','414.12','admin','admin','AVNU');
insert into orders ("time","price","volume","type","trader","stock","cat") values('2014-11-7 08:00:00','414.12','1771946','limit','C000000277','AVNU','sell');
insert into stocks values('TSEM','C000002550');
insert into transaction ("volume","time","price","seller","buyer","stock") values('0','1975-11-7 08:00:00','394.57','admin','admin','TSEM');
insert into orders ("time","price","volume","type","trader","stock","cat") values('2014-11-7 08:00:00','394.57','1741193','limit','C000002550','TSEM','sell');
insert into stocks values('CPTA','C000000451');
insert into transaction ("volume","time","price","seller","buyer","stock") values('0','1975-11-7 08:00:00','217.18','admin','admin','CPTA');
insert into orders ("time","price","volume","type","trader","stock","cat") values('2014-11-7 08:00:00','217.18','1004317','limit','C000000451','CPTA','sell');
insert into stocks values('OMER','C000001862');
insert into transaction ("volume","time","price","seller","buyer","stock") values('0','1975-11-7 08:00:00','182.04','admin','admin','OMER');
insert into orders ("time","price","volume","type","trader","stock","cat") values('2014-11-7 08:00:00','182.04','1785135','limit','C000001862','OMER','sell');
insert into stocks values('WSBF','C000002753');
insert into transaction ("volume","time","price","seller","buyer","stock") values('0','1975-11-7 08:00:00','149.8','admin','admin','WSBF');
insert into orders ("time","price","volume","type","trader","stock","cat") values('2014-11-7 08:00:00','149.8','1775234','limit','C000002753','WSBF','sell');
insert into stocks values('IVTY','C000001383');
insert into transaction ("volume","time","price","seller","buyer","stock") values('0','1975-11-7 08:00:00','306.72','admin','admin','IVTY');
insert into orders ("time","price","volume","type","trader","stock","cat") values('2014-11-7 08:00:00','306.72','1486758','limit','C000001383','IVTY','sell');
insert into stocks values('FDUS','C000000939');
insert into transaction ("volume","time","price","seller","buyer","stock") values('0','1975-11-7 08:00:00','300.68','admin','admin','FDUS');
insert into orders ("time","price","volume","type","trader","stock","cat") values('2014-11-7 08:00:00','300.68','1172980','limit','C000000939','FDUS','sell');
insert into stocks values('NWBI','C000001808');
insert into transaction ("volume","time","price","seller","buyer","stock") values('0','1975-11-7 08:00:00','112.46','admin','admin','NWBI');
insert into orders ("time","price","volume","type","trader","stock","cat") values('2014-11-7 08:00:00','112.46','1009418','limit','C000001808','NWBI','sell');
insert into stocks values('GSIG','C000001181');
insert into transaction ("volume","time","price","seller","buyer","stock") values('0','1975-11-7 08:00:00','433.42','admin','admin','GSIG');
insert into orders ("time","price","volume","type","trader","stock","cat") values('2014-11-7 08:00:00','433.42','1296473','limit','C000001181','GSIG','sell');
insert into stocks values('IMMR','C000001309');
insert into transaction ("volume","time","price","seller","buyer","stock") values('0','1975-11-7 08:00:00','124.81','admin','admin','IMMR');
insert into orders ("time","price","volume","type","trader","stock","cat") values('2014-11-7 08:00:00','124.81','1512939','limit','C000001309','IMMR','sell');
insert into stocks values('UBNK','C000002619');
insert into transaction ("volume","time","price","seller","buyer","stock") values('0','1975-11-7 08:00:00','86.39','admin','admin','UBNK');
insert into orders ("time","price","volume","type","trader","stock","cat") values('2014-11-7 08:00:00','86.39','1957756','limit','C000002619','UBNK','sell');
insert into stocks values('ALRM','C000000092');
insert into transaction ("volume","time","price","seller","buyer","stock") values('0','1975-11-7 08:00:00','438.39','admin','admin','ALRM');
insert into orders ("time","price","volume","type","trader","stock","cat") values('2014-11-7 08:00:00','438.39','1522943','limit','C000000092','ALRM','sell');
insert into stocks values('ENT','C000001136');
insert into transaction ("volume","time","price","seller","buyer","stock") values('0','1975-11-7 08:00:00','376.06','admin','admin','ENT');
insert into orders ("time","price","volume","type","trader","stock","cat") values('2014-11-7 08:00:00','376.06','1199875','limit','C000001136','ENT','sell');
insert into stocks values('LMAT','C000001519');
insert into transaction ("volume","time","price","seller","buyer","stock") values('0','1975-11-7 08:00:00','88.3','admin','admin','LMAT');
insert into orders ("time","price","volume","type","trader","stock","cat") values('2014-11-7 08:00:00','88.3','1214238','limit','C000001519','LMAT','sell');
insert into stocks values('MOMO','C000001702');
insert into transaction ("volume","time","price","seller","buyer","stock") values('0','1975-11-7 08:00:00','97.81','admin','admin','MOMO');
insert into orders ("time","price","volume","type","trader","stock","cat") values('2014-11-7 08:00:00','97.81','1122440','limit','C000001702','MOMO','sell');
insert into stocks values('LSBK','C000001495');
insert into transaction ("volume","time","price","seller","buyer","stock") values('0','1975-11-7 08:00:00','285.34','admin','admin','LSBK');
insert into orders ("time","price","volume","type","trader","stock","cat") values('2014-11-7 08:00:00','285.34','1404215','limit','C000001495','LSBK','sell');
insert into stocks values('CHFN','C000000530');
insert into transaction ("volume","time","price","seller","buyer","stock") values('0','1975-11-7 08:00:00','194.45','admin','admin','CHFN');
insert into orders ("time","price","volume","type","trader","stock","cat") values('2014-11-7 08:00:00','194.45','1509919','limit','C000000530','CHFN','sell');
insert into stocks values('FCCO','C000000962');
insert into transaction ("volume","time","price","seller","buyer","stock") values('0','1975-11-7 08:00:00','93.95','admin','admin','FCCO');
insert into orders ("time","price","volume","type","trader","stock","cat") values('2014-11-7 08:00:00','93.95','1308921','limit','C000000962','FCCO','sell');
insert into stocks values('MNRK','C000001704');
insert into transaction ("volume","time","price","seller","buyer","stock") values('0','1975-11-7 08:00:00','215.94','admin','admin','MNRK');
insert into orders ("time","price","volume","type","trader","stock","cat") values('2014-11-7 08:00:00','215.94','1569634','limit','C000001704','MNRK','sell');
insert into stocks values('SPLS','C000002371');
insert into transaction ("volume","time","price","seller","buyer","stock") values('0','1975-11-7 08:00:00','299.59','admin','admin','SPLS');
insert into orders ("time","price","volume","type","trader","stock","cat") values('2014-11-7 08:00:00','299.59','1364128','limit','C000002371','SPLS','sell');
insert into stocks values('SBBX','C000002429');
insert into transaction ("volume","time","price","seller","buyer","stock") values('0','1975-11-7 08:00:00','403.48','admin','admin','SBBX');
insert into orders ("time","price","volume","type","trader","stock","cat") values('2014-11-7 08:00:00','403.48','1393500','limit','C000002429','SBBX','sell');
insert into stocks values('NICK','C000001793');
insert into transaction ("volume","time","price","seller","buyer","stock") values('0','1975-11-7 08:00:00','337.64','admin','admin','NICK');
insert into orders ("time","price","volume","type","trader","stock","cat") values('2014-11-7 08:00:00','337.64','1829321','limit','C000001793','NICK','sell');
insert into stocks values('HBMD','C000001273');
insert into transaction ("volume","time","price","seller","buyer","stock") values('0','1975-11-7 08:00:00','92.32','admin','admin','HBMD');
insert into orders ("time","price","volume","type","trader","stock","cat") values('2014-11-7 08:00:00','92.32','1682865','limit','C000001273','HBMD','sell');
insert into stocks values('BDMS','C000000354');
insert into transaction ("volume","time","price","seller","buyer","stock") values('0','1975-11-7 08:00:00','177.0','admin','admin','BDMS');
insert into orders ("time","price","volume","type","trader","stock","cat") values('2014-11-7 08:00:00','177.0','1181879','limit','C000000354','BDMS','sell');
insert into stocks values('ALOT','C000000244');
insert into transaction ("volume","time","price","seller","buyer","stock") values('0','1975-11-7 08:00:00','205.99','admin','admin','ALOT');
insert into orders ("time","price","volume","type","trader","stock","cat") values('2014-11-7 08:00:00','205.99','1946049','limit','C000000244','ALOT','sell');
insert into stocks values('ESSA','C000000888');
insert into transaction ("volume","time","price","seller","buyer","stock") values('0','1975-11-7 08:00:00','267.85','admin','admin','ESSA');
insert into orders ("time","price","volume","type","trader","stock","cat") values('2014-11-7 08:00:00','267.85','1137874','limit','C000000888','ESSA','sell');
insert into stocks values('NAVI','C000001756');
insert into transaction ("volume","time","price","seller","buyer","stock") values('0','1975-11-7 08:00:00','91.6','admin','admin','NAVI');
insert into orders ("time","price","volume","type","trader","stock","cat") values('2014-11-7 08:00:00','91.6','1599267','limit','C000001756','NAVI','sell');
insert into stocks values('NVDQ','C000001815');
insert into transaction ("volume","time","price","seller","buyer","stock") values('0','1975-11-7 08:00:00','75.92','admin','admin','NVDQ');
insert into orders ("time","price","volume","type","trader","stock","cat") values('2014-11-7 08:00:00','75.92','1576443','limit','C000001815','NVDQ','sell');
insert into stocks values('CFFN','C000000453');
insert into transaction ("volume","time","price","seller","buyer","stock") values('0','1975-11-7 08:00:00','144.64','admin','admin','CFFN');
insert into orders ("time","price","volume","type","trader","stock","cat") values('2014-11-7 08:00:00','144.64','1493565','limit','C000000453','CFFN','sell');
insert into stocks values('AGTC','C000000194');
insert into transaction ("volume","time","price","seller","buyer","stock") values('0','1975-11-7 08:00:00','390.08','admin','admin','AGTC');
insert into orders ("time","price","volume","type","trader","stock","cat") values('2014-11-7 08:00:00','390.08','1093827','limit','C000000194','AGTC','sell');
insert into stocks values('OVAS','C000001901');
insert into transaction ("volume","time","price","seller","buyer","stock") values('0','1975-11-7 08:00:00','25.28','admin','admin','OVAS');
insert into orders ("time","price","volume","type","trader","stock","cat") values('2014-11-7 08:00:00','25.28','1994304','limit','C000001901','OVAS','sell');
insert into stocks values('SRET','C000001144');
insert into transaction ("volume","time","price","seller","buyer","stock") values('0','1975-11-7 08:00:00','73.95','admin','admin','SRET');
insert into orders ("time","price","volume","type","trader","stock","cat") values('2014-11-7 08:00:00','73.95','1125951','limit','C000001144','SRET','sell');
insert into stocks values('PBCP','C000002006');
insert into transaction ("volume","time","price","seller","buyer","stock") values('0','1975-11-7 08:00:00','333.6','admin','admin','PBCP');
insert into orders ("time","price","volume","type","trader","stock","cat") values('2014-11-7 08:00:00','333.6','1831236','limit','C000002006','PBCP','sell');
insert into stocks values('ADAP','C000000052');
insert into transaction ("volume","time","price","seller","buyer","stock") values('0','1975-11-7 08:00:00','496.09','admin','admin','ADAP');
insert into orders ("time","price","volume","type","trader","stock","cat") values('2014-11-7 08:00:00','496.09','1646691','limit','C000000052','ADAP','sell');
insert into stocks values('XNCR','C000002827');
insert into transaction ("volume","time","price","seller","buyer","stock") values('0','1975-11-7 08:00:00','263.16','admin','admin','XNCR');
insert into orders ("time","price","volume","type","trader","stock","cat") values('2014-11-7 08:00:00','263.16','1665733','limit','C000002827','XNCR','sell');
insert into stocks values('TSBK','C000002537');
insert into transaction ("volume","time","price","seller","buyer","stock") values('0','1975-11-7 08:00:00','276.84','admin','admin','TSBK');
insert into orders ("time","price","volume","type","trader","stock","cat") values('2014-11-7 08:00:00','276.84','1907351','limit','C000002537','TSBK','sell');
insert into stocks values('SIFI','C000002278');
insert into transaction ("volume","time","price","seller","buyer","stock") values('0','1975-11-7 08:00:00','464.91','admin','admin','SIFI');
insert into orders ("time","price","volume","type","trader","stock","cat") values('2014-11-7 08:00:00','464.91','1574188','limit','C000002278','SIFI','sell');
insert into stocks values('LAKE','C000001499');
insert into transaction ("volume","time","price","seller","buyer","stock") values('0','1975-11-7 08:00:00','437.64','admin','admin','LAKE');
insert into orders ("time","price","volume","type","trader","stock","cat") values('2014-11-7 08:00:00','437.64','1799168','limit','C000001499','LAKE','sell');
insert into stocks values('COBZ','C000000602');
insert into transaction ("volume","time","price","seller","buyer","stock") values('0','1975-11-7 08:00:00','412.7','admin','admin','COBZ');
insert into orders ("time","price","volume","type","trader","stock","cat") values('2014-11-7 08:00:00','412.7','1557121','limit','C000000602','COBZ','sell');
insert into stocks values('ENTG','C000000867');
insert into transaction ("volume","time","price","seller","buyer","stock") values('0','1975-11-7 08:00:00','382.96','admin','admin','ENTG');
insert into orders ("time","price","volume","type","trader","stock","cat") values('2014-11-7 08:00:00','382.96','1305580','limit','C000000867','ENTG','sell');
insert into stocks values('ANGO','C000000178');
insert into transaction ("volume","time","price","seller","buyer","stock") values('0','1975-11-7 08:00:00','417.09','admin','admin','ANGO');
insert into orders ("time","price","volume","type","trader","stock","cat") values('2014-11-7 08:00:00','417.09','1021508','limit','C000000178','ANGO','sell');
insert into stocks values('VIMC','C000002724');
insert into transaction ("volume","time","price","seller","buyer","stock") values('0','1975-11-7 08:00:00','404.08','admin','admin','VIMC');
insert into orders ("time","price","volume","type","trader","stock","cat") values('2014-11-7 08:00:00','404.08','1586739','limit','C000002724','VIMC','sell');
insert into stocks values('ATTU','C000000265');
insert into transaction ("volume","time","price","seller","buyer","stock") values('0','1975-11-7 08:00:00','409.38','admin','admin','ATTU');
insert into orders ("time","price","volume","type","trader","stock","cat") values('2014-11-7 08:00:00','409.38','1754908','limit','C000000265','ATTU','sell');
insert into stocks values('USLV','C000000012');
insert into transaction ("volume","time","price","seller","buyer","stock") values('0','1975-11-7 08:00:00','334.24','admin','admin','USLV');
insert into orders ("time","price","volume","type","trader","stock","cat") values('2014-11-7 08:00:00','334.24','1193006','limit','C000000012','USLV','sell');
insert into stocks values('ZIOP','C000002857');
insert into transaction ("volume","time","price","seller","buyer","stock") values('0','1975-11-7 08:00:00','319.4','admin','admin','ZIOP');
insert into orders ("time","price","volume","type","trader","stock","cat") values('2014-11-7 08:00:00','319.4','1425896','limit','C000002857','ZIOP','sell');
insert into stocks values('COHU','C000000614');
insert into transaction ("volume","time","price","seller","buyer","stock") values('0','1975-11-7 08:00:00','178.01','admin','admin','COHU');
insert into orders ("time","price","volume","type","trader","stock","cat") values('2014-11-7 08:00:00','178.01','1465635','limit','C000000614','COHU','sell');
insert into stocks values('MMAC','C000001693');
insert into transaction ("volume","time","price","seller","buyer","stock") values('0','1975-11-7 08:00:00','385.18','admin','admin','MMAC');
insert into orders ("time","price","volume","type","trader","stock","cat") values('2014-11-7 08:00:00','385.18','1522212','limit','C000001693','MMAC','sell');
insert into stocks values('SPNC','C000002524');
insert into transaction ("volume","time","price","seller","buyer","stock") values('0','1975-11-7 08:00:00','482.21','admin','admin','SPNC');
insert into orders ("time","price","volume","type","trader","stock","cat") values('2014-11-7 08:00:00','482.21','1533940','limit','C000002524','SPNC','sell');
insert into stocks values('FNWB','C000000980');
insert into transaction ("volume","time","price","seller","buyer","stock") values('0','1975-11-7 08:00:00','463.86','admin','admin','FNWB');
insert into orders ("time","price","volume","type","trader","stock","cat") values('2014-11-7 08:00:00','463.86','1823215','limit','C000000980','FNWB','sell');
insert into stocks values('DGII','C000000766');
insert into transaction ("volume","time","price","seller","buyer","stock") values('0','1975-11-7 08:00:00','351.75','admin','admin','DGII');
insert into orders ("time","price","volume","type","trader","stock","cat") values('2014-11-7 08:00:00','351.75','1784287','limit','C000000766','DGII','sell');
insert into stocks values('ADXS','C000000062');
insert into transaction ("volume","time","price","seller","buyer","stock") values('0','1975-11-7 08:00:00','418.78','admin','admin','ADXS');
insert into orders ("time","price","volume","type","trader","stock","cat") values('2014-11-7 08:00:00','418.78','1129718','limit','C000000062','ADXS','sell');
insert into stocks values('TGTX','C000002490');
insert into transaction ("volume","time","price","seller","buyer","stock") values('0','1975-11-7 08:00:00','460.83','admin','admin','TGTX');
insert into orders ("time","price","volume","type","trader","stock","cat") values('2014-11-7 08:00:00','460.83','1561732','limit','C000002490','TGTX','sell');
insert into stocks values('FFNW','C000000970');
insert into transaction ("volume","time","price","seller","buyer","stock") values('0','1975-11-7 08:00:00','346.19','admin','admin','FFNW');
insert into orders ("time","price","volume","type","trader","stock","cat") values('2014-11-7 08:00:00','346.19','1146494','limit','C000000970','FFNW','sell');
insert into stocks values('BITI','C000000353');
insert into transaction ("volume","time","price","seller","buyer","stock") values('0','1975-11-7 08:00:00','303.08','admin','admin','BITI');
insert into orders ("time","price","volume","type","trader","stock","cat") values('2014-11-7 08:00:00','303.08','1067506','limit','C000000353','BITI','sell');
insert into stocks values('IXYS','C000001423');
insert into transaction ("volume","time","price","seller","buyer","stock") values('0','1975-11-7 08:00:00','395.53','admin','admin','IXYS');
insert into orders ("time","price","volume","type","trader","stock","cat") values('2014-11-7 08:00:00','395.53','1309566','limit','C000001423','IXYS','sell');
insert into stocks values('CRESY','C000000689');
insert into transaction ("volume","time","price","seller","buyer","stock") values('0','1975-11-7 08:00:00','117.31','admin','admin','CRESY');
insert into orders ("time","price","volume","type","trader","stock","cat") values('2014-11-7 08:00:00','117.31','1415675','limit','C000000689','CRESY','sell');
insert into stocks values('VTAE','C000002734');
insert into transaction ("volume","time","price","seller","buyer","stock") values('0','1975-11-7 08:00:00','482.59','admin','admin','VTAE');
insert into orders ("time","price","volume","type","trader","stock","cat") values('2014-11-7 08:00:00','482.59','1232570','limit','C000002734','VTAE','sell');
insert into stocks values('CBNJ','C000000445');
insert into transaction ("volume","time","price","seller","buyer","stock") values('0','1975-11-7 08:00:00','344.1','admin','admin','CBNJ');
insert into orders ("time","price","volume","type","trader","stock","cat") values('2014-11-7 08:00:00','344.1','1692383','limit','C000000445','CBNJ','sell');
insert into stocks values('ISBC','C000001380');
insert into transaction ("volume","time","price","seller","buyer","stock") values('0','1975-11-7 08:00:00','335.94','admin','admin','ISBC');
insert into orders ("time","price","volume","type","trader","stock","cat") values('2014-11-7 08:00:00','335.94','1355822','limit','C000001380','ISBC','sell');
insert into stocks values('QTNT','C000002111');
insert into transaction ("volume","time","price","seller","buyer","stock") values('0','1975-11-7 08:00:00','176.77','admin','admin','QTNT');
insert into orders ("time","price","volume","type","trader","stock","cat") values('2014-11-7 08:00:00','176.77','1585962','limit','C000002111','QTNT','sell');
insert into stocks values('CU','C000001010');
insert into transaction ("volume","time","price","seller","buyer","stock") values('0','1975-11-7 08:00:00','160.41','admin','admin','CU');
insert into orders ("time","price","volume","type","trader","stock","cat") values('2014-11-7 08:00:00','160.41','1523261','limit','C000001010','CU','sell');
insert into stocks values('TSC','C000002571');
insert into transaction ("volume","time","price","seller","buyer","stock") values('0','1975-11-7 08:00:00','297.1','admin','admin','TSC');
insert into orders ("time","price","volume","type","trader","stock","cat") values('2014-11-7 08:00:00','297.1','1326203','limit','C000002571','TSC','sell');
insert into stocks values('PKBK','C000001932');
insert into transaction ("volume","time","price","seller","buyer","stock") values('0','1975-11-7 08:00:00','235.73','admin','admin','PKBK');
insert into orders ("time","price","volume","type","trader","stock","cat") values('2014-11-7 08:00:00','235.73','1978466','limit','C000001932','PKBK','sell');
insert into stocks values('TITN','C000002539');
insert into transaction ("volume","time","price","seller","buyer","stock") values('0','1975-11-7 08:00:00','383.24','admin','admin','TITN');
insert into orders ("time","price","volume","type","trader","stock","cat") values('2014-11-7 08:00:00','383.24','1856245','limit','C000002539','TITN','sell');
insert into stocks values('LMOS','C000001573');
insert into transaction ("volume","time","price","seller","buyer","stock") values('0','1975-11-7 08:00:00','31.47','admin','admin','LMOS');
insert into orders ("time","price","volume","type","trader","stock","cat") values('2014-11-7 08:00:00','31.47','1590582','limit','C000001573','LMOS','sell');
insert into stocks values('HALL','C000001197');
insert into transaction ("volume","time","price","seller","buyer","stock") values('0','1975-11-7 08:00:00','116.85','admin','admin','HALL');
insert into orders ("time","price","volume","type","trader","stock","cat") values('2014-11-7 08:00:00','116.85','1763206','limit','C000001197','HALL','sell');
insert into stocks values('VRA','C000002687');
insert into transaction ("volume","time","price","seller","buyer","stock") values('0','1975-11-7 08:00:00','345.32','admin','admin','VRA');
insert into orders ("time","price","volume","type","trader","stock","cat") values('2014-11-7 08:00:00','345.32','1057391','limit','C000002687','VRA','sell');
insert into stocks values('EPIQ','C000000875');
insert into transaction ("volume","time","price","seller","buyer","stock") values('0','1975-11-7 08:00:00','376.08','admin','admin','EPIQ');
insert into orders ("time","price","volume","type","trader","stock","cat") values('2014-11-7 08:00:00','376.08','1419969','limit','C000000875','EPIQ','sell');
insert into stocks values('GLBZ','C000001133');
insert into transaction ("volume","time","price","seller","buyer","stock") values('0','1975-11-7 08:00:00','182.5','admin','admin','GLBZ');
insert into orders ("time","price","volume","type","trader","stock","cat") values('2014-11-7 08:00:00','182.5','1318244','limit','C000001133','GLBZ','sell');
insert into stocks values('EIGI','C000000857');
insert into transaction ("volume","time","price","seller","buyer","stock") values('0','1975-11-7 08:00:00','194.0','admin','admin','EIGI');
insert into orders ("time","price","volume","type","trader","stock","cat") values('2014-11-7 08:00:00','194.0','1622892','limit','C000000857','EIGI','sell');
insert into stocks values('QLGC','C000002096');
insert into transaction ("volume","time","price","seller","buyer","stock") values('0','1975-11-7 08:00:00','470.92','admin','admin','QLGC');
insert into orders ("time","price","volume","type","trader","stock","cat") values('2014-11-7 08:00:00','470.92','1121310','limit','C000002096','QLGC','sell');
insert into stocks values('AMPH','C000000165');
insert into transaction ("volume","time","price","seller","buyer","stock") values('0','1975-11-7 08:00:00','381.05','admin','admin','AMPH');
insert into orders ("time","price","volume","type","trader","stock","cat") values('2014-11-7 08:00:00','381.05','1870588','limit','C000000165','AMPH','sell');
insert into stocks values('IMGN','C000001313');
insert into transaction ("volume","time","price","seller","buyer","stock") values('0','1975-11-7 08:00:00','356.01','admin','admin','IMGN');
insert into orders ("time","price","volume","type","trader","stock","cat") values('2014-11-7 08:00:00','356.01','1446982','limit','C000001313','IMGN','sell');
insert into stocks values('CLDX','C000000498');
insert into transaction ("volume","time","price","seller","buyer","stock") values('0','1975-11-7 08:00:00','181.85','admin','admin','CLDX');
insert into orders ("time","price","volume","type","trader","stock","cat") values('2014-11-7 08:00:00','181.85','1464220','limit','C000000498','CLDX','sell');
insert into stocks values('LNDC','C000001503');
insert into transaction ("volume","time","price","seller","buyer","stock") values('0','1975-11-7 08:00:00','414.37','admin','admin','LNDC');
insert into orders ("time","price","volume","type","trader","stock","cat") values('2014-11-7 08:00:00','414.37','1284525','limit','C000001503','LNDC','sell');
insert into stocks values('GNBC','C000001170');
insert into transaction ("volume","time","price","seller","buyer","stock") values('0','1975-11-7 08:00:00','249.75','admin','admin','GNBC');
insert into orders ("time","price","volume","type","trader","stock","cat") values('2014-11-7 08:00:00','249.75','1300744','limit','C000001170','GNBC','sell');
insert into stocks values('GSM','C000001147');
insert into transaction ("volume","time","price","seller","buyer","stock") values('0','1975-11-7 08:00:00','10.71','admin','admin','GSM');
insert into orders ("time","price","volume","type","trader","stock","cat") values('2014-11-7 08:00:00','10.71','1216554','limit','C000001147','GSM','sell');
insert into stocks values('CLRO','C000000591');
insert into transaction ("volume","time","price","seller","buyer","stock") values('0','1975-11-7 08:00:00','230.61','admin','admin','CLRO');
insert into orders ("time","price","volume","type","trader","stock","cat") values('2014-11-7 08:00:00','230.61','1280339','limit','C000000591','CLRO','sell');
insert into stocks values('BFIN','C000000303');
insert into transaction ("volume","time","price","seller","buyer","stock") values('0','1975-11-7 08:00:00','63.89','admin','admin','BFIN');
insert into orders ("time","price","volume","type","trader","stock","cat") values('2014-11-7 08:00:00','63.89','1778631','limit','C000000303','BFIN','sell');
insert into stocks values('BONA','C000000383');
insert into transaction ("volume","time","price","seller","buyer","stock") values('0','1975-11-7 08:00:00','317.04','admin','admin','BONA');
insert into orders ("time","price","volume","type","trader","stock","cat") values('2014-11-7 08:00:00','317.04','1318566','limit','C000000383','BONA','sell');
insert into stocks values('FCCY','');
insert into transaction ("volume","time","price","seller","buyer","stock") values('0','1975-11-7 08:00:00','101.82','admin','admin','FCCY');
insert into orders ("time","price","volume","type","trader","stock","cat") values('2014-11-7 08:00:00','101.82','1341825','limit','','FCCY','sell');
insert into stocks values('PRQR','C000002066');
insert into transaction ("volume","time","price","seller","buyer","stock") values('0','1975-11-7 08:00:00','336.64','admin','admin','PRQR');
insert into orders ("time","price","volume","type","trader","stock","cat") values('2014-11-7 08:00:00','336.64','1658375','limit','C000002066','PRQR','sell');
insert into stocks values('EHTH','C000000828');
insert into transaction ("volume","time","price","seller","buyer","stock") values('0','1975-11-7 08:00:00','258.16','admin','admin','EHTH');
insert into orders ("time","price","volume","type","trader","stock","cat") values('2014-11-7 08:00:00','258.16','1050052','limit','C000000828','EHTH','sell');
insert into stocks values('RDEN','C000000840');
insert into transaction ("volume","time","price","seller","buyer","stock") values('0','1975-11-7 08:00:00','394.44','admin','admin','RDEN');
insert into orders ("time","price","volume","type","trader","stock","cat") values('2014-11-7 08:00:00','394.44','1371238','limit','C000000840','RDEN','sell');
insert into stocks values('PVBC','C000002077');
insert into transaction ("volume","time","price","seller","buyer","stock") values('0','1975-11-7 08:00:00','238.07','admin','admin','PVBC');
insert into orders ("time","price","volume","type","trader","stock","cat") values('2014-11-7 08:00:00','238.07','1516252','limit','C000002077','PVBC','sell');
insert into stocks values('DPRX','C000000774');
insert into transaction ("volume","time","price","seller","buyer","stock") values('0','1975-11-7 08:00:00','408.64','admin','admin','DPRX');
insert into orders ("time","price","volume","type","trader","stock","cat") values('2014-11-7 08:00:00','408.64','1658571','limit','C000000774','DPRX','sell');
insert into stocks values('NPBC','C000001747');
insert into transaction ("volume","time","price","seller","buyer","stock") values('0','1975-11-7 08:00:00','72.91','admin','admin','NPBC');
insert into orders ("time","price","volume","type","trader","stock","cat") values('2014-11-7 08:00:00','72.91','1755705','limit','C000001747','NPBC','sell');
insert into stocks values('BBOX','C000000356');
insert into transaction ("volume","time","price","seller","buyer","stock") values('0','1975-11-7 08:00:00','84.76','admin','admin','BBOX');
insert into orders ("time","price","volume","type","trader","stock","cat") values('2014-11-7 08:00:00','84.76','1692629','limit','C000000356','BBOX','sell');
insert into stocks values('KBAL','C000001473');
insert into transaction ("volume","time","price","seller","buyer","stock") values('0','1975-11-7 08:00:00','90.69','admin','admin','KBAL');
insert into orders ("time","price","volume","type","trader","stock","cat") values('2014-11-7 08:00:00','90.69','1002870','limit','C000001473','KBAL','sell');
insert into stocks values('WAYN','C000002755');
insert into transaction ("volume","time","price","seller","buyer","stock") values('0','1975-11-7 08:00:00','294.85','admin','admin','WAYN');
insert into orders ("time","price","volume","type","trader","stock","cat") values('2014-11-7 08:00:00','294.85','1019054','limit','C000002755','WAYN','sell');
insert into stocks values('BLDR','C000000410');
insert into transaction ("volume","time","price","seller","buyer","stock") values('0','1975-11-7 08:00:00','198.21','admin','admin','BLDR');
insert into orders ("time","price","volume","type","trader","stock","cat") values('2014-11-7 08:00:00','198.21','1715568','limit','C000000410','BLDR','sell');
insert into stocks values('NKTR','C000001759');
insert into transaction ("volume","time","price","seller","buyer","stock") values('0','1975-11-7 08:00:00','425.88','admin','admin','NKTR');
insert into orders ("time","price","volume","type","trader","stock","cat") values('2014-11-7 08:00:00','425.88','1505713','limit','C000001759','NKTR','sell');
insert into stocks values('ACTA','C000000047');
insert into transaction ("volume","time","price","seller","buyer","stock") values('0','1975-11-7 08:00:00','120.09','admin','admin','ACTA');
insert into orders ("time","price","volume","type","trader","stock","cat") values('2014-11-7 08:00:00','120.09','1441623','limit','C000000047','ACTA','sell');
insert into stocks values('KE','C000001472');
insert into transaction ("volume","time","price","seller","buyer","stock") values('0','1975-11-7 08:00:00','371.43','admin','admin','KE');
insert into orders ("time","price","volume","type","trader","stock","cat") values('2014-11-7 08:00:00','371.43','1667125','limit','C000001472','KE','sell');
insert into stocks values('TRIB','C000002569');
insert into transaction ("volume","time","price","seller","buyer","stock") values('0','1975-11-7 08:00:00','335.27','admin','admin','TRIB');
insert into orders ("time","price","volume","type","trader","stock","cat") values('2014-11-7 08:00:00','335.27','1987354','limit','C000002569','TRIB','sell');
insert into stocks values('DMTX','C000000772');
insert into transaction ("volume","time","price","seller","buyer","stock") values('0','1975-11-7 08:00:00','119.59','admin','admin','DMTX');
insert into orders ("time","price","volume","type","trader","stock","cat") values('2014-11-7 08:00:00','119.59','1189565','limit','C000000772','DMTX','sell');
insert into stocks values('LIFE','C000000266');
insert into transaction ("volume","time","price","seller","buyer","stock") values('0','1975-11-7 08:00:00','253.8','admin','admin','LIFE');
insert into orders ("time","price","volume","type","trader","stock","cat") values('2014-11-7 08:00:00','253.8','1937072','limit','C000000266','LIFE','sell');
insert into stocks values('PSAU','C000002024');
insert into transaction ("volume","time","price","seller","buyer","stock") values('0','1975-11-7 08:00:00','147.57','admin','admin','PSAU');
insert into orders ("time","price","volume","type","trader","stock","cat") values('2014-11-7 08:00:00','147.57','1507788','limit','C000002024','PSAU','sell');
insert into stocks values('HWAY','C000001224');
insert into transaction ("volume","time","price","seller","buyer","stock") values('0','1975-11-7 08:00:00','102.93','admin','admin','HWAY');
insert into orders ("time","price","volume","type","trader","stock","cat") values('2014-11-7 08:00:00','102.93','1682166','limit','C000001224','HWAY','sell');
insert into stocks values('CVV','C000000712');
insert into transaction ("volume","time","price","seller","buyer","stock") values('0','1975-11-7 08:00:00','185.64','admin','admin','CVV');
insert into orders ("time","price","volume","type","trader","stock","cat") values('2014-11-7 08:00:00','185.64','1213007','limit','C000000712','CVV','sell');
insert into stocks values('KRNY','C000001462');
insert into transaction ("volume","time","price","seller","buyer","stock") values('0','1975-11-7 08:00:00','350.38','admin','admin','KRNY');
insert into orders ("time","price","volume","type","trader","stock","cat") values('2014-11-7 08:00:00','350.38','1519686','limit','C000001462','KRNY','sell');
insert into stocks values('KRNT','C000001485');
insert into transaction ("volume","time","price","seller","buyer","stock") values('0','1975-11-7 08:00:00','162.38','admin','admin','KRNT');
insert into orders ("time","price","volume","type","trader","stock","cat") values('2014-11-7 08:00:00','162.38','1110779','limit','C000001485','KRNT','sell');
insert into stocks values('SAMG','C000002296');
insert into transaction ("volume","time","price","seller","buyer","stock") values('0','1975-11-7 08:00:00','420.5','admin','admin','SAMG');
insert into orders ("time","price","volume","type","trader","stock","cat") values('2014-11-7 08:00:00','420.5','1503540','limit','C000002296','SAMG','sell');
insert into stocks values('OXFD','C000001904');
insert into transaction ("volume","time","price","seller","buyer","stock") values('0','1975-11-7 08:00:00','60.3','admin','admin','OXFD');
insert into orders ("time","price","volume","type","trader","stock","cat") values('2014-11-7 08:00:00','60.3','1311964','limit','C000001904','OXFD','sell');
insert into stocks values('PMTS','C000000679');
insert into transaction ("volume","time","price","seller","buyer","stock") values('0','1975-11-7 08:00:00','188.17','admin','admin','PMTS');
insert into orders ("time","price","volume","type","trader","stock","cat") values('2014-11-7 08:00:00','188.17','1793959','limit','C000000679','PMTS','sell');
insert into stocks values('TUBE','C000002581');
insert into transaction ("volume","time","price","seller","buyer","stock") values('0','1975-11-7 08:00:00','69.38','admin','admin','TUBE');
insert into orders ("time","price","volume","type","trader","stock","cat") values('2014-11-7 08:00:00','69.38','1891166','limit','C000002581','TUBE','sell');
insert into stocks values('RCKY','C000002192');
insert into transaction ("volume","time","price","seller","buyer","stock") values('0','1975-11-7 08:00:00','291.6','admin','admin','RCKY');
insert into orders ("time","price","volume","type","trader","stock","cat") values('2014-11-7 08:00:00','291.6','1406212','limit','C000002192','RCKY','sell');
insert into stocks values('FNSR','C000000947');
insert into transaction ("volume","time","price","seller","buyer","stock") values('0','1975-11-7 08:00:00','386.01','admin','admin','FNSR');
insert into orders ("time","price","volume","type","trader","stock","cat") values('2014-11-7 08:00:00','386.01','1504217','limit','C000000947','FNSR','sell');
insert into stocks values('CGO','C000000429');
insert into transaction ("volume","time","price","seller","buyer","stock") values('0','1975-11-7 08:00:00','274.02','admin','admin','CGO');
insert into orders ("time","price","volume","type","trader","stock","cat") values('2014-11-7 08:00:00','274.02','1485722','limit','C000000429','CGO','sell');
insert into stocks values('NDLS','C000001798');
insert into transaction ("volume","time","price","seller","buyer","stock") values('0','1975-11-7 08:00:00','106.4','admin','admin','NDLS');
insert into orders ("time","price","volume","type","trader","stock","cat") values('2014-11-7 08:00:00','106.4','1063929','limit','C000001798','NDLS','sell');
insert into stocks values('DSKY','C000001300');
insert into transaction ("volume","time","price","seller","buyer","stock") values('0','1975-11-7 08:00:00','72.16','admin','admin','DSKY');
insert into orders ("time","price","volume","type","trader","stock","cat") values('2014-11-7 08:00:00','72.16','1998086','limit','C000001300','DSKY','sell');
insert into stocks values('PFLT','C000001960');
insert into transaction ("volume","time","price","seller","buyer","stock") values('0','1975-11-7 08:00:00','419.51','admin','admin','PFLT');
insert into orders ("time","price","volume","type","trader","stock","cat") values('2014-11-7 08:00:00','419.51','1615037','limit','C000001960','PFLT','sell');
insert into stocks values('AGYS','C000000078');
insert into transaction ("volume","time","price","seller","buyer","stock") values('0','1975-11-7 08:00:00','370.07','admin','admin','AGYS');
insert into orders ("time","price","volume","type","trader","stock","cat") values('2014-11-7 08:00:00','370.07','1184245','limit','C000000078','AGYS','sell');
insert into stocks values('TAST','C000000473');
insert into transaction ("volume","time","price","seller","buyer","stock") values('0','1975-11-7 08:00:00','463.78','admin','admin','TAST');
insert into orders ("time","price","volume","type","trader","stock","cat") values('2014-11-7 08:00:00','463.78','1617838','limit','C000000473','TAST','sell');
insert into stocks values('SQI','C000002238');
insert into transaction ("volume","time","price","seller","buyer","stock") values('0','1975-11-7 08:00:00','450.86','admin','admin','SQI');
insert into orders ("time","price","volume","type","trader","stock","cat") values('2014-11-7 08:00:00','450.86','1693800','limit','C000002238','SQI','sell');
insert into stocks values('NATR','C000001753');
insert into transaction ("volume","time","price","seller","buyer","stock") values('0','1975-11-7 08:00:00','114.64','admin','admin','NATR');
insert into orders ("time","price","volume","type","trader","stock","cat") values('2014-11-7 08:00:00','114.64','1582498','limit','C000001753','NATR','sell');
insert into stocks values('WVFC','C000002822');
insert into transaction ("volume","time","price","seller","buyer","stock") values('0','1975-11-7 08:00:00','439.62','admin','admin','WVFC');
insert into orders ("time","price","volume","type","trader","stock","cat") values('2014-11-7 08:00:00','439.62','1245817','limit','C000002822','WVFC','sell');
insert into stocks values('SGMS','C000002237');
insert into transaction ("volume","time","price","seller","buyer","stock") values('0','1975-11-7 08:00:00','237.38','admin','admin','SGMS');
insert into orders ("time","price","volume","type","trader","stock","cat") values('2014-11-7 08:00:00','237.38','1507357','limit','C000002237','SGMS','sell');
insert into stocks values('BPFH','C000000386');
insert into transaction ("volume","time","price","seller","buyer","stock") values('0','1975-11-7 08:00:00','209.99','admin','admin','BPFH');
insert into orders ("time","price","volume","type","trader","stock","cat") values('2014-11-7 08:00:00','209.99','1215197','limit','C000000386','BPFH','sell');
insert into stocks values('HFBC','C000001264');
insert into transaction ("volume","time","price","seller","buyer","stock") values('0','1975-11-7 08:00:00','171.23','admin','admin','HFBC');
insert into orders ("time","price","volume","type","trader","stock","cat") values('2014-11-7 08:00:00','171.23','1293304','limit','C000001264','HFBC','sell');
insert into stocks values('SQBG','C000002261');
insert into transaction ("volume","time","price","seller","buyer","stock") values('0','1975-11-7 08:00:00','376.33','admin','admin','SQBG');
insert into orders ("time","price","volume","type","trader","stock","cat") values('2014-11-7 08:00:00','376.33','1782681','limit','C000002261','SQBG','sell');
insert into stocks values('EBMT','C000000803');
insert into transaction ("volume","time","price","seller","buyer","stock") values('0','1975-11-7 08:00:00','395.9','admin','admin','EBMT');
insert into orders ("time","price","volume","type","trader","stock","cat") values('2014-11-7 08:00:00','395.9','1892505','limit','C000000803','EBMT','sell');
insert into stocks values('SBFGP','C000002230');
insert into transaction ("volume","time","price","seller","buyer","stock") values('0','1975-11-7 08:00:00','76.52','admin','admin','SBFGP');
insert into orders ("time","price","volume","type","trader","stock","cat") values('2014-11-7 08:00:00','76.52','1458598','limit','C000002230','SBFGP','sell');
insert into stocks values('PCYG','C000001930');
insert into transaction ("volume","time","price","seller","buyer","stock") values('0','1975-11-7 08:00:00','153.76','admin','admin','PCYG');
insert into orders ("time","price","volume","type","trader","stock","cat") values('2014-11-7 08:00:00','153.76','1427182','limit','C000001930','PCYG','sell');
insert into stocks values('TACO','C000000745');
insert into transaction ("volume","time","price","seller","buyer","stock") values('0','1975-11-7 08:00:00','444.0','admin','admin','TACO');
insert into orders ("time","price","volume","type","trader","stock","cat") values('2014-11-7 08:00:00','444.0','1132362','limit','C000000745','TACO','sell');
insert into stocks values('LBAI','C000001497');
insert into transaction ("volume","time","price","seller","buyer","stock") values('0','1975-11-7 08:00:00','126.64','admin','admin','LBAI');
insert into orders ("time","price","volume","type","trader","stock","cat") values('2014-11-7 08:00:00','126.64','1086943','limit','C000001497','LBAI','sell');
insert into stocks values('DRNA','C000000765');
insert into transaction ("volume","time","price","seller","buyer","stock") values('0','1975-11-7 08:00:00','434.65','admin','admin','DRNA');
insert into orders ("time","price","volume","type","trader","stock","cat") values('2014-11-7 08:00:00','434.65','1864867','limit','C000000765','DRNA','sell');
insert into stocks values('PMCS','C000002002');
insert into transaction ("volume","time","price","seller","buyer","stock") values('0','1975-11-7 08:00:00','163.54','admin','admin','PMCS');
insert into orders ("time","price","volume","type","trader","stock","cat") values('2014-11-7 08:00:00','163.54','1003789','limit','C000002002','PMCS','sell');
insert into stocks values('NBBC','C000001782');
insert into transaction ("volume","time","price","seller","buyer","stock") values('0','1975-11-7 08:00:00','440.57','admin','admin','NBBC');
insert into orders ("time","price","volume","type","trader","stock","cat") values('2014-11-7 08:00:00','440.57','1288783','limit','C000001782','NBBC','sell');
insert into stocks values('WLDN','C000002783');
insert into transaction ("volume","time","price","seller","buyer","stock") values('0','1975-11-7 08:00:00','313.46','admin','admin','WLDN');
insert into orders ("time","price","volume","type","trader","stock","cat") values('2014-11-7 08:00:00','313.46','1856503','limit','C000002783','WLDN','sell');
insert into stocks values('ZGNX','C000002859');
insert into transaction ("volume","time","price","seller","buyer","stock") values('0','1975-11-7 08:00:00','234.67','admin','admin','ZGNX');
insert into orders ("time","price","volume","type","trader","stock","cat") values('2014-11-7 08:00:00','234.67','1504946','limit','C000002859','ZGNX','sell');
insert into stocks values('CATYW','C000000486');
insert into transaction ("volume","time","price","seller","buyer","stock") values('0','1975-11-7 08:00:00','104.04','admin','admin','CATYW');
insert into orders ("time","price","volume","type","trader","stock","cat") values('2014-11-7 08:00:00','104.04','1600589','limit','C000000486','CATYW','sell');
insert into stocks values('ABDC','C000000095');
insert into transaction ("volume","time","price","seller","buyer","stock") values('0','1975-11-7 08:00:00','149.95','admin','admin','ABDC');
insert into orders ("time","price","volume","type","trader","stock","cat") values('2014-11-7 08:00:00','149.95','1427569','limit','C000000095','ABDC','sell');
insert into stocks values('WHF','C000002778');
insert into transaction ("volume","time","price","seller","buyer","stock") values('0','1975-11-7 08:00:00','328.73','admin','admin','WHF');
insert into orders ("time","price","volume","type","trader","stock","cat") values('2014-11-7 08:00:00','328.73','1912236','limit','C000002778','WHF','sell');
insert into stocks values('OXLC','C000001905');
insert into transaction ("volume","time","price","seller","buyer","stock") values('0','1975-11-7 08:00:00','448.01','admin','admin','OXLC');
insert into orders ("time","price","volume","type","trader","stock","cat") values('2014-11-7 08:00:00','448.01','1717462','limit','C000001905','OXLC','sell');
insert into stocks values('CWCO','C000000656');
insert into transaction ("volume","time","price","seller","buyer","stock") values('0','1975-11-7 08:00:00','79.03','admin','admin','CWCO');
insert into orders ("time","price","volume","type","trader","stock","cat") values('2014-11-7 08:00:00','79.03','1976452','limit','C000000656','CWCO','sell');
insert into stocks values('JNP','C000001451');
insert into transaction ("volume","time","price","seller","buyer","stock") values('0','1975-11-7 08:00:00','388.2','admin','admin','JNP');
insert into orders ("time","price","volume","type","trader","stock","cat") values('2014-11-7 08:00:00','388.2','1638174','limit','C000001451','JNP','sell');
insert into stocks values('FLEX','C000001053');
insert into transaction ("volume","time","price","seller","buyer","stock") values('0','1975-11-7 08:00:00','207.34','admin','admin','FLEX');
insert into orders ("time","price","volume","type","trader","stock","cat") values('2014-11-7 08:00:00','207.34','1816666','limit','C000001053','FLEX','sell');
insert into stocks values('HMNF','C000001250');
insert into transaction ("volume","time","price","seller","buyer","stock") values('0','1975-11-7 08:00:00','256.54','admin','admin','HMNF');
insert into orders ("time","price","volume","type","trader","stock","cat") values('2014-11-7 08:00:00','256.54','1747070','limit','C000001250','HMNF','sell');
insert into stocks values('MSBF','C000001718');
insert into transaction ("volume","time","price","seller","buyer","stock") values('0','1975-11-7 08:00:00','119.54','admin','admin','MSBF');
insert into orders ("time","price","volume","type","trader","stock","cat") values('2014-11-7 08:00:00','119.54','1089424','limit','C000001718','MSBF','sell');
insert into stocks values('LWAY','C000001533');
insert into transaction ("volume","time","price","seller","buyer","stock") values('0','1975-11-7 08:00:00','163.98','admin','admin','LWAY');
insert into orders ("time","price","volume","type","trader","stock","cat") values('2014-11-7 08:00:00','163.98','1268994','limit','C000001533','LWAY','sell');
insert into stocks values('HCAP','C000001212');
insert into transaction ("volume","time","price","seller","buyer","stock") values('0','1975-11-7 08:00:00','207.57','admin','admin','HCAP');
insert into orders ("time","price","volume","type","trader","stock","cat") values('2014-11-7 08:00:00','207.57','1338432','limit','C000001212','HCAP','sell');
insert into stocks values('BRKL','C000000403');
insert into transaction ("volume","time","price","seller","buyer","stock") values('0','1975-11-7 08:00:00','177.59','admin','admin','BRKL');
insert into orders ("time","price","volume","type","trader","stock","cat") values('2014-11-7 08:00:00','177.59','1448075','limit','C000000403','BRKL','sell');
insert into stocks values('CHY','C000000424');
insert into transaction ("volume","time","price","seller","buyer","stock") values('0','1975-11-7 08:00:00','103.96','admin','admin','CHY');
insert into orders ("time","price","volume","type","trader","stock","cat") values('2014-11-7 08:00:00','103.96','1014118','limit','C000000424','CHY','sell');
insert into stocks values('BBRG','C000000391');
insert into transaction ("volume","time","price","seller","buyer","stock") values('0','1975-11-7 08:00:00','391.49','admin','admin','BBRG');
insert into orders ("time","price","volume","type","trader","stock","cat") values('2014-11-7 08:00:00','391.49','1151428','limit','C000000391','BBRG','sell');
insert into stocks values('PBPB','C000002014');
insert into transaction ("volume","time","price","seller","buyer","stock") values('0','1975-11-7 08:00:00','46.2','admin','admin','PBPB');
insert into orders ("time","price","volume","type","trader","stock","cat") values('2014-11-7 08:00:00','46.2','1330037','limit','C000002014','PBPB','sell');
insert into stocks values('GIFI','C000001188');
insert into transaction ("volume","time","price","seller","buyer","stock") values('0','1975-11-7 08:00:00','79.5','admin','admin','GIFI');
insert into orders ("time","price","volume","type","trader","stock","cat") values('2014-11-7 08:00:00','79.5','1634568','limit','C000001188','GIFI','sell');
insert into stocks values('HCCI','C000001239');
insert into transaction ("volume","time","price","seller","buyer","stock") values('0','1975-11-7 08:00:00','327.49','admin','admin','HCCI');
insert into orders ("time","price","volume","type","trader","stock","cat") values('2014-11-7 08:00:00','327.49','1532578','limit','C000001239','HCCI','sell');
insert into stocks values('ZFGN','C000002848');
insert into transaction ("volume","time","price","seller","buyer","stock") values('0','1975-11-7 08:00:00','184.98','admin','admin','ZFGN');
insert into orders ("time","price","volume","type","trader","stock","cat") values('2014-11-7 08:00:00','184.98','1750008','limit','C000002848','ZFGN','sell');
insert into stocks values('CALL','C000001585');
insert into transaction ("volume","time","price","seller","buyer","stock") values('0','1975-11-7 08:00:00','452.98','admin','admin','CALL');
insert into orders ("time","price","volume","type","trader","stock","cat") values('2014-11-7 08:00:00','452.98','1705225','limit','C000001585','CALL','sell');
insert into stocks values('LGCYP','C000001517');
insert into transaction ("volume","time","price","seller","buyer","stock") values('0','1975-11-7 08:00:00','87.25','admin','admin','LGCYP');
insert into orders ("time","price","volume","type","trader","stock","cat") values('2014-11-7 08:00:00','87.25','1607112','limit','C000001517','LGCYP','sell');
insert into stocks values('KTEC','C000001469');
insert into transaction ("volume","time","price","seller","buyer","stock") values('0','1975-11-7 08:00:00','87.51','admin','admin','KTEC');
insert into orders ("time","price","volume","type","trader","stock","cat") values('2014-11-7 08:00:00','87.51','1661124','limit','C000001469','KTEC','sell');
insert into stocks values('BRKS','C000000404');
insert into transaction ("volume","time","price","seller","buyer","stock") values('0','1975-11-7 08:00:00','340.2','admin','admin','BRKS');
insert into orders ("time","price","volume","type","trader","stock","cat") values('2014-11-7 08:00:00','340.2','1329405','limit','C000000404','BRKS','sell');
insert into stocks values('RDCM','C000002114');
insert into transaction ("volume","time","price","seller","buyer","stock") values('0','1975-11-7 08:00:00','228.78','admin','admin','RDCM');
insert into orders ("time","price","volume","type","trader","stock","cat") values('2014-11-7 08:00:00','228.78','1124049','limit','C000002114','RDCM','sell');
insert into stocks values('LGCYO','C000001517');
insert into transaction ("volume","time","price","seller","buyer","stock") values('0','1975-11-7 08:00:00','58.97','admin','admin','LGCYO');
insert into orders ("time","price","volume","type","trader","stock","cat") values('2014-11-7 08:00:00','58.97','1442742','limit','C000001517','LGCYO','sell');
insert into stocks values('SMMF','C000002407');
insert into transaction ("volume","time","price","seller","buyer","stock") values('0','1975-11-7 08:00:00','449.74','admin','admin','SMMF');
insert into orders ("time","price","volume","type","trader","stock","cat") values('2014-11-7 08:00:00','449.74','1434425','limit','C000002407','SMMF','sell');
insert into stocks values('LYTS','C000001569');
insert into transaction ("volume","time","price","seller","buyer","stock") values('0','1975-11-7 08:00:00','224.07','admin','admin','LYTS');
insert into orders ("time","price","volume","type","trader","stock","cat") values('2014-11-7 08:00:00','224.07','1757487','limit','C000001569','LYTS','sell');
insert into stocks values('SONA','C000002344');
insert into transaction ("volume","time","price","seller","buyer","stock") values('0','1975-11-7 08:00:00','485.75','admin','admin','SONA');
insert into orders ("time","price","volume","type","trader","stock","cat") values('2014-11-7 08:00:00','485.75','1139833','limit','C000002344','SONA','sell');
insert into stocks values('CTRE','C000000467');
insert into transaction ("volume","time","price","seller","buyer","stock") values('0','1975-11-7 08:00:00','30.31','admin','admin','CTRE');
insert into orders ("time","price","volume","type","trader","stock","cat") values('2014-11-7 08:00:00','30.31','1447666','limit','C000000467','CTRE','sell');
insert into stocks values('TKAI','C000002544');
insert into transaction ("volume","time","price","seller","buyer","stock") values('0','1975-11-7 08:00:00','361.66','admin','admin','TKAI');
insert into orders ("time","price","volume","type","trader","stock","cat") values('2014-11-7 08:00:00','361.66','1011089','limit','C000002544','TKAI','sell');
insert into stocks values('TCRD','C000002531');
insert into transaction ("volume","time","price","seller","buyer","stock") values('0','1975-11-7 08:00:00','154.52','admin','admin','TCRD');
insert into orders ("time","price","volume","type","trader","stock","cat") values('2014-11-7 08:00:00','154.52','1689573','limit','C000002531','TCRD','sell');
insert into stocks values('SPNS','C000002228');
insert into transaction ("volume","time","price","seller","buyer","stock") values('0','1975-11-7 08:00:00','438.55','admin','admin','SPNS');
insert into orders ("time","price","volume","type","trader","stock","cat") values('2014-11-7 08:00:00','438.55','1204473','limit','C000002228','SPNS','sell');
insert into stocks values('SBFG','C000002230');
insert into transaction ("volume","time","price","seller","buyer","stock") values('0','1975-11-7 08:00:00','406.23','admin','admin','SBFG');
insert into orders ("time","price","volume","type","trader","stock","cat") values('2014-11-7 08:00:00','406.23','1923857','limit','C000002230','SBFG','sell');
insert into stocks values('LOCO','C000000829');
insert into transaction ("volume","time","price","seller","buyer","stock") values('0','1975-11-7 08:00:00','28.32','admin','admin','LOCO');
insert into orders ("time","price","volume","type","trader","stock","cat") values('2014-11-7 08:00:00','28.32','1839894','limit','C000000829','LOCO','sell');
insert into stocks values('ITEK','C000001337');
insert into transaction ("volume","time","price","seller","buyer","stock") values('0','1975-11-7 08:00:00','43.63','admin','admin','ITEK');
insert into orders ("time","price","volume","type","trader","stock","cat") values('2014-11-7 08:00:00','43.63','1851391','limit','C000001337','ITEK','sell');
insert into stocks values('BSQR','C000000408');
insert into transaction ("volume","time","price","seller","buyer","stock") values('0','1975-11-7 08:00:00','429.57','admin','admin','BSQR');
insert into orders ("time","price","volume","type","trader","stock","cat") values('2014-11-7 08:00:00','429.57','1406396','limit','C000000408','BSQR','sell');
insert into stocks values('TWIN','C000002589');
insert into transaction ("volume","time","price","seller","buyer","stock") values('0','1975-11-7 08:00:00','169.01','admin','admin','TWIN');
insert into orders ("time","price","volume","type","trader","stock","cat") values('2014-11-7 08:00:00','169.01','1002014','limit','C000002589','TWIN','sell');
insert into stocks values('HBAN','C000001279');
insert into transaction ("volume","time","price","seller","buyer","stock") values('0','1975-11-7 08:00:00','424.84','admin','admin','HBAN');
insert into orders ("time","price","volume","type","trader","stock","cat") values('2014-11-7 08:00:00','424.84','1236700','limit','C000001279','HBAN','sell');
insert into stocks values('ON','C000001865');
insert into transaction ("volume","time","price","seller","buyer","stock") values('0','1975-11-7 08:00:00','45.35','admin','admin','ON');
insert into orders ("time","price","volume","type","trader","stock","cat") values('2014-11-7 08:00:00','45.35','1815040','limit','C000001865','ON','sell');
insert into stocks values('WIBC','C000002785');
insert into transaction ("volume","time","price","seller","buyer","stock") values('0','1975-11-7 08:00:00','465.53','admin','admin','WIBC');
insert into orders ("time","price","volume","type","trader","stock","cat") values('2014-11-7 08:00:00','465.53','1138905','limit','C000002785','WIBC','sell');
insert into stocks values('USAP','C000002633');
insert into transaction ("volume","time","price","seller","buyer","stock") values('0','1975-11-7 08:00:00','389.65','admin','admin','USAP');
insert into orders ("time","price","volume","type","trader","stock","cat") values('2014-11-7 08:00:00','389.65','1860777','limit','C000002633','USAP','sell');
insert into stocks values('YLCO','C000001145');
insert into transaction ("volume","time","price","seller","buyer","stock") values('0','1975-11-7 08:00:00','292.21','admin','admin','YLCO');
insert into orders ("time","price","volume","type","trader","stock","cat") values('2014-11-7 08:00:00','292.21','1112999','limit','C000001145','YLCO','sell');
insert into stocks values('BOTJ','C000000301');
insert into transaction ("volume","time","price","seller","buyer","stock") values('0','1975-11-7 08:00:00','91.2','admin','admin','BOTJ');
insert into orders ("time","price","volume","type","trader","stock","cat") values('2014-11-7 08:00:00','91.2','1737597','limit','C000000301','BOTJ','sell');
insert into stocks values('BBEPP','C000000392');
insert into transaction ("volume","time","price","seller","buyer","stock") values('0','1975-11-7 08:00:00','332.34','admin','admin','BBEPP');
insert into orders ("time","price","volume","type","trader","stock","cat") values('2014-11-7 08:00:00','332.34','1653756','limit','C000000392','BBEPP','sell');
insert into stocks values('RMTI','C000002191');
insert into transaction ("volume","time","price","seller","buyer","stock") values('0','1975-11-7 08:00:00','429.98','admin','admin','RMTI');
insert into orders ("time","price","volume","type","trader","stock","cat") values('2014-11-7 08:00:00','429.98','1842027','limit','C000002191','RMTI','sell');
insert into stocks values('CWAY','C000000601');
insert into transaction ("volume","time","price","seller","buyer","stock") values('0','1975-11-7 08:00:00','162.21','admin','admin','CWAY');
insert into orders ("time","price","volume","type","trader","stock","cat") values('2014-11-7 08:00:00','162.21','1623457','limit','C000000601','CWAY','sell');
insert into stocks values('CVCY','C000000510');
insert into transaction ("volume","time","price","seller","buyer","stock") values('0','1975-11-7 08:00:00','278.33','admin','admin','CVCY');
insert into orders ("time","price","volume","type","trader","stock","cat") values('2014-11-7 08:00:00','278.33','1037092','limit','C000000510','CVCY','sell');
insert into stocks values('UBIO','C000002068');
insert into transaction ("volume","time","price","seller","buyer","stock") values('0','1975-11-7 08:00:00','485.69','admin','admin','UBIO');
insert into orders ("time","price","volume","type","trader","stock","cat") values('2014-11-7 08:00:00','485.69','1301453','limit','C000002068','UBIO','sell');
insert into stocks values('HYGS','C000001285');
insert into transaction ("volume","time","price","seller","buyer","stock") values('0','1975-11-7 08:00:00','46.58','admin','admin','HYGS');
insert into orders ("time","price","volume","type","trader","stock","cat") values('2014-11-7 08:00:00','46.58','1562738','limit','C000001285','HYGS','sell');
insert into stocks values('EGHT','C000000016');
insert into transaction ("volume","time","price","seller","buyer","stock") values('0','1975-11-7 08:00:00','400.31','admin','admin','EGHT');
insert into orders ("time","price","volume","type","trader","stock","cat") values('2014-11-7 08:00:00','400.31','1471090','limit','C000000016','EGHT','sell');
insert into stocks values('IRWD','C000001393');
insert into transaction ("volume","time","price","seller","buyer","stock") values('0','1975-11-7 08:00:00','274.2','admin','admin','IRWD');
insert into orders ("time","price","volume","type","trader","stock","cat") values('2014-11-7 08:00:00','274.2','1883046','limit','C000001393','IRWD','sell');
insert into stocks values('PMD','C000002082');
insert into transaction ("volume","time","price","seller","buyer","stock") values('0','1975-11-7 08:00:00','272.6','admin','admin','PMD');
insert into orders ("time","price","volume","type","trader","stock","cat") values('2014-11-7 08:00:00','272.6','1642431','limit','C000002082','PMD','sell');
insert into stocks values('FEIM','C000001078');
insert into transaction ("volume","time","price","seller","buyer","stock") values('0','1975-11-7 08:00:00','23.33','admin','admin','FEIM');
insert into orders ("time","price","volume","type","trader","stock","cat") values('2014-11-7 08:00:00','23.33','1773712','limit','C000001078','FEIM','sell');
insert into stocks values('AMRB','C000000152');
insert into transaction ("volume","time","price","seller","buyer","stock") values('0','1975-11-7 08:00:00','106.54','admin','admin','AMRB');
insert into orders ("time","price","volume","type","trader","stock","cat") values('2014-11-7 08:00:00','106.54','1681913','limit','C000000152','AMRB','sell');
insert into stocks values('TTPH','C000002485');
insert into transaction ("volume","time","price","seller","buyer","stock") values('0','1975-11-7 08:00:00','446.24','admin','admin','TTPH');
insert into orders ("time","price","volume","type","trader","stock","cat") values('2014-11-7 08:00:00','446.24','1296618','limit','C000002485','TTPH','sell');
insert into stocks values('FRSH','C000001926');
insert into transaction ("volume","time","price","seller","buyer","stock") values('0','1975-11-7 08:00:00','432.42','admin','admin','FRSH');
insert into orders ("time","price","volume","type","trader","stock","cat") values('2014-11-7 08:00:00','432.42','1355105','limit','C000001926','FRSH','sell');
insert into stocks values('PBHC','C000001937');
insert into transaction ("volume","time","price","seller","buyer","stock") values('0','1975-11-7 08:00:00','193.51','admin','admin','PBHC');
insert into orders ("time","price","volume","type","trader","stock","cat") values('2014-11-7 08:00:00','193.51','1828187','limit','C000001937','PBHC','sell');
insert into stocks values('RDHL','C000002144');
insert into transaction ("volume","time","price","seller","buyer","stock") values('0','1975-11-7 08:00:00','359.61','admin','admin','RDHL');
insert into orders ("time","price","volume","type","trader","stock","cat") values('2014-11-7 08:00:00','359.61','1530948','limit','C000002144','RDHL','sell');
insert into stocks values('EDUC','C000000824');
insert into transaction ("volume","time","price","seller","buyer","stock") values('0','1975-11-7 08:00:00','34.52','admin','admin','EDUC');
insert into orders ("time","price","volume","type","trader","stock","cat") values('2014-11-7 08:00:00','34.52','1428217','limit','C000000824','EDUC','sell');
insert into stocks values('FLKS','C000001046');
insert into transaction ("volume","time","price","seller","buyer","stock") values('0','1975-11-7 08:00:00','242.2','admin','admin','FLKS');
insert into orders ("time","price","volume","type","trader","stock","cat") values('2014-11-7 08:00:00','242.2','1793824','limit','C000001046','FLKS','sell');
insert into stocks values('RMCF','C000002193');
insert into transaction ("volume","time","price","seller","buyer","stock") values('0','1975-11-7 08:00:00','175.63','admin','admin','RMCF');
insert into orders ("time","price","volume","type","trader","stock","cat") values('2014-11-7 08:00:00','175.63','1622292','limit','C000002193','RMCF','sell');
insert into stocks values('NBN','C000001802');
insert into transaction ("volume","time","price","seller","buyer","stock") values('0','1975-11-7 08:00:00','206.08','admin','admin','NBN');
insert into orders ("time","price","volume","type","trader","stock","cat") values('2014-11-7 08:00:00','206.08','1620687','limit','C000001802','NBN','sell');
insert into stocks values('RXDX','C000001303');
insert into transaction ("volume","time","price","seller","buyer","stock") values('0','1975-11-7 08:00:00','239.67','admin','admin','RXDX');
insert into orders ("time","price","volume","type","trader","stock","cat") values('2014-11-7 08:00:00','239.67','1697531','limit','C000001303','RXDX','sell');
insert into stocks values('AVXL','C000000174');
insert into transaction ("volume","time","price","seller","buyer","stock") values('0','1975-11-7 08:00:00','42.5','admin','admin','AVXL');
insert into orders ("time","price","volume","type","trader","stock","cat") values('2014-11-7 08:00:00','42.5','1850277','limit','C000000174','AVXL','sell');
insert into stocks values('SALE','C000002170');
insert into transaction ("volume","time","price","seller","buyer","stock") values('0','1975-11-7 08:00:00','224.17','admin','admin','SALE');
insert into orders ("time","price","volume","type","trader","stock","cat") values('2014-11-7 08:00:00','224.17','1256743','limit','C000002170','SALE','sell');
insert into stocks values('MERC','C000001651');
insert into transaction ("volume","time","price","seller","buyer","stock") values('0','1975-11-7 08:00:00','448.58','admin','admin','MERC');
insert into orders ("time","price","volume","type","trader","stock","cat") values('2014-11-7 08:00:00','448.58','1926046','limit','C000001651','MERC','sell');
insert into stocks values('TTOO','C000002450');
insert into transaction ("volume","time","price","seller","buyer","stock") values('0','1975-11-7 08:00:00','367.41','admin','admin','TTOO');
insert into orders ("time","price","volume","type","trader","stock","cat") values('2014-11-7 08:00:00','367.41','1604640','limit','C000002450','TTOO','sell');
insert into stocks values('CIVB','C000000586');
insert into transaction ("volume","time","price","seller","buyer","stock") values('0','1975-11-7 08:00:00','246.42','admin','admin','CIVB');
insert into orders ("time","price","volume","type","trader","stock","cat") values('2014-11-7 08:00:00','246.42','1412469','limit','C000000586','CIVB','sell');
insert into stocks values('VSAR','C000002696');
insert into transaction ("volume","time","price","seller","buyer","stock") values('0','1975-11-7 08:00:00','341.57','admin','admin','VSAR');
insert into orders ("time","price","volume","type","trader","stock","cat") values('2014-11-7 08:00:00','341.57','1096991','limit','C000002696','VSAR','sell');
insert into stocks values('SEMI','C000002412');
insert into transaction ("volume","time","price","seller","buyer","stock") values('0','1975-11-7 08:00:00','43.33','admin','admin','SEMI');
insert into orders ("time","price","volume","type","trader","stock","cat") values('2014-11-7 08:00:00','43.33','1927349','limit','C000002412','SEMI','sell');
insert into stocks values('NVSL','C000001755');
insert into transaction ("volume","time","price","seller","buyer","stock") values('0','1975-11-7 08:00:00','250.79','admin','admin','NVSL');
insert into orders ("time","price","volume","type","trader","stock","cat") values('2014-11-7 08:00:00','250.79','1128730','limit','C000001755','NVSL','sell');
insert into stocks values('HTBK','C000001236');
insert into transaction ("volume","time","price","seller","buyer","stock") values('0','1975-11-7 08:00:00','240.35','admin','admin','HTBK');
insert into orders ("time","price","volume","type","trader","stock","cat") values('2014-11-7 08:00:00','240.35','1907268','limit','C000001236','HTBK','sell');
insert into stocks values('EEI','C000000818');
insert into transaction ("volume","time","price","seller","buyer","stock") values('0','1975-11-7 08:00:00','187.6','admin','admin','EEI');
insert into orders ("time","price","volume","type","trader","stock","cat") values('2014-11-7 08:00:00','187.6','1416809','limit','C000000818','EEI','sell');
insert into stocks values('CFGE','C000000427');
insert into transaction ("volume","time","price","seller","buyer","stock") values('0','1975-11-7 08:00:00','293.38','admin','admin','CFGE');
insert into orders ("time","price","volume","type","trader","stock","cat") values('2014-11-7 08:00:00','293.38','1434778','limit','C000000427','CFGE','sell');
insert into stocks values('BRCD','C000000402');
insert into transaction ("volume","time","price","seller","buyer","stock") values('0','1975-11-7 08:00:00','142.18','admin','admin','BRCD');
insert into orders ("time","price","volume","type","trader","stock","cat") values('2014-11-7 08:00:00','142.18','1726369','limit','C000000402','BRCD','sell');
insert into stocks values('NVMI','C000001814');
insert into transaction ("volume","time","price","seller","buyer","stock") values('0','1975-11-7 08:00:00','412.83','admin','admin','NVMI');
insert into orders ("time","price","volume","type","trader","stock","cat") values('2014-11-7 08:00:00','412.83','1779281','limit','C000001814','NVMI','sell');
insert into stocks values('BLBD','C000000368');
insert into transaction ("volume","time","price","seller","buyer","stock") values('0','1975-11-7 08:00:00','103.59','admin','admin','BLBD');
insert into orders ("time","price","volume","type","trader","stock","cat") values('2014-11-7 08:00:00','103.59','1314780','limit','C000000368','BLBD','sell');
insert into stocks values('GLDI','C000000686');
insert into transaction ("volume","time","price","seller","buyer","stock") values('0','1975-11-7 08:00:00','208.19','admin','admin','GLDI');
insert into orders ("time","price","volume","type","trader","stock","cat") values('2014-11-7 08:00:00','208.19','1039402','limit','C000000686','GLDI','sell');
insert into stocks values('XONE','C000002502');
insert into transaction ("volume","time","price","seller","buyer","stock") values('0','1975-11-7 08:00:00','340.1','admin','admin','XONE');
insert into orders ("time","price","volume","type","trader","stock","cat") values('2014-11-7 08:00:00','340.1','1368099','limit','C000002502','XONE','sell');
insert into stocks values('TRVN','C000002564');
insert into transaction ("volume","time","price","seller","buyer","stock") values('0','1975-11-7 08:00:00','86.16','admin','admin','TRVN');
insert into orders ("time","price","volume","type","trader","stock","cat") values('2014-11-7 08:00:00','86.16','1177978','limit','C000002564','TRVN','sell');
insert into stocks values('OFS','C000001850');
insert into transaction ("volume","time","price","seller","buyer","stock") values('0','1975-11-7 08:00:00','266.89','admin','admin','OFS');
insert into orders ("time","price","volume","type","trader","stock","cat") values('2014-11-7 08:00:00','266.89','1243473','limit','C000001850','OFS','sell');
insert into stocks values('RMBS','C000002120');
insert into transaction ("volume","time","price","seller","buyer","stock") values('0','1975-11-7 08:00:00','188.5','admin','admin','RMBS');
insert into orders ("time","price","volume","type","trader","stock","cat") values('2014-11-7 08:00:00','188.5','1648333','limit','C000002120','RMBS','sell');
insert into stocks values('LPCN','C000001549');
insert into transaction ("volume","time","price","seller","buyer","stock") values('0','1975-11-7 08:00:00','403.61','admin','admin','LPCN');
insert into orders ("time","price","volume","type","trader","stock","cat") values('2014-11-7 08:00:00','403.61','1437642','limit','C000001549','LPCN','sell');
insert into stocks values('HRZN','C000001267');
insert into transaction ("volume","time","price","seller","buyer","stock") values('0','1975-11-7 08:00:00','228.61','admin','admin','HRZN');
insert into orders ("time","price","volume","type","trader","stock","cat") values('2014-11-7 08:00:00','228.61','1649873','limit','C000001267','HRZN','sell');
insert into stocks values('KLIC','C000001490');
insert into transaction ("volume","time","price","seller","buyer","stock") values('0','1975-11-7 08:00:00','11.26','admin','admin','KLIC');
insert into orders ("time","price","volume","type","trader","stock","cat") values('2014-11-7 08:00:00','11.26','1625478','limit','C000001490','KLIC','sell');
insert into stocks values('FNFG','C000000979');
insert into transaction ("volume","time","price","seller","buyer","stock") values('0','1975-11-7 08:00:00','485.3','admin','admin','FNFG');
insert into orders ("time","price","volume","type","trader","stock","cat") values('2014-11-7 08:00:00','485.3','1067635','limit','C000000979','FNFG','sell');
insert into stocks values('OCUL','C000001846');
insert into transaction ("volume","time","price","seller","buyer","stock") values('0','1975-11-7 08:00:00','74.68','admin','admin','OCUL');
insert into orders ("time","price","volume","type","trader","stock","cat") values('2014-11-7 08:00:00','74.68','1323392','limit','C000001846','OCUL','sell');
insert into stocks values('INNL','C000001331');
insert into transaction ("volume","time","price","seller","buyer","stock") values('0','1975-11-7 08:00:00','320.77','admin','admin','INNL');
insert into orders ("time","price","volume","type","trader","stock","cat") values('2014-11-7 08:00:00','320.77','1563266','limit','C000001331','INNL','sell');
insert into stocks values('ELRC','C000000833');
insert into transaction ("volume","time","price","seller","buyer","stock") values('0','1975-11-7 08:00:00','269.83','admin','admin','ELRC');
insert into orders ("time","price","volume","type","trader","stock","cat") values('2014-11-7 08:00:00','269.83','1652160','limit','C000000833','ELRC','sell');
insert into stocks values('UNTD','C000002623');
insert into transaction ("volume","time","price","seller","buyer","stock") values('0','1975-11-7 08:00:00','237.83','admin','admin','UNTD');
insert into orders ("time","price","volume","type","trader","stock","cat") values('2014-11-7 08:00:00','237.83','1452352','limit','C000002623','UNTD','sell');
insert into stocks values('CECE','C000000494');
insert into transaction ("volume","time","price","seller","buyer","stock") values('0','1975-11-7 08:00:00','72.34','admin','admin','CECE');
insert into orders ("time","price","volume","type","trader","stock","cat") values('2014-11-7 08:00:00','72.34','1348503','limit','C000000494','CECE','sell');
insert into stocks values('IGLD','C000001365');
insert into transaction ("volume","time","price","seller","buyer","stock") values('0','1975-11-7 08:00:00','395.5','admin','admin','IGLD');
insert into orders ("time","price","volume","type","trader","stock","cat") values('2014-11-7 08:00:00','395.5','1919095','limit','C000001365','IGLD','sell');
insert into stocks values('KNDI','C000001457');
insert into transaction ("volume","time","price","seller","buyer","stock") values('0','1975-11-7 08:00:00','255.99','admin','admin','KNDI');
insert into orders ("time","price","volume","type","trader","stock","cat") values('2014-11-7 08:00:00','255.99','1114402','limit','C000001457','KNDI','sell');
insert into stocks values('ACSF','C000000143');
insert into transaction ("volume","time","price","seller","buyer","stock") values('0','1975-11-7 08:00:00','256.08','admin','admin','ACSF');
insert into orders ("time","price","volume","type","trader","stock","cat") values('2014-11-7 08:00:00','256.08','1413748','limit','C000000143','ACSF','sell');
insert into stocks values('MFNC','C000001578');
insert into transaction ("volume","time","price","seller","buyer","stock") values('0','1975-11-7 08:00:00','400.53','admin','admin','MFNC');
insert into orders ("time","price","volume","type","trader","stock","cat") values('2014-11-7 08:00:00','400.53','1719960','limit','C000001578','MFNC','sell');
insert into stocks values('CTMX','C000000724');
insert into transaction ("volume","time","price","seller","buyer","stock") values('0','1975-11-7 08:00:00','363.46','admin','admin','CTMX');
insert into orders ("time","price","volume","type","trader","stock","cat") values('2014-11-7 08:00:00','363.46','1703756','limit','C000000724','CTMX','sell');
insert into stocks values('IKNX','C000001306');
insert into transaction ("volume","time","price","seller","buyer","stock") values('0','1975-11-7 08:00:00','422.98','admin','admin','IKNX');
insert into orders ("time","price","volume","type","trader","stock","cat") values('2014-11-7 08:00:00','422.98','1674192','limit','C000001306','IKNX','sell');
insert into stocks values('CHI','C000000425');
insert into transaction ("volume","time","price","seller","buyer","stock") values('0','1975-11-7 08:00:00','377.83','admin','admin','CHI');
insert into orders ("time","price","volume","type","trader","stock","cat") values('2014-11-7 08:00:00','377.83','1658066','limit','C000000425','CHI','sell');
insert into stocks values('GDEF','C000001135');
insert into transaction ("volume","time","price","seller","buyer","stock") values('0','1975-11-7 08:00:00','139.74','admin','admin','GDEF');
insert into orders ("time","price","volume","type","trader","stock","cat") values('2014-11-7 08:00:00','139.74','1178644','limit','C000001135','GDEF','sell');
insert into stocks values('WLRHU','C000002811');
insert into transaction ("volume","time","price","seller","buyer","stock") values('0','1975-11-7 08:00:00','466.22','admin','admin','WLRHU');
insert into orders ("time","price","volume","type","trader","stock","cat") values('2014-11-7 08:00:00','466.22','1571948','limit','C000002811','WLRHU','sell');
insert into stocks values('ZAIS','C000002850');
insert into transaction ("volume","time","price","seller","buyer","stock") values('0','1975-11-7 08:00:00','128.41','admin','admin','ZAIS');
insert into orders ("time","price","volume","type","trader","stock","cat") values('2014-11-7 08:00:00','128.41','1108039','limit','C000002850','ZAIS','sell');
insert into stocks values('LXRX','C000001521');
insert into transaction ("volume","time","price","seller","buyer","stock") values('0','1975-11-7 08:00:00','415.54','admin','admin','LXRX');
insert into orders ("time","price","volume","type","trader","stock","cat") values('2014-11-7 08:00:00','415.54','1057978','limit','C000001521','LXRX','sell');
insert into stocks values('INFI','C000001325');
insert into transaction ("volume","time","price","seller","buyer","stock") values('0','1975-11-7 08:00:00','343.05','admin','admin','INFI');
insert into orders ("time","price","volume","type","trader","stock","cat") values('2014-11-7 08:00:00','343.05','1785001','limit','C000001325','INFI','sell');
insert into stocks values('LIND','C000001543');
insert into transaction ("volume","time","price","seller","buyer","stock") values('0','1975-11-7 08:00:00','132.27','admin','admin','LIND');
insert into orders ("time","price","volume","type","trader","stock","cat") values('2014-11-7 08:00:00','132.27','1893796','limit','C000001543','LIND','sell');
insert into stocks values('CY','C000000720');
insert into transaction ("volume","time","price","seller","buyer","stock") values('0','1975-11-7 08:00:00','269.63','admin','admin','CY');
insert into orders ("time","price","volume","type","trader","stock","cat") values('2014-11-7 08:00:00','269.63','1375972','limit','C000000720','CY','sell');
insert into stocks values('MZOR','C000001624');
insert into transaction ("volume","time","price","seller","buyer","stock") values('0','1975-11-7 08:00:00','177.63','admin','admin','MZOR');
insert into orders ("time","price","volume","type","trader","stock","cat") values('2014-11-7 08:00:00','177.63','1898139','limit','C000001624','MZOR','sell');
insert into stocks values('AMSWA','C000000154');
insert into transaction ("volume","time","price","seller","buyer","stock") values('0','1975-11-7 08:00:00','283.45','admin','admin','AMSWA');
insert into orders ("time","price","volume","type","trader","stock","cat") values('2014-11-7 08:00:00','283.45','1652648','limit','C000000154','AMSWA','sell');
insert into stocks values('CROX','C000000691');
insert into transaction ("volume","time","price","seller","buyer","stock") values('0','1975-11-7 08:00:00','256.19','admin','admin','CROX');
insert into orders ("time","price","volume","type","trader","stock","cat") values('2014-11-7 08:00:00','256.19','1625744','limit','C000000691','CROX','sell');
insert into stocks values('AAPC','C000000253');
insert into transaction ("volume","time","price","seller","buyer","stock") values('0','1975-11-7 08:00:00','221.29','admin','admin','AAPC');
insert into orders ("time","price","volume","type","trader","stock","cat") values('2014-11-7 08:00:00','221.29','1766787','limit','C000000253','AAPC','sell');
insert into stocks values('LMIA','C000001558');
insert into transaction ("volume","time","price","seller","buyer","stock") values('0','1975-11-7 08:00:00','486.62','admin','admin','LMIA');
insert into orders ("time","price","volume","type","trader","stock","cat") values('2014-11-7 08:00:00','486.62','1519629','limit','C000001558','LMIA','sell');
insert into stocks values('CYTK','C000000723');
insert into transaction ("volume","time","price","seller","buyer","stock") values('0','1975-11-7 08:00:00','30.81','admin','admin','CYTK');
insert into orders ("time","price","volume","type","trader","stock","cat") values('2014-11-7 08:00:00','30.81','1535452','limit','C000000723','CYTK','sell');
insert into stocks values('HMSY','C000001251');
insert into transaction ("volume","time","price","seller","buyer","stock") values('0','1975-11-7 08:00:00','384.43','admin','admin','HMSY');
insert into orders ("time","price","volume","type","trader","stock","cat") values('2014-11-7 08:00:00','384.43','1303200','limit','C000001251','HMSY','sell');
insert into stocks values('FLDM','C000001055');
insert into transaction ("volume","time","price","seller","buyer","stock") values('0','1975-11-7 08:00:00','146.84','admin','admin','FLDM');
insert into orders ("time","price","volume","type","trader","stock","cat") values('2014-11-7 08:00:00','146.84','1980266','limit','C000001055','FLDM','sell');
insert into stocks values('UNTY','C000002629');
insert into transaction ("volume","time","price","seller","buyer","stock") values('0','1975-11-7 08:00:00','454.08','admin','admin','UNTY');
insert into orders ("time","price","volume","type","trader","stock","cat") values('2014-11-7 08:00:00','454.08','1782194','limit','C000002629','UNTY','sell');
insert into stocks values('PDFS','C000001952');
insert into transaction ("volume","time","price","seller","buyer","stock") values('0','1975-11-7 08:00:00','40.02','admin','admin','PDFS');
insert into orders ("time","price","volume","type","trader","stock","cat") values('2014-11-7 08:00:00','40.02','1567481','limit','C000001952','PDFS','sell');
insert into stocks values('CSQ','C000000430');
insert into transaction ("volume","time","price","seller","buyer","stock") values('0','1975-11-7 08:00:00','306.76','admin','admin','CSQ');
insert into orders ("time","price","volume","type","trader","stock","cat") values('2014-11-7 08:00:00','306.76','1919062','limit','C000000430','CSQ','sell');
insert into stocks values('FBZ','C000000986');
insert into transaction ("volume","time","price","seller","buyer","stock") values('0','1975-11-7 08:00:00','385.42','admin','admin','FBZ');
insert into orders ("time","price","volume","type","trader","stock","cat") values('2014-11-7 08:00:00','385.42','1456704','limit','C000000986','FBZ','sell');
insert into stocks values('TRTLU','C000002476');
insert into transaction ("volume","time","price","seller","buyer","stock") values('0','1975-11-7 08:00:00','190.4','admin','admin','TRTLU');
insert into orders ("time","price","volume","type","trader","stock","cat") values('2014-11-7 08:00:00','190.4','1035981','limit','C000002476','TRTLU','sell');
insert into stocks values('EAGLU','C000000786');
insert into transaction ("volume","time","price","seller","buyer","stock") values('0','1975-11-7 08:00:00','214.21','admin','admin','EAGLU');
insert into orders ("time","price","volume","type","trader","stock","cat") values('2014-11-7 08:00:00','214.21','1267297','limit','C000000786','EAGLU','sell');
insert into stocks values('GGACU','C000001104');
insert into transaction ("volume","time","price","seller","buyer","stock") values('0','1975-11-7 08:00:00','323.92','admin','admin','GGACU');
insert into orders ("time","price","volume","type","trader","stock","cat") values('2014-11-7 08:00:00','323.92','1704175','limit','C000001104','GGACU','sell');
insert into stocks values('CMFN','C000000596');
insert into transaction ("volume","time","price","seller","buyer","stock") values('0','1975-11-7 08:00:00','107.8','admin','admin','CMFN');
insert into orders ("time","price","volume","type","trader","stock","cat") values('2014-11-7 08:00:00','107.8','1818076','limit','C000000596','CMFN','sell');
insert into stocks values('CAMBU','C000000439');
insert into transaction ("volume","time","price","seller","buyer","stock") values('0','1975-11-7 08:00:00','374.69','admin','admin','CAMBU');
insert into orders ("time","price","volume","type","trader","stock","cat") values('2014-11-7 08:00:00','374.69','1623698','limit','C000000439','CAMBU','sell');
insert into stocks values('CNLMU','C000000490');
insert into transaction ("volume","time","price","seller","buyer","stock") values('0','1975-11-7 08:00:00','340.79','admin','admin','CNLMU');
insert into orders ("time","price","volume","type","trader","stock","cat") values('2014-11-7 08:00:00','340.79','1405426','limit','C000000490','CNLMU','sell');
insert into stocks values('PACEU','C000001910');
insert into transaction ("volume","time","price","seller","buyer","stock") values('0','1975-11-7 08:00:00','218.77','admin','admin','PACEU');
insert into orders ("time","price","volume","type","trader","stock","cat") values('2014-11-7 08:00:00','218.77','1733929','limit','C000001910','PACEU','sell');
insert into stocks values('CARB','C000000458');
insert into transaction ("volume","time","price","seller","buyer","stock") values('0','1975-11-7 08:00:00','401.6','admin','admin','CARB');
insert into orders ("time","price","volume","type","trader","stock","cat") values('2014-11-7 08:00:00','401.6','1682132','limit','C000000458','CARB','sell');
insert into stocks values('REPH','C000002142');
insert into transaction ("volume","time","price","seller","buyer","stock") values('0','1975-11-7 08:00:00','83.5','admin','admin','REPH');
insert into orders ("time","price","volume","type","trader","stock","cat") values('2014-11-7 08:00:00','83.5','1242371','limit','C000002142','REPH','sell');
insert into stocks values('MSON','C000001688');
insert into transaction ("volume","time","price","seller","buyer","stock") values('0','1975-11-7 08:00:00','232.63','admin','admin','MSON');
insert into orders ("time","price","volume","type","trader","stock","cat") values('2014-11-7 08:00:00','232.63','1365388','limit','C000001688','MSON','sell');
insert into stocks values('DENN','C000000749');
insert into transaction ("volume","time","price","seller","buyer","stock") values('0','1975-11-7 08:00:00','440.32','admin','admin','DENN');
insert into orders ("time","price","volume","type","trader","stock","cat") values('2014-11-7 08:00:00','440.32','1192292','limit','C000000749','DENN','sell');
insert into stocks values('BSF','C000000318');
insert into transaction ("volume","time","price","seller","buyer","stock") values('0','1975-11-7 08:00:00','197.61','admin','admin','BSF');
insert into orders ("time","price","volume","type","trader","stock","cat") values('2014-11-7 08:00:00','197.61','1799347','limit','C000000318','BSF','sell');
insert into stocks values('HDRAU','C000001284');
insert into transaction ("volume","time","price","seller","buyer","stock") values('0','1975-11-7 08:00:00','350.65','admin','admin','HDRAU');
insert into orders ("time","price","volume","type","trader","stock","cat") values('2014-11-7 08:00:00','350.65','1019880','limit','C000001284','HDRAU','sell');
insert into stocks values('WMAR','C000002768');
insert into transaction ("volume","time","price","seller","buyer","stock") values('0','1975-11-7 08:00:00','316.88','admin','admin','WMAR');
insert into orders ("time","price","volume","type","trader","stock","cat") values('2014-11-7 08:00:00','316.88','1567609','limit','C000002768','WMAR','sell');
insert into stocks values('TNDM','C000002454');
insert into transaction ("volume","time","price","seller","buyer","stock") values('0','1975-11-7 08:00:00','211.18','admin','admin','TNDM');
insert into orders ("time","price","volume","type","trader","stock","cat") values('2014-11-7 08:00:00','211.18','1485379','limit','C000002454','TNDM','sell');
insert into stocks values('EACQU','C000000809');
insert into transaction ("volume","time","price","seller","buyer","stock") values('0','1975-11-7 08:00:00','164.46','admin','admin','EACQU');
insert into orders ("time","price","volume","type","trader","stock","cat") values('2014-11-7 08:00:00','164.46','1434775','limit','C000000809','EACQU','sell');
insert into stocks values('BHACU','C000000308');
insert into transaction ("volume","time","price","seller","buyer","stock") values('0','1975-11-7 08:00:00','468.27','admin','admin','BHACU');
insert into orders ("time","price","volume","type","trader","stock","cat") values('2014-11-7 08:00:00','468.27','1458240','limit','C000000308','BHACU','sell');
insert into stocks values('PCOM','C000002005');
insert into transaction ("volume","time","price","seller","buyer","stock") values('0','1975-11-7 08:00:00','397.08','admin','admin','PCOM');
insert into orders ("time","price","volume","type","trader","stock","cat") values('2014-11-7 08:00:00','397.08','1361686','limit','C000002005','PCOM','sell');
insert into stocks values('TBRA','C000002543');
insert into transaction ("volume","time","price","seller","buyer","stock") values('0','1975-11-7 08:00:00','71.25','admin','admin','TBRA');
insert into orders ("time","price","volume","type","trader","stock","cat") values('2014-11-7 08:00:00','71.25','1363223','limit','C000002543','TBRA','sell');
insert into stocks values('HRMNU','C000001208');
insert into transaction ("volume","time","price","seller","buyer","stock") values('0','1975-11-7 08:00:00','347.15','admin','admin','HRMNU');
insert into orders ("time","price","volume","type","trader","stock","cat") values('2014-11-7 08:00:00','347.15','1910000','limit','C000001208','HRMNU','sell');
insert into stocks values('BLVDU','C000000389');
insert into transaction ("volume","time","price","seller","buyer","stock") values('0','1975-11-7 08:00:00','457.23','admin','admin','BLVDU');
insert into orders ("time","price","volume","type","trader","stock","cat") values('2014-11-7 08:00:00','457.23','1883696','limit','C000000389','BLVDU','sell');
insert into stocks values('TFSCU','C000000001');
insert into transaction ("volume","time","price","seller","buyer","stock") values('0','1975-11-7 08:00:00','395.74','admin','admin','TFSCU');
insert into orders ("time","price","volume","type","trader","stock","cat") values('2014-11-7 08:00:00','395.74','1582046','limit','C000000001','TFSCU','sell');
insert into stocks values('GRSHU','C000001163');
insert into transaction ("volume","time","price","seller","buyer","stock") values('0','1975-11-7 08:00:00','71.79','admin','admin','GRSHU');
insert into orders ("time","price","volume","type","trader","stock","cat") values('2014-11-7 08:00:00','71.79','1627198','limit','C000001163','GRSHU','sell');
insert into stocks values('SLVO','C000000686');
insert into transaction ("volume","time","price","seller","buyer","stock") values('0','1975-11-7 08:00:00','214.7','admin','admin','SLVO');
insert into orders ("time","price","volume","type","trader","stock","cat") values('2014-11-7 08:00:00','214.7','1025427','limit','C000000686','SLVO','sell');
insert into stocks values('PAACU','C000001917');
insert into transaction ("volume","time","price","seller","buyer","stock") values('0','1975-11-7 08:00:00','406.59','admin','admin','PAACU');
insert into orders ("time","price","volume","type","trader","stock","cat") values('2014-11-7 08:00:00','406.59','1464836','limit','C000001917','PAACU','sell');
insert into stocks values('CADTU','C000000792');
insert into transaction ("volume","time","price","seller","buyer","stock") values('0','1975-11-7 08:00:00','492.25','admin','admin','CADTU');
insert into orders ("time","price","volume","type","trader","stock","cat") values('2014-11-7 08:00:00','492.25','1966819','limit','C000000792','CADTU','sell');
insert into stocks values('FOLD','C000000163');
insert into transaction ("volume","time","price","seller","buyer","stock") values('0','1975-11-7 08:00:00','340.69','admin','admin','FOLD');
insert into orders ("time","price","volume","type","trader","stock","cat") values('2014-11-7 08:00:00','340.69','1253902','limit','C000000163','FOLD','sell');
insert into stocks values('PGTI','C000001984');
insert into transaction ("volume","time","price","seller","buyer","stock") values('0','1975-11-7 08:00:00','284.95','admin','admin','PGTI');
insert into orders ("time","price","volume","type","trader","stock","cat") values('2014-11-7 08:00:00','284.95','1525059','limit','C000001984','PGTI','sell');
insert into stocks values('WLRH','C000002811');
insert into transaction ("volume","time","price","seller","buyer","stock") values('0','1975-11-7 08:00:00','89.14','admin','admin','WLRH');
insert into orders ("time","price","volume","type","trader","stock","cat") values('2014-11-7 08:00:00','89.14','1677083','limit','C000002811','WLRH','sell');
insert into stocks values('ARWAU','C000000224');
insert into transaction ("volume","time","price","seller","buyer","stock") values('0','1975-11-7 08:00:00','484.08','admin','admin','ARWAU');
insert into orders ("time","price","volume","type","trader","stock","cat") values('2014-11-7 08:00:00','484.08','1284170','limit','C000000224','ARWAU','sell');
insert into stocks values('AMIC','C000000147');
insert into transaction ("volume","time","price","seller","buyer","stock") values('0','1975-11-7 08:00:00','208.55','admin','admin','AMIC');
insert into orders ("time","price","volume","type","trader","stock","cat") values('2014-11-7 08:00:00','208.55','1195978','limit','C000000147','AMIC','sell');
insert into stocks values('PFIN','C000001907');
insert into transaction ("volume","time","price","seller","buyer","stock") values('0','1975-11-7 08:00:00','138.39','admin','admin','PFIN');
insert into orders ("time","price","volume","type","trader","stock","cat") values('2014-11-7 08:00:00','138.39','1798553','limit','C000001907','PFIN','sell');
insert into stocks values('VICR','C000002705');
insert into transaction ("volume","time","price","seller","buyer","stock") values('0','1975-11-7 08:00:00','40.62','admin','admin','VICR');
insert into orders ("time","price","volume","type","trader","stock","cat") values('2014-11-7 08:00:00','40.62','1077661','limit','C000002705','VICR','sell');
insert into stocks values('PICO','C000001989');
insert into transaction ("volume","time","price","seller","buyer","stock") values('0','1975-11-7 08:00:00','304.6','admin','admin','PICO');
insert into orders ("time","price","volume","type","trader","stock","cat") values('2014-11-7 08:00:00','304.6','1795113','limit','C000001989','PICO','sell');
insert into stocks values('GPACU','C000001138');
insert into transaction ("volume","time","price","seller","buyer","stock") values('0','1975-11-7 08:00:00','126.25','admin','admin','GPACU');
insert into orders ("time","price","volume","type","trader","stock","cat") values('2014-11-7 08:00:00','126.25','1194119','limit','C000001138','GPACU','sell');
insert into stocks values('QPACU','C000002107');
insert into transaction ("volume","time","price","seller","buyer","stock") values('0','1975-11-7 08:00:00','45.57','admin','admin','QPACU');
insert into orders ("time","price","volume","type","trader","stock","cat") values('2014-11-7 08:00:00','45.57','1456781','limit','C000002107','QPACU','sell');
insert into stocks values('ECACU','C000000819');
insert into transaction ("volume","time","price","seller","buyer","stock") values('0','1975-11-7 08:00:00','326.5','admin','admin','ECACU');
insert into orders ("time","price","volume","type","trader","stock","cat") values('2014-11-7 08:00:00','326.5','1754257','limit','C000000819','ECACU','sell');
insert into stocks values('NEWS','C000001786');
insert into transaction ("volume","time","price","seller","buyer","stock") values('0','1975-11-7 08:00:00','355.17','admin','admin','NEWS');
insert into orders ("time","price","volume","type","trader","stock","cat") values('2014-11-7 08:00:00','355.17','1466760','limit','C000001786','NEWS','sell');
insert into stocks values('LMFAU','C000001557');
insert into transaction ("volume","time","price","seller","buyer","stock") values('0','1975-11-7 08:00:00','176.3','admin','admin','LMFAU');
insert into orders ("time","price","volume","type","trader","stock","cat") values('2014-11-7 08:00:00','176.3','1793667','limit','C000001557','LMFAU','sell');
insert into stocks values('CADT','C000000792');
insert into transaction ("volume","time","price","seller","buyer","stock") values('0','1975-11-7 08:00:00','460.51','admin','admin','CADT');
insert into orders ("time","price","volume","type","trader","stock","cat") values('2014-11-7 08:00:00','460.51','1436125','limit','C000000792','CADT','sell');
insert into stocks values('MGYR','C000001587');
insert into transaction ("volume","time","price","seller","buyer","stock") values('0','1975-11-7 08:00:00','88.88','admin','admin','MGYR');
insert into orders ("time","price","volume","type","trader","stock","cat") values('2014-11-7 08:00:00','88.88','1701076','limit','C000001587','MGYR','sell');
insert into stocks values('OSBCP','C000001858');
insert into transaction ("volume","time","price","seller","buyer","stock") values('0','1975-11-7 08:00:00','72.44','admin','admin','OSBCP');
insert into orders ("time","price","volume","type","trader","stock","cat") values('2014-11-7 08:00:00','72.44','1740209','limit','C000001858','OSBCP','sell');
insert into stocks values('PLAB','C000001988');
insert into transaction ("volume","time","price","seller","buyer","stock") values('0','1975-11-7 08:00:00','307.51','admin','admin','PLAB');
insert into orders ("time","price","volume","type","trader","stock","cat") values('2014-11-7 08:00:00','307.51','1895598','limit','C000001988','PLAB','sell');
insert into stocks values('DAKT','C000000733');
insert into transaction ("volume","time","price","seller","buyer","stock") values('0','1975-11-7 08:00:00','298.44','admin','admin','DAKT');
insert into orders ("time","price","volume","type","trader","stock","cat") values('2014-11-7 08:00:00','298.44','1628719','limit','C000000733','DAKT','sell');
insert into stocks values('CLACU','C000000452');
insert into transaction ("volume","time","price","seller","buyer","stock") values('0','1975-11-7 08:00:00','477.97','admin','admin','CLACU');
insert into orders ("time","price","volume","type","trader","stock","cat") values('2014-11-7 08:00:00','477.97','1119502','limit','C000000452','CLACU','sell');
insert into stocks values('SHBI','C000002275');
insert into transaction ("volume","time","price","seller","buyer","stock") values('0','1975-11-7 08:00:00','23.69','admin','admin','SHBI');
insert into orders ("time","price","volume","type","trader","stock","cat") values('2014-11-7 08:00:00','23.69','1325211','limit','C000002275','SHBI','sell');
insert into stocks values('NBRV','C000001729');
insert into transaction ("volume","time","price","seller","buyer","stock") values('0','1975-11-7 08:00:00','120.1','admin','admin','NBRV');
insert into orders ("time","price","volume","type","trader","stock","cat") values('2014-11-7 08:00:00','120.1','1571582','limit','C000001729','NBRV','sell');
insert into stocks values('EXAS','C000000902');
insert into transaction ("volume","time","price","seller","buyer","stock") values('0','1975-11-7 08:00:00','251.15','admin','admin','EXAS');
insert into orders ("time","price","volume","type","trader","stock","cat") values('2014-11-7 08:00:00','251.15','1517302','limit','C000000902','EXAS','sell');
insert into stocks values('CAMB','C000000439');
insert into transaction ("volume","time","price","seller","buyer","stock") values('0','1975-11-7 08:00:00','109.34','admin','admin','CAMB');
insert into orders ("time","price","volume","type","trader","stock","cat") values('2014-11-7 08:00:00','109.34','1275587','limit','C000000439','CAMB','sell');
insert into stocks values('ATSG','C000000084');
insert into transaction ("volume","time","price","seller","buyer","stock") values('0','1975-11-7 08:00:00','433.42','admin','admin','ATSG');
insert into orders ("time","price","volume","type","trader","stock","cat") values('2014-11-7 08:00:00','433.42','1367241','limit','C000000084','ATSG','sell');
insert into stocks values('DWAT','C000000228');
insert into transaction ("volume","time","price","seller","buyer","stock") values('0','1975-11-7 08:00:00','255.42','admin','admin','DWAT');
insert into orders ("time","price","volume","type","trader","stock","cat") values('2014-11-7 08:00:00','255.42','1186649','limit','C000000228','DWAT','sell');
insert into stocks values('FNTCU','C000000949');
insert into transaction ("volume","time","price","seller","buyer","stock") values('0','1975-11-7 08:00:00','309.43','admin','admin','FNTCU');
insert into orders ("time","price","volume","type","trader","stock","cat") values('2014-11-7 08:00:00','309.43','1908600','limit','C000000949','FNTCU','sell');
insert into stocks values('ETSY','C000000892');
insert into transaction ("volume","time","price","seller","buyer","stock") values('0','1975-11-7 08:00:00','81.19','admin','admin','ETSY');
insert into orders ("time","price","volume","type","trader","stock","cat") values('2014-11-7 08:00:00','81.19','1464742','limit','C000000892','ETSY','sell');
insert into stocks values('ARWA','C000000224');
insert into transaction ("volume","time","price","seller","buyer","stock") values('0','1975-11-7 08:00:00','94.46','admin','admin','ARWA');
insert into orders ("time","price","volume","type","trader","stock","cat") values('2014-11-7 08:00:00','94.46','1182316','limit','C000000224','ARWA','sell');
insert into stocks values('ELECU','C000000838');
insert into transaction ("volume","time","price","seller","buyer","stock") values('0','1975-11-7 08:00:00','48.07','admin','admin','ELECU');
insert into orders ("time","price","volume","type","trader","stock","cat") values('2014-11-7 08:00:00','48.07','1351501','limit','C000000838','ELECU','sell');
insert into stocks values('AKBA','C000000089');
insert into transaction ("volume","time","price","seller","buyer","stock") values('0','1975-11-7 08:00:00','227.04','admin','admin','AKBA');
insert into orders ("time","price","volume","type","trader","stock","cat") values('2014-11-7 08:00:00','227.04','1070239','limit','C000000089','AKBA','sell');
insert into stocks values('GPIAU','C000001164');
insert into transaction ("volume","time","price","seller","buyer","stock") values('0','1975-11-7 08:00:00','287.17','admin','admin','GPIAU');
insert into orders ("time","price","volume","type","trader","stock","cat") values('2014-11-7 08:00:00','287.17','1201812','limit','C000001164','GPIAU','sell');
insert into stocks values('PAAC','C000001917');
insert into transaction ("volume","time","price","seller","buyer","stock") values('0','1975-11-7 08:00:00','186.01','admin','admin','PAAC');
insert into orders ("time","price","volume","type","trader","stock","cat") values('2014-11-7 08:00:00','186.01','1265184','limit','C000001917','PAAC','sell');
insert into stocks values('TCON','C000002555');
insert into transaction ("volume","time","price","seller","buyer","stock") values('0','1975-11-7 08:00:00','391.58','admin','admin','TCON');
insert into orders ("time","price","volume","type","trader","stock","cat") values('2014-11-7 08:00:00','391.58','1089388','limit','C000002555','TCON','sell');
insert into stocks values('EXA','C000000901');
insert into transaction ("volume","time","price","seller","buyer","stock") values('0','1975-11-7 08:00:00','421.76','admin','admin','EXA');
insert into orders ("time","price","volume","type","trader","stock","cat") values('2014-11-7 08:00:00','421.76','1570513','limit','C000000901','EXA','sell');
insert into stocks values('ICLN','C000001411');
insert into transaction ("volume","time","price","seller","buyer","stock") values('0','1975-11-7 08:00:00','480.59','admin','admin','ICLN');
insert into orders ("time","price","volume","type","trader","stock","cat") values('2014-11-7 08:00:00','480.59','1684080','limit','C000001411','ICLN','sell');
insert into stocks values('HCACU','C000001234');
insert into transaction ("volume","time","price","seller","buyer","stock") values('0','1975-11-7 08:00:00','296.66','admin','admin','HCACU');
insert into orders ("time","price","volume","type","trader","stock","cat") values('2014-11-7 08:00:00','296.66','1154322','limit','C000001234','HCACU','sell');
insert into stocks values('HRMN','C000001208');
insert into transaction ("volume","time","price","seller","buyer","stock") values('0','1975-11-7 08:00:00','136.85','admin','admin','HRMN');
insert into orders ("time","price","volume","type","trader","stock","cat") values('2014-11-7 08:00:00','136.85','1454817','limit','C000001208','HRMN','sell');
insert into stocks values('GSVC','C000001183');
insert into transaction ("volume","time","price","seller","buyer","stock") values('0','1975-11-7 08:00:00','197.97','admin','admin','GSVC');
insert into orders ("time","price","volume","type","trader","stock","cat") values('2014-11-7 08:00:00','197.97','1129846','limit','C000001183','GSVC','sell');
insert into stocks values('EACQ','C000000809');
insert into transaction ("volume","time","price","seller","buyer","stock") values('0','1975-11-7 08:00:00','213.7','admin','admin','EACQ');
insert into orders ("time","price","volume","type","trader","stock","cat") values('2014-11-7 08:00:00','213.7','1484184','limit','C000000809','EACQ','sell');
insert into stocks values('CNLM','C000000490');
insert into transaction ("volume","time","price","seller","buyer","stock") values('0','1975-11-7 08:00:00','439.96','admin','admin','CNLM');
insert into orders ("time","price","volume","type","trader","stock","cat") values('2014-11-7 08:00:00','439.96','1102827','limit','C000000490','CNLM','sell');
insert into stocks values('AUMAU','C000000203');
insert into transaction ("volume","time","price","seller","buyer","stock") values('0','1975-11-7 08:00:00','152.31','admin','admin','AUMAU');
insert into orders ("time","price","volume","type","trader","stock","cat") values('2014-11-7 08:00:00','152.31','1154977','limit','C000000203','AUMAU','sell');
insert into stocks values('MYOK','C000001725');
insert into transaction ("volume","time","price","seller","buyer","stock") values('0','1975-11-7 08:00:00','450.22','admin','admin','MYOK');
insert into orders ("time","price","volume","type","trader","stock","cat") values('2014-11-7 08:00:00','450.22','1250224','limit','C000001725','MYOK','sell');
insert into stocks values('ERIC','C000000882');
insert into transaction ("volume","time","price","seller","buyer","stock") values('0','1975-11-7 08:00:00','149.58','admin','admin','ERIC');
insert into orders ("time","price","volume","type","trader","stock","cat") values('2014-11-7 08:00:00','149.58','1017947','limit','C000000882','ERIC','sell');
insert into stocks values('MGI','C000001706');
insert into transaction ("volume","time","price","seller","buyer","stock") values('0','1975-11-7 08:00:00','87.51','admin','admin','MGI');
insert into orders ("time","price","volume","type","trader","stock","cat") values('2014-11-7 08:00:00','87.51','1769562','limit','C000001706','MGI','sell');
insert into stocks values('RILY','C000000289');
insert into transaction ("volume","time","price","seller","buyer","stock") values('0','1975-11-7 08:00:00','488.92','admin','admin','RILY');
insert into orders ("time","price","volume","type","trader","stock","cat") values('2014-11-7 08:00:00','488.92','1600359','limit','C000000289','RILY','sell');
insert into stocks values('AUMA','C000000203');
insert into transaction ("volume","time","price","seller","buyer","stock") values('0','1975-11-7 08:00:00','28.47','admin','admin','AUMA');
insert into orders ("time","price","volume","type","trader","stock","cat") values('2014-11-7 08:00:00','28.47','1361146','limit','C000000203','AUMA','sell');
insert into stocks values('VNDA','C000002657');
insert into transaction ("volume","time","price","seller","buyer","stock") values('0','1975-11-7 08:00:00','336.38','admin','admin','VNDA');
insert into orders ("time","price","volume","type","trader","stock","cat") values('2014-11-7 08:00:00','336.38','1823775','limit','C000002657','VNDA','sell');
insert into stocks values('GGAC','C000001104');
insert into transaction ("volume","time","price","seller","buyer","stock") values('0','1975-11-7 08:00:00','325.22','admin','admin','GGAC');
insert into orders ("time","price","volume","type","trader","stock","cat") values('2014-11-7 08:00:00','325.22','1960329','limit','C000001104','GGAC','sell');
insert into stocks values('GLMD','C000001100');
insert into transaction ("volume","time","price","seller","buyer","stock") values('0','1975-11-7 08:00:00','231.57','admin','admin','GLMD');
insert into orders ("time","price","volume","type","trader","stock","cat") values('2014-11-7 08:00:00','231.57','1153723','limit','C000001100','GLMD','sell');
insert into stocks values('ERI','C000000832');
insert into transaction ("volume","time","price","seller","buyer","stock") values('0','1975-11-7 08:00:00','72.13','admin','admin','ERI');
insert into orders ("time","price","volume","type","trader","stock","cat") values('2014-11-7 08:00:00','72.13','1599865','limit','C000000832','ERI','sell');
insert into stocks values('TZOO','C000002563');
insert into transaction ("volume","time","price","seller","buyer","stock") values('0','1975-11-7 08:00:00','205.79','admin','admin','TZOO');
insert into orders ("time","price","volume","type","trader","stock","cat") values('2014-11-7 08:00:00','205.79','1318021','limit','C000002563','TZOO','sell');
insert into stocks values('TRTL','C000002476');
insert into transaction ("volume","time","price","seller","buyer","stock") values('0','1975-11-7 08:00:00','368.03','admin','admin','TRTL');
insert into orders ("time","price","volume","type","trader","stock","cat") values('2014-11-7 08:00:00','368.03','1502055','limit','C000002476','TRTL','sell');
insert into stocks values('RICK','C000002129');
insert into transaction ("volume","time","price","seller","buyer","stock") values('0','1975-11-7 08:00:00','467.14','admin','admin','RICK');
insert into orders ("time","price","volume","type","trader","stock","cat") values('2014-11-7 08:00:00','467.14','1853795','limit','C000002129','RICK','sell');
insert into stocks values('HDRA','C000001284');
insert into transaction ("volume","time","price","seller","buyer","stock") values('0','1975-11-7 08:00:00','206.92','admin','admin','HDRA');
insert into orders ("time","price","volume","type","trader","stock","cat") values('2014-11-7 08:00:00','206.92','1725238','limit','C000001284','HDRA','sell');
insert into stocks values('DAVE','C000000921');
insert into transaction ("volume","time","price","seller","buyer","stock") values('0','1975-11-7 08:00:00','461.68','admin','admin','DAVE');
insert into orders ("time","price","volume","type","trader","stock","cat") values('2014-11-7 08:00:00','461.68','1391574','limit','C000000921','DAVE','sell');
insert into stocks values('DSPG','C000000791');
insert into transaction ("volume","time","price","seller","buyer","stock") values('0','1975-11-7 08:00:00','329.8','admin','admin','DSPG');
insert into orders ("time","price","volume","type","trader","stock","cat") values('2014-11-7 08:00:00','329.8','1561064','limit','C000000791','DSPG','sell');
insert into stocks values('UNAM','C000002606');
insert into transaction ("volume","time","price","seller","buyer","stock") values('0','1975-11-7 08:00:00','54.22','admin','admin','UNAM');
insert into orders ("time","price","volume","type","trader","stock","cat") values('2014-11-7 08:00:00','54.22','1423930','limit','C000002606','UNAM','sell');
insert into stocks values('TACT','C000002558');
insert into transaction ("volume","time","price","seller","buyer","stock") values('0','1975-11-7 08:00:00','401.1','admin','admin','TACT');
insert into orders ("time","price","volume","type","trader","stock","cat") values('2014-11-7 08:00:00','401.1','1823061','limit','C000002558','TACT','sell');
insert into stocks values('ROVI','C000002198');
insert into transaction ("volume","time","price","seller","buyer","stock") values('0','1975-11-7 08:00:00','438.07','admin','admin','ROVI');
insert into orders ("time","price","volume","type","trader","stock","cat") values('2014-11-7 08:00:00','438.07','1109294','limit','C000002198','ROVI','sell');
insert into stocks values('QPAC','C000002107');
insert into transaction ("volume","time","price","seller","buyer","stock") values('0','1975-11-7 08:00:00','408.19','admin','admin','QPAC');
insert into orders ("time","price","volume","type","trader","stock","cat") values('2014-11-7 08:00:00','408.19','1771836','limit','C000002107','QPAC','sell');
insert into stocks values('CPHC','C000000444');
insert into transaction ("volume","time","price","seller","buyer","stock") values('0','1975-11-7 08:00:00','487.76','admin','admin','CPHC');
insert into orders ("time","price","volume","type","trader","stock","cat") values('2014-11-7 08:00:00','487.76','1246950','limit','C000000444','CPHC','sell');
insert into stocks values('CALA','C000000434');
insert into transaction ("volume","time","price","seller","buyer","stock") values('0','1975-11-7 08:00:00','307.49','admin','admin','CALA');
insert into orders ("time","price","volume","type","trader","stock","cat") values('2014-11-7 08:00:00','307.49','1678440','limit','C000000434','CALA','sell');
insert into stocks values('BHAC','C000000308');
insert into transaction ("volume","time","price","seller","buyer","stock") values('0','1975-11-7 08:00:00','333.39','admin','admin','BHAC');
insert into orders ("time","price","volume","type","trader","stock","cat") values('2014-11-7 08:00:00','333.39','1098676','limit','C000000308','BHAC','sell');
insert into stocks values('FNTC','C000000949');
insert into transaction ("volume","time","price","seller","buyer","stock") values('0','1975-11-7 08:00:00','366.24','admin','admin','FNTC');
insert into orders ("time","price","volume","type","trader","stock","cat") values('2014-11-7 08:00:00','366.24','1014604','limit','C000000949','FNTC','sell');
insert into stocks values('GENC','C000001106');
insert into transaction ("volume","time","price","seller","buyer","stock") values('0','1975-11-7 08:00:00','163.42','admin','admin','GENC');
insert into orders ("time","price","volume","type","trader","stock","cat") values('2014-11-7 08:00:00','163.42','1628170','limit','C000001106','GENC','sell');
insert into stocks values('VISN','C000002733');
insert into transaction ("volume","time","price","seller","buyer","stock") values('0','1975-11-7 08:00:00','55.91','admin','admin','VISN');
insert into orders ("time","price","volume","type","trader","stock","cat") values('2014-11-7 08:00:00','55.91','1090384','limit','C000002733','VISN','sell');
insert into stocks values('DVCR','C000000778');
insert into transaction ("volume","time","price","seller","buyer","stock") values('0','1975-11-7 08:00:00','220.76','admin','admin','DVCR');
insert into orders ("time","price","volume","type","trader","stock","cat") values('2014-11-7 08:00:00','220.76','1308580','limit','C000000778','DVCR','sell');
insert into stocks values('MACK','C000001657');
insert into transaction ("volume","time","price","seller","buyer","stock") values('0','1975-11-7 08:00:00','294.93','admin','admin','MACK');
insert into orders ("time","price","volume","type","trader","stock","cat") values('2014-11-7 08:00:00','294.93','1092297','limit','C000001657','MACK','sell');
insert into stocks values('VDTH','C000002719');
insert into transaction ("volume","time","price","seller","buyer","stock") values('0','1975-11-7 08:00:00','400.44','admin','admin','VDTH');
insert into orders ("time","price","volume","type","trader","stock","cat") values('2014-11-7 08:00:00','400.44','1094161','limit','C000002719','VDTH','sell');
insert into stocks values('FCLF','C000000960');
insert into transaction ("volume","time","price","seller","buyer","stock") values('0','1975-11-7 08:00:00','349.49','admin','admin','FCLF');
insert into orders ("time","price","volume","type","trader","stock","cat") values('2014-11-7 08:00:00','349.49','1714139','limit','C000000960','FCLF','sell');
insert into stocks values('GDEN','C000001157');
insert into transaction ("volume","time","price","seller","buyer","stock") values('0','1975-11-7 08:00:00','259.77','admin','admin','GDEN');
insert into orders ("time","price","volume","type","trader","stock","cat") values('2014-11-7 08:00:00','259.77','1278642','limit','C000001157','GDEN','sell');
insert into stocks values('TFSC','C000000001');
insert into transaction ("volume","time","price","seller","buyer","stock") values('0','1975-11-7 08:00:00','463.44','admin','admin','TFSC');
insert into orders ("time","price","volume","type","trader","stock","cat") values('2014-11-7 08:00:00','463.44','1820889','limit','C000000001','TFSC','sell');
insert into stocks values('PSBH','C000002080');
insert into transaction ("volume","time","price","seller","buyer","stock") values('0','1975-11-7 08:00:00','271.6','admin','admin','PSBH');
insert into orders ("time","price","volume","type","trader","stock","cat") values('2014-11-7 08:00:00','271.6','1613927','limit','C000002080','PSBH','sell');
insert into stocks values('WYIGU','C000001447');
insert into transaction ("volume","time","price","seller","buyer","stock") values('0','1975-11-7 08:00:00','103.72','admin','admin','WYIGU');
insert into orders ("time","price","volume","type","trader","stock","cat") values('2014-11-7 08:00:00','103.72','1125908','limit','C000001447','WYIGU','sell');
insert into stocks values('HCAC','C000001234');
insert into transaction ("volume","time","price","seller","buyer","stock") values('0','1975-11-7 08:00:00','234.55','admin','admin','HCAC');
insert into orders ("time","price","volume","type","trader","stock","cat") values('2014-11-7 08:00:00','234.55','1432771','limit','C000001234','HCAC','sell');
insert into stocks values('SHOR','C000002276');
insert into transaction ("volume","time","price","seller","buyer","stock") values('0','1975-11-7 08:00:00','212.02','admin','admin','SHOR');
insert into orders ("time","price","volume","type","trader","stock","cat") values('2014-11-7 08:00:00','212.02','1369262','limit','C000002276','SHOR','sell');
insert into stocks values('SRNE','C000002336');
insert into transaction ("volume","time","price","seller","buyer","stock") values('0','1975-11-7 08:00:00','192.05','admin','admin','SRNE');
insert into orders ("time","price","volume","type","trader","stock","cat") values('2014-11-7 08:00:00','192.05','1218995','limit','C000002336','SRNE','sell');
insert into stocks values('ZEUS','C000001860');
insert into transaction ("volume","time","price","seller","buyer","stock") values('0','1975-11-7 08:00:00','344.78','admin','admin','ZEUS');
insert into orders ("time","price","volume","type","trader","stock","cat") values('2014-11-7 08:00:00','344.78','1205002','limit','C000001860','ZEUS','sell');
insert into stocks values('FUNC','C000001037');
insert into transaction ("volume","time","price","seller","buyer","stock") values('0','1975-11-7 08:00:00','99.54','admin','admin','FUNC');
insert into orders ("time","price","volume","type","trader","stock","cat") values('2014-11-7 08:00:00','99.54','1270852','limit','C000001037','FUNC','sell');
insert into stocks values('BGFV','C000000329');
insert into transaction ("volume","time","price","seller","buyer","stock") values('0','1975-11-7 08:00:00','159.45','admin','admin','BGFV');
insert into orders ("time","price","volume","type","trader","stock","cat") values('2014-11-7 08:00:00','159.45','1245695','limit','C000000329','BGFV','sell');
insert into stocks values('TRNS','C000002559');
insert into transaction ("volume","time","price","seller","buyer","stock") values('0','1975-11-7 08:00:00','498.07','admin','admin','TRNS');
insert into orders ("time","price","volume","type","trader","stock","cat") values('2014-11-7 08:00:00','498.07','1038545','limit','C000002559','TRNS','sell');
insert into stocks values('ELEC','C000000838');
insert into transaction ("volume","time","price","seller","buyer","stock") values('0','1975-11-7 08:00:00','228.53','admin','admin','ELEC');
insert into orders ("time","price","volume","type","trader","stock","cat") values('2014-11-7 08:00:00','228.53','1092009','limit','C000000838','ELEC','sell');
insert into stocks values('EAGL','C000000786');
insert into transaction ("volume","time","price","seller","buyer","stock") values('0','1975-11-7 08:00:00','278.21','admin','admin','EAGL');
insert into orders ("time","price","volume","type","trader","stock","cat") values('2014-11-7 08:00:00','278.21','1602896','limit','C000000786','EAGL','sell');
insert into stocks values('SNAK','C000001378');
insert into transaction ("volume","time","price","seller","buyer","stock") values('0','1975-11-7 08:00:00','122.52','admin','admin','SNAK');
insert into orders ("time","price","volume","type","trader","stock","cat") values('2014-11-7 08:00:00','122.52','1366303','limit','C000001378','SNAK','sell');
insert into stocks values('BCOR','C000000367');
insert into transaction ("volume","time","price","seller","buyer","stock") values('0','1975-11-7 08:00:00','495.08','admin','admin','BCOR');
insert into orders ("time","price","volume","type","trader","stock","cat") values('2014-11-7 08:00:00','495.08','1382448','limit','C000000367','BCOR','sell');
insert into stocks values('ELGX','C000000856');
insert into transaction ("volume","time","price","seller","buyer","stock") values('0','1975-11-7 08:00:00','389.28','admin','admin','ELGX');
insert into orders ("time","price","volume","type","trader","stock","cat") values('2014-11-7 08:00:00','389.28','1992995','limit','C000000856','ELGX','sell');
insert into stocks values('SAAS','C000001318');
insert into transaction ("volume","time","price","seller","buyer","stock") values('0','1975-11-7 08:00:00','391.82','admin','admin','SAAS');
insert into orders ("time","price","volume","type","trader","stock","cat") values('2014-11-7 08:00:00','391.82','1054861','limit','C000001318','SAAS','sell');
insert into stocks values('BKCC','C000000361');
insert into transaction ("volume","time","price","seller","buyer","stock") values('0','1975-11-7 08:00:00','179.54','admin','admin','BKCC');
insert into orders ("time","price","volume","type","trader","stock","cat") values('2014-11-7 08:00:00','179.54','1563186','limit','C000000361','BKCC','sell');
insert into stocks values('BCRX','C000000335');
insert into transaction ("volume","time","price","seller","buyer","stock") values('0','1975-11-7 08:00:00','412.99','admin','admin','BCRX');
insert into orders ("time","price","volume","type","trader","stock","cat") values('2014-11-7 08:00:00','412.99','1107816','limit','C000000335','BCRX','sell');
insert into stocks values('GPIA','C000001164');
insert into transaction ("volume","time","price","seller","buyer","stock") values('0','1975-11-7 08:00:00','149.12','admin','admin','GPIA');
insert into orders ("time","price","volume","type","trader","stock","cat") values('2014-11-7 08:00:00','149.12','1616449','limit','C000001164','GPIA','sell');
insert into stocks values('HLG','C000001195');
insert into transaction ("volume","time","price","seller","buyer","stock") values('0','1975-11-7 08:00:00','121.72','admin','admin','HLG');
insert into orders ("time","price","volume","type","trader","stock","cat") values('2014-11-7 08:00:00','121.72','1506856','limit','C000001195','HLG','sell');
insert into stocks values('LAND','C000001132');
insert into transaction ("volume","time","price","seller","buyer","stock") values('0','1975-11-7 08:00:00','356.39','admin','admin','LAND');
insert into orders ("time","price","volume","type","trader","stock","cat") values('2014-11-7 08:00:00','356.39','1259066','limit','C000001132','LAND','sell');
insert into stocks values('FLWS','C000000003');
insert into transaction ("volume","time","price","seller","buyer","stock") values('0','1975-11-7 08:00:00','200.11','admin','admin','FLWS');
insert into orders ("time","price","volume","type","trader","stock","cat") values('2014-11-7 08:00:00','200.11','1064087','limit','C000000003','FLWS','sell');
insert into stocks values('KINS','C000001476');
insert into transaction ("volume","time","price","seller","buyer","stock") values('0','1975-11-7 08:00:00','47.42','admin','admin','KINS');
insert into orders ("time","price","volume","type","trader","stock","cat") values('2014-11-7 08:00:00','47.42','1499618','limit','C000001476','KINS','sell');
insert into stocks values('GPAC','C000001138');
insert into transaction ("volume","time","price","seller","buyer","stock") values('0','1975-11-7 08:00:00','24.84','admin','admin','GPAC');
insert into orders ("time","price","volume","type","trader","stock","cat") values('2014-11-7 08:00:00','24.84','1136056','limit','C000001138','GPAC','sell');
insert into stocks values('CISG','C000000599');
insert into transaction ("volume","time","price","seller","buyer","stock") values('0','1975-11-7 08:00:00','285.59','admin','admin','CISG');
insert into orders ("time","price","volume","type","trader","stock","cat") values('2014-11-7 08:00:00','285.59','1337178','limit','C000000599','CISG','sell');
insert into stocks values('AFFX','C000000075');
insert into transaction ("volume","time","price","seller","buyer","stock") values('0','1975-11-7 08:00:00','195.49','admin','admin','AFFX');
insert into orders ("time","price","volume","type","trader","stock","cat") values('2014-11-7 08:00:00','195.49','1722416','limit','C000000075','AFFX','sell');
insert into stocks values('SBOT','C000002385');
insert into transaction ("volume","time","price","seller","buyer","stock") values('0','1975-11-7 08:00:00','321.93','admin','admin','SBOT');
insert into orders ("time","price","volume","type","trader","stock","cat") values('2014-11-7 08:00:00','321.93','1410872','limit','C000002385','SBOT','sell');
insert into stocks values('PRMW','C000002054');
insert into transaction ("volume","time","price","seller","buyer","stock") values('0','1975-11-7 08:00:00','240.88','admin','admin','PRMW');
insert into orders ("time","price","volume","type","trader","stock","cat") values('2014-11-7 08:00:00','240.88','1016772','limit','C000002054','PRMW','sell');
insert into stocks values('AOSL','C000000118');
insert into transaction ("volume","time","price","seller","buyer","stock") values('0','1975-11-7 08:00:00','451.88','admin','admin','AOSL');
insert into orders ("time","price","volume","type","trader","stock","cat") values('2014-11-7 08:00:00','451.88','1158813','limit','C000000118','AOSL','sell');
insert into stocks values('ELNK','C000000807');
insert into transaction ("volume","time","price","seller","buyer","stock") values('0','1975-11-7 08:00:00','464.43','admin','admin','ELNK');
insert into orders ("time","price","volume","type","trader","stock","cat") values('2014-11-7 08:00:00','464.43','1079130','limit','C000000807','ELNK','sell');
insert into stocks values('CBAN','C000000618');
insert into transaction ("volume","time","price","seller","buyer","stock") values('0','1975-11-7 08:00:00','335.16','admin','admin','CBAN');
insert into orders ("time","price","volume","type","trader","stock","cat") values('2014-11-7 08:00:00','335.16','1795852','limit','C000000618','CBAN','sell');
insert into stocks values('AIQ','C000000108');
insert into transaction ("volume","time","price","seller","buyer","stock") values('0','1975-11-7 08:00:00','129.73','admin','admin','AIQ');
insert into orders ("time","price","volume","type","trader","stock","cat") values('2014-11-7 08:00:00','129.73','1204390','limit','C000000108','AIQ','sell');
insert into stocks values('MDWD','C000001637');
insert into transaction ("volume","time","price","seller","buyer","stock") values('0','1975-11-7 08:00:00','212.2','admin','admin','MDWD');
insert into orders ("time","price","volume","type","trader","stock","cat") values('2014-11-7 08:00:00','212.2','1194579','limit','C000001637','MDWD','sell');
insert into stocks values('TEDU','C000002458');
insert into transaction ("volume","time","price","seller","buyer","stock") values('0','1975-11-7 08:00:00','353.18','admin','admin','TEDU');
insert into orders ("time","price","volume","type","trader","stock","cat") values('2014-11-7 08:00:00','353.18','1735397','limit','C000002458','TEDU','sell');
insert into stocks values('JCTCF','C000001443');
insert into transaction ("volume","time","price","seller","buyer","stock") values('0','1975-11-7 08:00:00','299.08','admin','admin','JCTCF');
insert into orders ("time","price","volume","type","trader","stock","cat") values('2014-11-7 08:00:00','299.08','1645349','limit','C000001443','JCTCF','sell');
insert into stocks values('TIVO','C000002541');
insert into transaction ("volume","time","price","seller","buyer","stock") values('0','1975-11-7 08:00:00','224.76','admin','admin','TIVO');
insert into orders ("time","price","volume","type","trader","stock","cat") values('2014-11-7 08:00:00','224.76','1907182','limit','C000002541','TIVO','sell');
insert into stocks values('NEOT','C000001764');
insert into transaction ("volume","time","price","seller","buyer","stock") values('0','1975-11-7 08:00:00','446.22','admin','admin','NEOT');
insert into orders ("time","price","volume","type","trader","stock","cat") values('2014-11-7 08:00:00','446.22','1128101','limit','C000001764','NEOT','sell');
insert into stocks values('GPIC','C000001102');
insert into transaction ("volume","time","price","seller","buyer","stock") values('0','1975-11-7 08:00:00','270.66','admin','admin','GPIC');
insert into orders ("time","price","volume","type","trader","stock","cat") values('2014-11-7 08:00:00','270.66','1195016','limit','C000001102','GPIC','sell');
insert into stocks values('CLMS','C000000423');
insert into transaction ("volume","time","price","seller","buyer","stock") values('0','1975-11-7 08:00:00','449.61','admin','admin','CLMS');
insert into orders ("time","price","volume","type","trader","stock","cat") values('2014-11-7 08:00:00','449.61','1995513','limit','C000000423','CLMS','sell');
insert into stocks values('BRID','C000000395');
insert into transaction ("volume","time","price","seller","buyer","stock") values('0','1975-11-7 08:00:00','108.46','admin','admin','BRID');
insert into orders ("time","price","volume","type","trader","stock","cat") values('2014-11-7 08:00:00','108.46','1716766','limit','C000000395','BRID','sell');
insert into stocks values('RELY','C000002134');
insert into transaction ("volume","time","price","seller","buyer","stock") values('0','1975-11-7 08:00:00','312.49','admin','admin','RELY');
insert into orders ("time","price","volume","type","trader","stock","cat") values('2014-11-7 08:00:00','312.49','1552667','limit','C000002134','RELY','sell');
insert into stocks values('SEV','C000002265');
insert into transaction ("volume","time","price","seller","buyer","stock") values('0','1975-11-7 08:00:00','211.14','admin','admin','SEV');
insert into orders ("time","price","volume","type","trader","stock","cat") values('2014-11-7 08:00:00','211.14','1130106','limit','C000002265','SEV','sell');
insert into stocks values('ASMB','C000000241');
insert into transaction ("volume","time","price","seller","buyer","stock") values('0','1975-11-7 08:00:00','16.24','admin','admin','ASMB');
insert into orders ("time","price","volume","type","trader","stock","cat") values('2014-11-7 08:00:00','16.24','1682394','limit','C000000241','ASMB','sell');
insert into stocks values('SMMT','C000002409');
insert into transaction ("volume","time","price","seller","buyer","stock") values('0','1975-11-7 08:00:00','226.18','admin','admin','SMMT');
insert into orders ("time","price","volume","type","trader","stock","cat") values('2014-11-7 08:00:00','226.18','1817673','limit','C000002409','SMMT','sell');
insert into stocks values('SNC','C000002378');
insert into transaction ("volume","time","price","seller","buyer","stock") values('0','1975-11-7 08:00:00','203.77','admin','admin','SNC');
insert into orders ("time","price","volume","type","trader","stock","cat") values('2014-11-7 08:00:00','203.77','1581319','limit','C000002378','SNC','sell');
insert into stocks values('KVHI','C000001492');
insert into transaction ("volume","time","price","seller","buyer","stock") values('0','1975-11-7 08:00:00','223.38','admin','admin','KVHI');
insert into orders ("time","price","volume","type","trader","stock","cat") values('2014-11-7 08:00:00','223.38','1218456','limit','C000001492','KVHI','sell');
insert into stocks values('TRCB','C000002590');
insert into transaction ("volume","time","price","seller","buyer","stock") values('0','1975-11-7 08:00:00','179.99','admin','admin','TRCB');
insert into orders ("time","price","volume","type","trader","stock","cat") values('2014-11-7 08:00:00','179.99','1381523','limit','C000002590','TRCB','sell');
insert into stocks values('ZAGG','C000002849');
insert into transaction ("volume","time","price","seller","buyer","stock") values('0','1975-11-7 08:00:00','55.56','admin','admin','ZAGG');
insert into orders ("time","price","volume","type","trader","stock","cat") values('2014-11-7 08:00:00','55.56','1347033','limit','C000002849','ZAGG','sell');
insert into stocks values('NTLS','C000001820');
insert into transaction ("volume","time","price","seller","buyer","stock") values('0','1975-11-7 08:00:00','430.4','admin','admin','NTLS');
insert into orders ("time","price","volume","type","trader","stock","cat") values('2014-11-7 08:00:00','430.4','1021383','limit','C000001820','NTLS','sell');
insert into stocks values('TTGT','C000002466');
insert into transaction ("volume","time","price","seller","buyer","stock") values('0','1975-11-7 08:00:00','461.48','admin','admin','TTGT');
insert into orders ("time","price","volume","type","trader","stock","cat") values('2014-11-7 08:00:00','461.48','1990381','limit','C000002466','TTGT','sell');
insert into stocks values('APIC','C000000186');
insert into transaction ("volume","time","price","seller","buyer","stock") values('0','1975-11-7 08:00:00','453.04','admin','admin','APIC');
insert into orders ("time","price","volume","type","trader","stock","cat") values('2014-11-7 08:00:00','453.04','1150505','limit','C000000186','APIC','sell');
insert into stocks values('THRX','C000002529');
insert into transaction ("volume","time","price","seller","buyer","stock") values('0','1975-11-7 08:00:00','318.11','admin','admin','THRX');
insert into orders ("time","price","volume","type","trader","stock","cat") values('2014-11-7 08:00:00','318.11','1769187','limit','C000002529','THRX','sell');
insert into stocks values('KFFB','C000001465');
insert into transaction ("volume","time","price","seller","buyer","stock") values('0','1975-11-7 08:00:00','498.23','admin','admin','KFFB');
insert into orders ("time","price","volume","type","trader","stock","cat") values('2014-11-7 08:00:00','498.23','1082310','limit','C000001465','KFFB','sell');
insert into stocks values('ADXSW','C000000062');
insert into transaction ("volume","time","price","seller","buyer","stock") values('0','1975-11-7 08:00:00','137.6','admin','admin','ADXSW');
insert into orders ("time","price","volume","type","trader","stock","cat") values('2014-11-7 08:00:00','137.6','1724951','limit','C000000062','ADXSW','sell');
insert into stocks values('USMD','C000002651');
insert into transaction ("volume","time","price","seller","buyer","stock") values('0','1975-11-7 08:00:00','188.05','admin','admin','USMD');
insert into orders ("time","price","volume","type","trader","stock","cat") values('2014-11-7 08:00:00','188.05','1743202','limit','C000002651','USMD','sell');
insert into stocks values('CNFR','C000000649');
insert into transaction ("volume","time","price","seller","buyer","stock") values('0','1975-11-7 08:00:00','189.62','admin','admin','CNFR');
insert into orders ("time","price","volume","type","trader","stock","cat") values('2014-11-7 08:00:00','189.62','1498576','limit','C000000649','CNFR','sell');
insert into stocks values('AAVL','C000000276');
insert into transaction ("volume","time","price","seller","buyer","stock") values('0','1975-11-7 08:00:00','163.36','admin','admin','AAVL');
insert into orders ("time","price","volume","type","trader","stock","cat") values('2014-11-7 08:00:00','163.36','1126084','limit','C000000276','AAVL','sell');
insert into stocks values('ENZY','C000000874');
insert into transaction ("volume","time","price","seller","buyer","stock") values('0','1975-11-7 08:00:00','430.97','admin','admin','ENZY');
insert into orders ("time","price","volume","type","trader","stock","cat") values('2014-11-7 08:00:00','430.97','1669703','limit','C000000874','ENZY','sell');
insert into stocks values('PFBX','C000001966');
insert into transaction ("volume","time","price","seller","buyer","stock") values('0','1975-11-7 08:00:00','459.09','admin','admin','PFBX');
insert into orders ("time","price","volume","type","trader","stock","cat") values('2014-11-7 08:00:00','459.09','1979539','limit','C000001966','PFBX','sell');
insert into stocks values('FRPT','C000001079');
insert into transaction ("volume","time","price","seller","buyer","stock") values('0','1975-11-7 08:00:00','122.37','admin','admin','FRPT');
insert into orders ("time","price","volume","type","trader","stock","cat") values('2014-11-7 08:00:00','122.37','1962422','limit','C000001079','FRPT','sell');
insert into stocks values('IIJI','C000001366');
insert into transaction ("volume","time","price","seller","buyer","stock") values('0','1975-11-7 08:00:00','474.45','admin','admin','IIJI');
insert into orders ("time","price","volume","type","trader","stock","cat") values('2014-11-7 08:00:00','474.45','1497046','limit','C000001366','IIJI','sell');
insert into stocks values('GSOL','C000001139');
insert into transaction ("volume","time","price","seller","buyer","stock") values('0','1975-11-7 08:00:00','452.12','admin','admin','GSOL');
insert into orders ("time","price","volume","type","trader","stock","cat") values('2014-11-7 08:00:00','452.12','1770301','limit','C000001139','GSOL','sell');
insert into stocks values('STML','C000002387');
insert into transaction ("volume","time","price","seller","buyer","stock") values('0','1975-11-7 08:00:00','430.42','admin','admin','STML');
insert into orders ("time","price","volume","type","trader","stock","cat") values('2014-11-7 08:00:00','430.42','1086111','limit','C000002387','STML','sell');
insert into stocks values('HEOP','C000001238');
insert into transaction ("volume","time","price","seller","buyer","stock") values('0','1975-11-7 08:00:00','133.22','admin','admin','HEOP');
insert into orders ("time","price","volume","type","trader","stock","cat") values('2014-11-7 08:00:00','133.22','1485463','limit','C000001238','HEOP','sell');
insert into stocks values('EGLT','C000000827');
insert into transaction ("volume","time","price","seller","buyer","stock") values('0','1975-11-7 08:00:00','80.07','admin','admin','EGLT');
insert into orders ("time","price","volume","type","trader","stock","cat") values('2014-11-7 08:00:00','80.07','1296280','limit','C000000827','EGLT','sell');
insert into stocks values('SHOS','C000002246');
insert into transaction ("volume","time","price","seller","buyer","stock") values('0','1975-11-7 08:00:00','13.68','admin','admin','SHOS');
insert into orders ("time","price","volume","type","trader","stock","cat") values('2014-11-7 08:00:00','13.68','1131722','limit','C000002246','SHOS','sell');
insert into stocks values('ACHN','C000000039');
insert into transaction ("volume","time","price","seller","buyer","stock") values('0','1975-11-7 08:00:00','329.22','admin','admin','ACHN');
insert into orders ("time","price","volume","type","trader","stock","cat") values('2014-11-7 08:00:00','329.22','1291684','limit','C000000039','ACHN','sell');
insert into stocks values('BDBD','C000000388');
insert into transaction ("volume","time","price","seller","buyer","stock") values('0','1975-11-7 08:00:00','257.22','admin','admin','BDBD');
insert into orders ("time","price","volume","type","trader","stock","cat") values('2014-11-7 08:00:00','257.22','1532736','limit','C000000388','BDBD','sell');
insert into stocks values('AVID','C000000280');
insert into transaction ("volume","time","price","seller","buyer","stock") values('0','1975-11-7 08:00:00','89.87','admin','admin','AVID');
insert into orders ("time","price","volume","type","trader","stock","cat") values('2014-11-7 08:00:00','89.87','1126823','limit','C000000280','AVID','sell');
insert into stocks values('SMRT','C000002383');
insert into transaction ("volume","time","price","seller","buyer","stock") values('0','1975-11-7 08:00:00','165.88','admin','admin','SMRT');
insert into orders ("time","price","volume","type","trader","stock","cat") values('2014-11-7 08:00:00','165.88','1752384','limit','C000002383','SMRT','sell');
insert into stocks values('CZWI','C000000581');
insert into transaction ("volume","time","price","seller","buyer","stock") values('0','1975-11-7 08:00:00','315.16','admin','admin','CZWI');
insert into orders ("time","price","volume","type","trader","stock","cat") values('2014-11-7 08:00:00','315.16','1782662','limit','C000000581','CZWI','sell');
insert into stocks values('RRM','C000002203');
insert into transaction ("volume","time","price","seller","buyer","stock") values('0','1975-11-7 08:00:00','116.72','admin','admin','RRM');
insert into orders ("time","price","volume","type","trader","stock","cat") values('2014-11-7 08:00:00','116.72','1043231','limit','C000002203','RRM','sell');
insert into stocks values('SLP','C000002298');
insert into transaction ("volume","time","price","seller","buyer","stock") values('0','1975-11-7 08:00:00','109.03','admin','admin','SLP');
insert into orders ("time","price","volume","type","trader","stock","cat") values('2014-11-7 08:00:00','109.03','1108678','limit','C000002298','SLP','sell');
insert into stocks values('ADMA','C000000056');
insert into transaction ("volume","time","price","seller","buyer","stock") values('0','1975-11-7 08:00:00','384.66','admin','admin','ADMA');
insert into orders ("time","price","volume","type","trader","stock","cat") values('2014-11-7 08:00:00','384.66','1106832','limit','C000000056','ADMA','sell');
insert into stocks values('SSRG','C000002435');
insert into transaction ("volume","time","price","seller","buyer","stock") values('0','1975-11-7 08:00:00','472.66','admin','admin','SSRG');
insert into orders ("time","price","volume","type","trader","stock","cat") values('2014-11-7 08:00:00','472.66','1729520','limit','C000002435','SSRG','sell');
insert into stocks values('RGLS','C000002148');
insert into transaction ("volume","time","price","seller","buyer","stock") values('0','1975-11-7 08:00:00','403.0','admin','admin','RGLS');
insert into orders ("time","price","volume","type","trader","stock","cat") values('2014-11-7 08:00:00','403.0','1899295','limit','C000002148','RGLS','sell');
insert into stocks values('BGCP','C000000328');
insert into transaction ("volume","time","price","seller","buyer","stock") values('0','1975-11-7 08:00:00','357.54','admin','admin','BGCP');
insert into orders ("time","price","volume","type","trader","stock","cat") values('2014-11-7 08:00:00','357.54','1768645','limit','C000000328','BGCP','sell');
insert into stocks values('IPWR','C000001296');
insert into transaction ("volume","time","price","seller","buyer","stock") values('0','1975-11-7 08:00:00','434.9','admin','admin','IPWR');
insert into orders ("time","price","volume","type","trader","stock","cat") values('2014-11-7 08:00:00','434.9','1373761','limit','C000001296','IPWR','sell');
insert into stocks values('CZR','C000000419');
insert into transaction ("volume","time","price","seller","buyer","stock") values('0','1975-11-7 08:00:00','361.94','admin','admin','CZR');
insert into orders ("time","price","volume","type","trader","stock","cat") values('2014-11-7 08:00:00','361.94','1713525','limit','C000000419','CZR','sell');
insert into stocks values('LQDT','C000001550');
insert into transaction ("volume","time","price","seller","buyer","stock") values('0','1975-11-7 08:00:00','107.63','admin','admin','LQDT');
insert into orders ("time","price","volume","type","trader","stock","cat") values('2014-11-7 08:00:00','107.63','1637372','limit','C000001550','LQDT','sell');
insert into stocks values('MITL','C000001691');
insert into transaction ("volume","time","price","seller","buyer","stock") values('0','1975-11-7 08:00:00','189.17','admin','admin','MITL');
insert into orders ("time","price","volume","type","trader","stock","cat") values('2014-11-7 08:00:00','189.17','1886349','limit','C000001691','MITL','sell');
insert into stocks values('HDNG','C000001206');
insert into transaction ("volume","time","price","seller","buyer","stock") values('0','1975-11-7 08:00:00','395.08','admin','admin','HDNG');
insert into orders ("time","price","volume","type","trader","stock","cat") values('2014-11-7 08:00:00','395.08','1616892','limit','C000001206','HDNG','sell');
insert into stocks values('SYNL','C000002437');
insert into transaction ("volume","time","price","seller","buyer","stock") values('0','1975-11-7 08:00:00','173.57','admin','admin','SYNL');
insert into orders ("time","price","volume","type","trader","stock","cat") values('2014-11-7 08:00:00','173.57','1659211','limit','C000002437','SYNL','sell');
insert into stocks values('PCMI','C000001949');
insert into transaction ("volume","time","price","seller","buyer","stock") values('0','1975-11-7 08:00:00','180.95','admin','admin','PCMI');
insert into orders ("time","price","volume","type","trader","stock","cat") values('2014-11-7 08:00:00','180.95','1392223','limit','C000001949','PCMI','sell');
insert into stocks values('SIGM','C000002284');
insert into transaction ("volume","time","price","seller","buyer","stock") values('0','1975-11-7 08:00:00','287.48','admin','admin','SIGM');
insert into orders ("time","price","volume","type","trader","stock","cat") values('2014-11-7 08:00:00','287.48','1171344','limit','C000002284','SIGM','sell');
insert into stocks values('GLAD','C000001129');
insert into transaction ("volume","time","price","seller","buyer","stock") values('0','1975-11-7 08:00:00','58.89','admin','admin','GLAD');
insert into orders ("time","price","volume","type","trader","stock","cat") values('2014-11-7 08:00:00','58.89','1658874','limit','C000001129','GLAD','sell');
insert into stocks values('PLBC','C000002000');
insert into transaction ("volume","time","price","seller","buyer","stock") values('0','1975-11-7 08:00:00','173.41','admin','admin','PLBC');
insert into orders ("time","price","volume","type","trader","stock","cat") values('2014-11-7 08:00:00','173.41','1563625','limit','C000002000','PLBC','sell');
insert into stocks values('MRVL','C000001613');
insert into transaction ("volume","time","price","seller","buyer","stock") values('0','1975-11-7 08:00:00','207.23','admin','admin','MRVL');
insert into orders ("time","price","volume","type","trader","stock","cat") values('2014-11-7 08:00:00','207.23','1716434','limit','C000001613','MRVL','sell');
insert into stocks values('FSFR','C000000943');
insert into transaction ("volume","time","price","seller","buyer","stock") values('0','1975-11-7 08:00:00','367.42','admin','admin','FSFR');
insert into orders ("time","price","volume","type","trader","stock","cat") values('2014-11-7 08:00:00','367.42','1639537','limit','C000000943','FSFR','sell');
insert into stocks values('NTRA','C000001736');
insert into transaction ("volume","time","price","seller","buyer","stock") values('0','1975-11-7 08:00:00','145.14','admin','admin','NTRA');
insert into orders ("time","price","volume","type","trader","stock","cat") values('2014-11-7 08:00:00','145.14','1550287','limit','C000001736','NTRA','sell');
insert into stocks values('FORM','C000001061');
insert into transaction ("volume","time","price","seller","buyer","stock") values('0','1975-11-7 08:00:00','458.48','admin','admin','FORM');
insert into orders ("time","price","volume","type","trader","stock","cat") values('2014-11-7 08:00:00','458.48','1891640','limit','C000001061','FORM','sell');
insert into stocks values('UBCP','C000002612');
insert into transaction ("volume","time","price","seller","buyer","stock") values('0','1975-11-7 08:00:00','196.0','admin','admin','UBCP');
insert into orders ("time","price","volume","type","trader","stock","cat") values('2014-11-7 08:00:00','196.0','1862742','limit','C000002612','UBCP','sell');
insert into stocks values('PRGNL','C000001927');
insert into transaction ("volume","time","price","seller","buyer","stock") values('0','1975-11-7 08:00:00','164.29','admin','admin','PRGNL');
insert into orders ("time","price","volume","type","trader","stock","cat") values('2014-11-7 08:00:00','164.29','1503670','limit','C000001927','PRGNL','sell');
insert into stocks values('JASO','C000001428');
insert into transaction ("volume","time","price","seller","buyer","stock") values('0','1975-11-7 08:00:00','277.4','admin','admin','JASO');
insert into orders ("time","price","volume","type","trader","stock","cat") values('2014-11-7 08:00:00','277.4','1561059','limit','C000001428','JASO','sell');
insert into stocks values('MTLS','C000001615');
insert into transaction ("volume","time","price","seller","buyer","stock") values('0','1975-11-7 08:00:00','247.49','admin','admin','MTLS');
insert into orders ("time","price","volume","type","trader","stock","cat") values('2014-11-7 08:00:00','247.49','1299571','limit','C000001615','MTLS','sell');
insert into stocks values('TNGO','C000002456');
insert into transaction ("volume","time","price","seller","buyer","stock") values('0','1975-11-7 08:00:00','10.58','admin','admin','TNGO');
insert into orders ("time","price","volume","type","trader","stock","cat") values('2014-11-7 08:00:00','10.58','1324067','limit','C000002456','TNGO','sell');
insert into stocks values('IRIX','C000001390');
insert into transaction ("volume","time","price","seller","buyer","stock") values('0','1975-11-7 08:00:00','306.05','admin','admin','IRIX');
insert into orders ("time","price","volume","type","trader","stock","cat") values('2014-11-7 08:00:00','306.05','1476001','limit','C000001390','IRIX','sell');
insert into stocks values('STAA','C000002367');
insert into transaction ("volume","time","price","seller","buyer","stock") values('0','1975-11-7 08:00:00','61.21','admin','admin','STAA');
insert into orders ("time","price","volume","type","trader","stock","cat") values('2014-11-7 08:00:00','61.21','1142791','limit','C000002367','STAA','sell');
insert into stocks values('FSBK','C000000983');
insert into transaction ("volume","time","price","seller","buyer","stock") values('0','1975-11-7 08:00:00','444.22','admin','admin','FSBK');
insert into orders ("time","price","volume","type","trader","stock","cat") values('2014-11-7 08:00:00','444.22','1761788','limit','C000000983','FSBK','sell');
insert into stocks values('ASFI','C000000242');
insert into transaction ("volume","time","price","seller","buyer","stock") values('0','1975-11-7 08:00:00','86.27','admin','admin','ASFI');
insert into orders ("time","price","volume","type","trader","stock","cat") values('2014-11-7 08:00:00','86.27','1107710','limit','C000000242','ASFI','sell');
insert into stocks values('FDML','C000000930');
insert into transaction ("volume","time","price","seller","buyer","stock") values('0','1975-11-7 08:00:00','414.15','admin','admin','FDML');
insert into orders ("time","price","volume","type","trader","stock","cat") values('2014-11-7 08:00:00','414.15','1895256','limit','C000000930','FDML','sell');
insert into stocks values('CCIH','C000000563');
insert into transaction ("volume","time","price","seller","buyer","stock") values('0','1975-11-7 08:00:00','209.09','admin','admin','CCIH');
insert into orders ("time","price","volume","type","trader","stock","cat") values('2014-11-7 08:00:00','209.09','1890475','limit','C000000563','CCIH','sell');
insert into stocks values('NVLS','C000001795');
insert into transaction ("volume","time","price","seller","buyer","stock") values('0','1975-11-7 08:00:00','308.78','admin','admin','NVLS');
insert into orders ("time","price","volume","type","trader","stock","cat") values('2014-11-7 08:00:00','308.78','1250346','limit','C000001795','NVLS','sell');
insert into stocks values('SVVC','C000001038');
insert into transaction ("volume","time","price","seller","buyer","stock") values('0','1975-11-7 08:00:00','146.29','admin','admin','SVVC');
insert into orders ("time","price","volume","type","trader","stock","cat") values('2014-11-7 08:00:00','146.29','1364444','limit','C000001038','SVVC','sell');
insert into stocks values('TAXI','C000001630');
insert into transaction ("volume","time","price","seller","buyer","stock") values('0','1975-11-7 08:00:00','328.31','admin','admin','TAXI');
insert into orders ("time","price","volume","type","trader","stock","cat") values('2014-11-7 08:00:00','328.31','1024877','limit','C000001630','TAXI','sell');
insert into stocks values('CRME','C000000462');
insert into transaction ("volume","time","price","seller","buyer","stock") values('0','1975-11-7 08:00:00','125.58','admin','admin','CRME');
insert into orders ("time","price","volume","type","trader","stock","cat") values('2014-11-7 08:00:00','125.58','1903491','limit','C000000462','CRME','sell');
insert into stocks values('JCS','C000000630');
insert into transaction ("volume","time","price","seller","buyer","stock") values('0','1975-11-7 08:00:00','116.56','admin','admin','JCS');
insert into orders ("time","price","volume","type","trader","stock","cat") values('2014-11-7 08:00:00','116.56','1413637','limit','C000000630','JCS','sell');
insert into stocks values('UGLD','C000000011');
insert into transaction ("volume","time","price","seller","buyer","stock") values('0','1975-11-7 08:00:00','253.53','admin','admin','UGLD');
insert into orders ("time","price","volume","type","trader","stock","cat") values('2014-11-7 08:00:00','253.53','1475736','limit','C000000011','UGLD','sell');
insert into stocks values('CRWS','C000000694');
insert into transaction ("volume","time","price","seller","buyer","stock") values('0','1975-11-7 08:00:00','153.73','admin','admin','CRWS');
insert into orders ("time","price","volume","type","trader","stock","cat") values('2014-11-7 08:00:00','153.73','1900381','limit','C000000694','CRWS','sell');
insert into stocks values('LFVN','C000001532');
insert into transaction ("volume","time","price","seller","buyer","stock") values('0','1975-11-7 08:00:00','242.92','admin','admin','LFVN');
insert into orders ("time","price","volume","type","trader","stock","cat") values('2014-11-7 08:00:00','242.92','1431260','limit','C000001532','LFVN','sell');
insert into stocks values('FMNB','C000000924');
insert into transaction ("volume","time","price","seller","buyer","stock") values('0','1975-11-7 08:00:00','13.33','admin','admin','FMNB');
insert into orders ("time","price","volume","type","trader","stock","cat") values('2014-11-7 08:00:00','13.33','1357948','limit','C000000924','FMNB','sell');
insert into stocks values('SKYS','C000002308');
insert into transaction ("volume","time","price","seller","buyer","stock") values('0','1975-11-7 08:00:00','149.14','admin','admin','SKYS');
insert into orders ("time","price","volume","type","trader","stock","cat") values('2014-11-7 08:00:00','149.14','1188393','limit','C000002308','SKYS','sell');
insert into stocks values('FFBCW','C000000967');
insert into transaction ("volume","time","price","seller","buyer","stock") values('0','1975-11-7 08:00:00','248.73','admin','admin','FFBCW');
insert into orders ("time","price","volume","type","trader","stock","cat") values('2014-11-7 08:00:00','248.73','1704576','limit','C000000967','FFBCW','sell');
insert into stocks values('REGI','C000002155');
insert into transaction ("volume","time","price","seller","buyer","stock") values('0','1975-11-7 08:00:00','125.33','admin','admin','REGI');
insert into orders ("time","price","volume","type","trader","stock","cat") values('2014-11-7 08:00:00','125.33','1351510','limit','C000002155','REGI','sell');
insert into stocks values('KTCC','C000001470');
insert into transaction ("volume","time","price","seller","buyer","stock") values('0','1975-11-7 08:00:00','237.21','admin','admin','KTCC');
insert into orders ("time","price","volume","type","trader","stock","cat") values('2014-11-7 08:00:00','237.21','1781541','limit','C000001470','KTCC','sell');
insert into stocks values('IRDM','C000001391');
insert into transaction ("volume","time","price","seller","buyer","stock") values('0','1975-11-7 08:00:00','302.94','admin','admin','IRDM');
insert into orders ("time","price","volume","type","trader","stock","cat") values('2014-11-7 08:00:00','302.94','1432662','limit','C000001391','IRDM','sell');
insert into stocks values('GRBK','C000001171');
insert into transaction ("volume","time","price","seller","buyer","stock") values('0','1975-11-7 08:00:00','180.63','admin','admin','GRBK');
insert into orders ("time","price","volume","type","trader","stock","cat") values('2014-11-7 08:00:00','180.63','1963973','limit','C000001171','GRBK','sell');
insert into stocks values('EQFN','C000000880');
insert into transaction ("volume","time","price","seller","buyer","stock") values('0','1975-11-7 08:00:00','131.2','admin','admin','EQFN');
insert into orders ("time","price","volume","type","trader","stock","cat") values('2014-11-7 08:00:00','131.2','1535972','limit','C000000880','EQFN','sell');
insert into stocks values('NAME','C000002181');
insert into transaction ("volume","time","price","seller","buyer","stock") values('0','1975-11-7 08:00:00','439.64','admin','admin','NAME');
insert into orders ("time","price","volume","type","trader","stock","cat") values('2014-11-7 08:00:00','439.64','1267953','limit','C000002181','NAME','sell');
insert into stocks values('RWLK','C000002174');
insert into transaction ("volume","time","price","seller","buyer","stock") values('0','1975-11-7 08:00:00','402.9','admin','admin','RWLK');
insert into orders ("time","price","volume","type","trader","stock","cat") values('2014-11-7 08:00:00','402.9','1979274','limit','C000002174','RWLK','sell');
insert into stocks values('AMBCW','C000000130');
insert into transaction ("volume","time","price","seller","buyer","stock") values('0','1975-11-7 08:00:00','182.12','admin','admin','AMBCW');
insert into orders ("time","price","volume","type","trader","stock","cat") values('2014-11-7 08:00:00','182.12','1278346','limit','C000000130','AMBCW','sell');
insert into stocks values('USBI','C000002625');
insert into transaction ("volume","time","price","seller","buyer","stock") values('0','1975-11-7 08:00:00','265.51','admin','admin','USBI');
insert into orders ("time","price","volume","type","trader","stock","cat") values('2014-11-7 08:00:00','265.51','1578775','limit','C000002625','USBI','sell');
insert into stocks values('SPCB','C000002421');
insert into transaction ("volume","time","price","seller","buyer","stock") values('0','1975-11-7 08:00:00','342.06','admin','admin','SPCB');
insert into orders ("time","price","volume","type","trader","stock","cat") values('2014-11-7 08:00:00','342.06','1787153','limit','C000002421','SPCB','sell');
insert into stocks values('RUN','C000002417');
insert into transaction ("volume","time","price","seller","buyer","stock") values('0','1975-11-7 08:00:00','383.61','admin','admin','RUN');
insert into orders ("time","price","volume","type","trader","stock","cat") values('2014-11-7 08:00:00','383.61','1133298','limit','C000002417','RUN','sell');
insert into stocks values('XENE','C000002829');
insert into transaction ("volume","time","price","seller","buyer","stock") values('0','1975-11-7 08:00:00','309.52','admin','admin','XENE');
insert into orders ("time","price","volume","type","trader","stock","cat") values('2014-11-7 08:00:00','309.52','1768774','limit','C000002829','XENE','sell');
insert into stocks values('WVVI','C000002782');
insert into transaction ("volume","time","price","seller","buyer","stock") values('0','1975-11-7 08:00:00','170.42','admin','admin','WVVI');
insert into orders ("time","price","volume","type","trader","stock","cat") values('2014-11-7 08:00:00','170.42','1781855','limit','C000002782','WVVI','sell');
insert into stocks values('SHLO','C000002272');
insert into transaction ("volume","time","price","seller","buyer","stock") values('0','1975-11-7 08:00:00','128.36','admin','admin','SHLO');
insert into orders ("time","price","volume","type","trader","stock","cat") values('2014-11-7 08:00:00','128.36','1743448','limit','C000002272','SHLO','sell');
insert into stocks values('CACQ','C000000418');
insert into transaction ("volume","time","price","seller","buyer","stock") values('0','1975-11-7 08:00:00','256.21','admin','admin','CACQ');
insert into orders ("time","price","volume","type","trader","stock","cat") values('2014-11-7 08:00:00','256.21','1698414','limit','C000000418','CACQ','sell');
insert into stocks values('AGRX','C000000077');
insert into transaction ("volume","time","price","seller","buyer","stock") values('0','1975-11-7 08:00:00','76.65','admin','admin','AGRX');
insert into orders ("time","price","volume","type","trader","stock","cat") values('2014-11-7 08:00:00','76.65','1022439','limit','C000000077','AGRX','sell');
insert into stocks values('VPCOU','C000002678');
insert into transaction ("volume","time","price","seller","buyer","stock") values('0','1975-11-7 08:00:00','53.65','admin','admin','VPCOU');
insert into orders ("time","price","volume","type","trader","stock","cat") values('2014-11-7 08:00:00','53.65','1961970','limit','C000002678','VPCOU','sell');
insert into stocks values('UPLD','C000002637');
insert into transaction ("volume","time","price","seller","buyer","stock") values('0','1975-11-7 08:00:00','381.23','admin','admin','UPLD');
insert into orders ("time","price","volume","type","trader","stock","cat") values('2014-11-7 08:00:00','381.23','1121485','limit','C000002637','UPLD','sell');
insert into stocks values('TESO','C000002479');
insert into transaction ("volume","time","price","seller","buyer","stock") values('0','1975-11-7 08:00:00','354.35','admin','admin','TESO');
insert into orders ("time","price","volume","type","trader","stock","cat") values('2014-11-7 08:00:00','354.35','1485883','limit','C000002479','TESO','sell');
insert into stocks values('SRSC','C000002244');
insert into transaction ("volume","time","price","seller","buyer","stock") values('0','1975-11-7 08:00:00','348.51','admin','admin','SRSC');
insert into orders ("time","price","volume","type","trader","stock","cat") values('2014-11-7 08:00:00','348.51','1916902','limit','C000002244','SRSC','sell');
insert into stocks values('VTL','C000002735');
insert into transaction ("volume","time","price","seller","buyer","stock") values('0','1975-11-7 08:00:00','13.77','admin','admin','VTL');
insert into orders ("time","price","volume","type","trader","stock","cat") values('2014-11-7 08:00:00','13.77','1054866','limit','C000002735','VTL','sell');
insert into stocks values('SBBP','C000002402');
insert into transaction ("volume","time","price","seller","buyer","stock") values('0','1975-11-7 08:00:00','427.12','admin','admin','SBBP');
insert into orders ("time","price","volume","type","trader","stock","cat") values('2014-11-7 08:00:00','427.12','1864792','limit','C000002402','SBBP','sell');
insert into stocks values('WIFI','C000000380');
insert into transaction ("volume","time","price","seller","buyer","stock") values('0','1975-11-7 08:00:00','207.1','admin','admin','WIFI');
insert into orders ("time","price","volume","type","trader","stock","cat") values('2014-11-7 08:00:00','207.1','1453249','limit','C000000380','WIFI','sell');
insert into stocks values('JAKK','C000001434');
insert into transaction ("volume","time","price","seller","buyer","stock") values('0','1975-11-7 08:00:00','256.1','admin','admin','JAKK');
insert into orders ("time","price","volume","type","trader","stock","cat") values('2014-11-7 08:00:00','256.1','1080376','limit','C000001434','JAKK','sell');
insert into stocks values('EDGW','C000000823');
insert into transaction ("volume","time","price","seller","buyer","stock") values('0','1975-11-7 08:00:00','92.66','admin','admin','EDGW');
insert into orders ("time","price","volume","type","trader","stock","cat") values('2014-11-7 08:00:00','92.66','1365014','limit','C000000823','EDGW','sell');
insert into stocks values('NVIV','C000001382');
insert into transaction ("volume","time","price","seller","buyer","stock") values('0','1975-11-7 08:00:00','484.19','admin','admin','NVIV');
insert into orders ("time","price","volume","type","trader","stock","cat") values('2014-11-7 08:00:00','484.19','1049642','limit','C000001382','NVIV','sell');
insert into stocks values('ADHD','C000000096');
insert into transaction ("volume","time","price","seller","buyer","stock") values('0','1975-11-7 08:00:00','429.07','admin','admin','ADHD');
insert into orders ("time","price","volume","type","trader","stock","cat") values('2014-11-7 08:00:00','429.07','1152861','limit','C000000096','ADHD','sell');
insert into stocks values('TLGT','C000002472');
insert into transaction ("volume","time","price","seller","buyer","stock") values('0','1975-11-7 08:00:00','213.81','admin','admin','TLGT');
insert into orders ("time","price","volume","type","trader","stock","cat") values('2014-11-7 08:00:00','213.81','1732403','limit','C000002472','TLGT','sell');
insert into stocks values('SMED','C000002270');
insert into transaction ("volume","time","price","seller","buyer","stock") values('0','1975-11-7 08:00:00','234.39','admin','admin','SMED');
insert into orders ("time","price","volume","type","trader","stock","cat") values('2014-11-7 08:00:00','234.39','1343083','limit','C000002270','SMED','sell');
insert into stocks values('WATT','C000000858');
insert into transaction ("volume","time","price","seller","buyer","stock") values('0','1975-11-7 08:00:00','324.03','admin','admin','WATT');
insert into orders ("time","price","volume","type","trader","stock","cat") values('2014-11-7 08:00:00','324.03','1450928','limit','C000000858','WATT','sell');
insert into stocks values('WAFDW','C000002750');
insert into transaction ("volume","time","price","seller","buyer","stock") values('0','1975-11-7 08:00:00','282.42','admin','admin','WAFDW');
insert into orders ("time","price","volume","type","trader","stock","cat") values('2014-11-7 08:00:00','282.42','1946103','limit','C000002750','WAFDW','sell');
insert into stocks values('VNR','C000002665');
insert into transaction ("volume","time","price","seller","buyer","stock") values('0','1975-11-7 08:00:00','308.05','admin','admin','VNR');
insert into orders ("time","price","volume","type","trader","stock","cat") values('2014-11-7 08:00:00','308.05','1007369','limit','C000002665','VNR','sell');
insert into stocks values('ELOS','C000002441');
insert into transaction ("volume","time","price","seller","buyer","stock") values('0','1975-11-7 08:00:00','96.4','admin','admin','ELOS');
insert into orders ("time","price","volume","type","trader","stock","cat") values('2014-11-7 08:00:00','96.4','1667605','limit','C000002441','ELOS','sell');
insert into stocks values('SLCT','C000002252');
insert into transaction ("volume","time","price","seller","buyer","stock") values('0','1975-11-7 08:00:00','280.79','admin','admin','SLCT');
insert into orders ("time","price","volume","type","trader","stock","cat") values('2014-11-7 08:00:00','280.79','1889218','limit','C000002252','SLCT','sell');
insert into stocks values('TTMI','C000002580');
insert into transaction ("volume","time","price","seller","buyer","stock") values('0','1975-11-7 08:00:00','160.16','admin','admin','TTMI');
insert into orders ("time","price","volume","type","trader","stock","cat") values('2014-11-7 08:00:00','160.16','1980913','limit','C000002580','TTMI','sell');
insert into stocks values('PRCP','C000001970');
insert into transaction ("volume","time","price","seller","buyer","stock") values('0','1975-11-7 08:00:00','122.19','admin','admin','PRCP');
insert into orders ("time","price","volume","type","trader","stock","cat") values('2014-11-7 08:00:00','122.19','1133557','limit','C000001970','PRCP','sell');
insert into stocks values('KURA','C000001491');
insert into transaction ("volume","time","price","seller","buyer","stock") values('0','1975-11-7 08:00:00','172.2','admin','admin','KURA');
insert into orders ("time","price","volume","type","trader","stock","cat") values('2014-11-7 08:00:00','172.2','1044887','limit','C000001491','KURA','sell');
insert into stocks values('PGNX','C000002061');
insert into transaction ("volume","time","price","seller","buyer","stock") values('0','1975-11-7 08:00:00','389.04','admin','admin','PGNX');
insert into orders ("time","price","volume","type","trader","stock","cat") values('2014-11-7 08:00:00','389.04','1300213','limit','C000002061','PGNX','sell');
insert into stocks values('GAIN','C000001131');
insert into transaction ("volume","time","price","seller","buyer","stock") values('0','1975-11-7 08:00:00','276.78','admin','admin','GAIN');
insert into orders ("time","price","volume","type","trader","stock","cat") values('2014-11-7 08:00:00','276.78','1485002','limit','C000001131','GAIN','sell');
insert into stocks values('XNET','C000002838');
insert into transaction ("volume","time","price","seller","buyer","stock") values('0','1975-11-7 08:00:00','214.06','admin','admin','XNET');
insert into orders ("time","price","volume","type","trader","stock","cat") values('2014-11-7 08:00:00','214.06','1770268','limit','C000002838','XNET','sell');
insert into stocks values('WFD','C000002773');
insert into transaction ("volume","time","price","seller","buyer","stock") values('0','1975-11-7 08:00:00','221.84','admin','admin','WFD');
insert into orders ("time","price","volume","type","trader","stock","cat") values('2014-11-7 08:00:00','221.84','1125472','limit','C000002773','WFD','sell');
insert into stocks values('NVAX','C000001817');
insert into transaction ("volume","time","price","seller","buyer","stock") values('0','1975-11-7 08:00:00','460.75','admin','admin','NVAX');
insert into orders ("time","price","volume","type","trader","stock","cat") values('2014-11-7 08:00:00','460.75','1690252','limit','C000001817','NVAX','sell');
insert into stocks values('ATML','C000000261');
insert into transaction ("volume","time","price","seller","buyer","stock") values('0','1975-11-7 08:00:00','221.65','admin','admin','ATML');
insert into orders ("time","price","volume","type","trader","stock","cat") values('2014-11-7 08:00:00','221.65','1152574','limit','C000000261','ATML','sell');
insert into stocks values('TBBK','C000002493');
insert into transaction ("volume","time","price","seller","buyer","stock") values('0','1975-11-7 08:00:00','469.2','admin','admin','TBBK');
insert into orders ("time","price","volume","type","trader","stock","cat") values('2014-11-7 08:00:00','469.2','1614598','limit','C000002493','TBBK','sell');
insert into stocks values('SCLN','C000002236');
insert into transaction ("volume","time","price","seller","buyer","stock") values('0','1975-11-7 08:00:00','360.91','admin','admin','SCLN');
insert into orders ("time","price","volume","type","trader","stock","cat") values('2014-11-7 08:00:00','360.91','1895765','limit','C000002236','SCLN','sell');
insert into stocks values('IIN','C000001374');
insert into transaction ("volume","time","price","seller","buyer","stock") values('0','1975-11-7 08:00:00','132.64','admin','admin','IIN');
insert into orders ("time","price","volume","type","trader","stock","cat") values('2014-11-7 08:00:00','132.64','1705348','limit','C000001374','IIN','sell');
insert into stocks values('NMIH','C000001796');
insert into transaction ("volume","time","price","seller","buyer","stock") values('0','1975-11-7 08:00:00','417.93','admin','admin','NMIH');
insert into orders ("time","price","volume","type","trader","stock","cat") values('2014-11-7 08:00:00','417.93','1844891','limit','C000001796','NMIH','sell');
insert into stocks values('NEO','C000001761');
insert into transaction ("volume","time","price","seller","buyer","stock") values('0','1975-11-7 08:00:00','485.26','admin','admin','NEO');
insert into orders ("time","price","volume","type","trader","stock","cat") values('2014-11-7 08:00:00','485.26','1729350','limit','C000001761','NEO','sell');
insert into stocks values('DTLK','C000000736');
insert into transaction ("volume","time","price","seller","buyer","stock") values('0','1975-11-7 08:00:00','70.69','admin','admin','DTLK');
insert into orders ("time","price","volume","type","trader","stock","cat") values('2014-11-7 08:00:00','70.69','1080717','limit','C000000736','DTLK','sell');
insert into stocks values('CTSO','C000000726');
insert into transaction ("volume","time","price","seller","buyer","stock") values('0','1975-11-7 08:00:00','340.68','admin','admin','CTSO');
insert into orders ("time","price","volume","type","trader","stock","cat") values('2014-11-7 08:00:00','340.68','1032963','limit','C000000726','CTSO','sell');
insert into stocks values('CHW','C000000428');
insert into transaction ("volume","time","price","seller","buyer","stock") values('0','1975-11-7 08:00:00','61.81','admin','admin','CHW');
insert into orders ("time","price","volume","type","trader","stock","cat") values('2014-11-7 08:00:00','61.81','1953802','limit','C000000428','CHW','sell');
insert into stocks values('MATR','C000001618');
insert into transaction ("volume","time","price","seller","buyer","stock") values('0','1975-11-7 08:00:00','36.51','admin','admin','MATR');
insert into orders ("time","price","volume","type","trader","stock","cat") values('2014-11-7 08:00:00','36.51','1379884','limit','C000001618','MATR','sell');
insert into stocks values('CATB','C000000483');
insert into transaction ("volume","time","price","seller","buyer","stock") values('0','1975-11-7 08:00:00','258.23','admin','admin','CATB');
insert into orders ("time","price","volume","type","trader","stock","cat") values('2014-11-7 08:00:00','258.23','1258642','limit','C000000483','CATB','sell');
insert into stocks values('TLF','C000002455');
insert into transaction ("volume","time","price","seller","buyer","stock") values('0','1975-11-7 08:00:00','73.14','admin','admin','TLF');
insert into orders ("time","price","volume","type","trader","stock","cat") values('2014-11-7 08:00:00','73.14','1899525','limit','C000002455','TLF','sell');
insert into stocks values('MRNS','C000001604');
insert into transaction ("volume","time","price","seller","buyer","stock") values('0','1975-11-7 08:00:00','382.93','admin','admin','MRNS');
insert into orders ("time","price","volume","type","trader","stock","cat") values('2014-11-7 08:00:00','382.93','1570320','limit','C000001604','MRNS','sell');
insert into stocks values('KEYW','C000002514');
insert into transaction ("volume","time","price","seller","buyer","stock") values('0','1975-11-7 08:00:00','293.31','admin','admin','KEYW');
insert into orders ("time","price","volume","type","trader","stock","cat") values('2014-11-7 08:00:00','293.31','1325933','limit','C000002514','KEYW','sell');
insert into stocks values('SGMO','C000002225');
insert into transaction ("volume","time","price","seller","buyer","stock") values('0','1975-11-7 08:00:00','142.84','admin','admin','SGMO');
insert into orders ("time","price","volume","type","trader","stock","cat") values('2014-11-7 08:00:00','142.84','1013127','limit','C000002225','SGMO','sell');
insert into stocks values('ODP','C000001849');
insert into transaction ("volume","time","price","seller","buyer","stock") values('0','1975-11-7 08:00:00','499.87','admin','admin','ODP');
insert into orders ("time","price","volume","type","trader","stock","cat") values('2014-11-7 08:00:00','499.87','1914130','limit','C000001849','ODP','sell');
insert into stocks values('BOOM','C000000798');
insert into transaction ("volume","time","price","seller","buyer","stock") values('0','1975-11-7 08:00:00','275.63','admin','admin','BOOM');
insert into orders ("time","price","volume","type","trader","stock","cat") values('2014-11-7 08:00:00','275.63','1107068','limit','C000000798','BOOM','sell');
insert into stocks values('FENX','C000000934');
insert into transaction ("volume","time","price","seller","buyer","stock") values('0','1975-11-7 08:00:00','236.59','admin','admin','FENX');
insert into orders ("time","price","volume","type","trader","stock","cat") values('2014-11-7 08:00:00','236.59','1876609','limit','C000000934','FENX','sell');
insert into stocks values('CORI','C000000668');
insert into transaction ("volume","time","price","seller","buyer","stock") values('0','1975-11-7 08:00:00','165.76','admin','admin','CORI');
insert into orders ("time","price","volume","type","trader","stock","cat") values('2014-11-7 08:00:00','165.76','1653079','limit','C000000668','CORI','sell');
insert into stocks values('WLB','C000002774');
insert into transaction ("volume","time","price","seller","buyer","stock") values('0','1975-11-7 08:00:00','430.84','admin','admin','WLB');
insert into orders ("time","price","volume","type","trader","stock","cat") values('2014-11-7 08:00:00','430.84','1547841','limit','C000002774','WLB','sell');
insert into stocks values('BBRY','C000000359');
insert into transaction ("volume","time","price","seller","buyer","stock") values('0','1975-11-7 08:00:00','403.62','admin','admin','BBRY');
insert into orders ("time","price","volume","type","trader","stock","cat") values('2014-11-7 08:00:00','403.62','1989023','limit','C000000359','BBRY','sell');
insert into stocks values('PSTB','C000001931');
insert into transaction ("volume","time","price","seller","buyer","stock") values('0','1975-11-7 08:00:00','122.35','admin','admin','PSTB');
insert into orders ("time","price","volume","type","trader","stock","cat") values('2014-11-7 08:00:00','122.35','1514025','limit','C000001931','PSTB','sell');
insert into stocks values('INWK','C000001330');
insert into transaction ("volume","time","price","seller","buyer","stock") values('0','1975-11-7 08:00:00','201.42','admin','admin','INWK');
insert into orders ("time","price","volume","type","trader","stock","cat") values('2014-11-7 08:00:00','201.42','1229065','limit','C000001330','INWK','sell');
insert into stocks values('CTG','C000000639');
insert into transaction ("volume","time","price","seller","buyer","stock") values('0','1975-11-7 08:00:00','482.71','admin','admin','CTG');
insert into orders ("time","price","volume","type","trader","stock","cat") values('2014-11-7 08:00:00','482.71','1012742','limit','C000000639','CTG','sell');
insert into stocks values('NECB','C000001803');
insert into transaction ("volume","time","price","seller","buyer","stock") values('0','1975-11-7 08:00:00','273.17','admin','admin','NECB');
insert into orders ("time","price","volume","type","trader","stock","cat") values('2014-11-7 08:00:00','273.17','1964470','limit','C000001803','NECB','sell');
insert into stocks values('APOL','C000000188');
insert into transaction ("volume","time","price","seller","buyer","stock") values('0','1975-11-7 08:00:00','70.98','admin','admin','APOL');
insert into orders ("time","price","volume","type","trader","stock","cat") values('2014-11-7 08:00:00','70.98','1785672','limit','C000000188','APOL','sell');
insert into stocks values('VTVT','C000002744');
insert into transaction ("volume","time","price","seller","buyer","stock") values('0','1975-11-7 08:00:00','120.04','admin','admin','VTVT');
insert into orders ("time","price","volume","type","trader","stock","cat") values('2014-11-7 08:00:00','120.04','1150547','limit','C000002744','VTVT','sell');
insert into stocks values('GLBL','C000002474');
insert into transaction ("volume","time","price","seller","buyer","stock") values('0','1975-11-7 08:00:00','249.68','admin','admin','GLBL');
insert into orders ("time","price","volume","type","trader","stock","cat") values('2014-11-7 08:00:00','249.68','1964914','limit','C000002474','GLBL','sell');
insert into stocks values('MDXG','C000001682');
insert into transaction ("volume","time","price","seller","buyer","stock") values('0','1975-11-7 08:00:00','221.33','admin','admin','MDXG');
insert into orders ("time","price","volume","type","trader","stock","cat") values('2014-11-7 08:00:00','221.33','1396036','limit','C000001682','MDXG','sell');
insert into stocks values('ANGI','C000000177');
insert into transaction ("volume","time","price","seller","buyer","stock") values('0','1975-11-7 08:00:00','232.61','admin','admin','ANGI');
insert into orders ("time","price","volume","type","trader","stock","cat") values('2014-11-7 08:00:00','232.61','1507085','limit','C000000177','ANGI','sell');
insert into stocks values('ULBI','C000002601');
insert into transaction ("volume","time","price","seller","buyer","stock") values('0','1975-11-7 08:00:00','259.41','admin','admin','ULBI');
insert into orders ("time","price","volume","type","trader","stock","cat") values('2014-11-7 08:00:00','259.41','1184109','limit','C000002601','ULBI','sell');
insert into stocks values('RPRXW','C000002161');
insert into transaction ("volume","time","price","seller","buyer","stock") values('0','1975-11-7 08:00:00','307.75','admin','admin','RPRXW');
insert into orders ("time","price","volume","type","trader","stock","cat") values('2014-11-7 08:00:00','307.75','1808903','limit','C000002161','RPRXW','sell');
insert into stocks values('OBAS','C000001879');
insert into transaction ("volume","time","price","seller","buyer","stock") values('0','1975-11-7 08:00:00','67.04','admin','admin','OBAS');
insert into orders ("time","price","volume","type","trader","stock","cat") values('2014-11-7 08:00:00','67.04','1503440','limit','C000001879','OBAS','sell');
insert into stocks values('BZUN','C000000306');
insert into transaction ("volume","time","price","seller","buyer","stock") values('0','1975-11-7 08:00:00','18.01','admin','admin','BZUN');
insert into orders ("time","price","volume","type","trader","stock","cat") values('2014-11-7 08:00:00','18.01','1753172','limit','C000000306','BZUN','sell');
insert into stocks values('LPSN','C000001555');
insert into transaction ("volume","time","price","seller","buyer","stock") values('0','1975-11-7 08:00:00','291.38','admin','admin','LPSN');
insert into orders ("time","price","volume","type","trader","stock","cat") values('2014-11-7 08:00:00','291.38','1891567','limit','C000001555','LPSN','sell');
insert into stocks values('ERII','C000000860');
insert into transaction ("volume","time","price","seller","buyer","stock") values('0','1975-11-7 08:00:00','256.22','admin','admin','ERII');
insert into orders ("time","price","volume","type","trader","stock","cat") values('2014-11-7 08:00:00','256.22','1996362','limit','C000000860','ERII','sell');
insert into stocks values('AEMD','C000000073');
insert into transaction ("volume","time","price","seller","buyer","stock") values('0','1975-11-7 08:00:00','427.18','admin','admin','AEMD');
insert into orders ("time","price","volume","type","trader","stock","cat") values('2014-11-7 08:00:00','427.18','1780033','limit','C000000073','AEMD','sell');
insert into stocks values('IESC','C000001349');
insert into transaction ("volume","time","price","seller","buyer","stock") values('0','1975-11-7 08:00:00','65.84','admin','admin','IESC');
insert into orders ("time","price","volume","type","trader","stock","cat") values('2014-11-7 08:00:00','65.84','1297988','limit','C000001349','IESC','sell');
insert into stocks values('MNTX','C000001597');
insert into transaction ("volume","time","price","seller","buyer","stock") values('0','1975-11-7 08:00:00','376.41','admin','admin','MNTX');
insert into orders ("time","price","volume","type","trader","stock","cat") values('2014-11-7 08:00:00','376.41','1941972','limit','C000001597','MNTX','sell');
insert into stocks values('ALDX','C000000098');
insert into transaction ("volume","time","price","seller","buyer","stock") values('0','1975-11-7 08:00:00','419.58','admin','admin','ALDX');
insert into orders ("time","price","volume","type","trader","stock","cat") values('2014-11-7 08:00:00','419.58','1210670','limit','C000000098','ALDX','sell');
insert into stocks values('OTEL','C000001897');
insert into transaction ("volume","time","price","seller","buyer","stock") values('0','1975-11-7 08:00:00','18.72','admin','admin','OTEL');
insert into orders ("time","price","volume","type","trader","stock","cat") values('2014-11-7 08:00:00','18.72','1276350','limit','C000001897','OTEL','sell');
insert into stocks values('XCRA','C000002826');
insert into transaction ("volume","time","price","seller","buyer","stock") values('0','1975-11-7 08:00:00','109.15','admin','admin','XCRA');
insert into orders ("time","price","volume","type","trader","stock","cat") values('2014-11-7 08:00:00','109.15','1838661','limit','C000002826','XCRA','sell');
insert into stocks values('TRIV','C000002573');
insert into transaction ("volume","time","price","seller","buyer","stock") values('0','1975-11-7 08:00:00','235.9','admin','admin','TRIV');
insert into orders ("time","price","volume","type","trader","stock","cat") values('2014-11-7 08:00:00','235.9','1718424','limit','C000002573','TRIV','sell');
insert into stocks values('PSEC','C000002073');
insert into transaction ("volume","time","price","seller","buyer","stock") values('0','1975-11-7 08:00:00','130.25','admin','admin','PSEC');
insert into orders ("time","price","volume","type","trader","stock","cat") values('2014-11-7 08:00:00','130.25','1679754','limit','C000002073','PSEC','sell');
insert into stocks values('PETX','C000000205');
insert into transaction ("volume","time","price","seller","buyer","stock") values('0','1975-11-7 08:00:00','436.64','admin','admin','PETX');
insert into orders ("time","price","volume","type","trader","stock","cat") values('2014-11-7 08:00:00','436.64','1728300','limit','C000000205','PETX','sell');
insert into stocks values('BKMU','C000000297');
insert into transaction ("volume","time","price","seller","buyer","stock") values('0','1975-11-7 08:00:00','27.45','admin','admin','BKMU');
insert into orders ("time","price","volume","type","trader","stock","cat") values('2014-11-7 08:00:00','27.45','1781169','limit','C000000297','BKMU','sell');
insert into stocks values('AGFS','C000000080');
insert into transaction ("volume","time","price","seller","buyer","stock") values('0','1975-11-7 08:00:00','358.73','admin','admin','AGFS');
insert into orders ("time","price","volume","type","trader","stock","cat") values('2014-11-7 08:00:00','358.73','1791336','limit','C000000080','AGFS','sell');
insert into stocks values('TNAV','C000002470');
insert into transaction ("volume","time","price","seller","buyer","stock") values('0','1975-11-7 08:00:00','422.11','admin','admin','TNAV');
insert into orders ("time","price","volume","type","trader","stock","cat") values('2014-11-7 08:00:00','422.11','1340787','limit','C000002470','TNAV','sell');
insert into stocks values('PACB','C000001911');
insert into transaction ("volume","time","price","seller","buyer","stock") values('0','1975-11-7 08:00:00','141.75','admin','admin','PACB');
insert into orders ("time","price","volume","type","trader","stock","cat") values('2014-11-7 08:00:00','141.75','1437519','limit','C000001911','PACB','sell');
insert into stocks values('MAMS','C000001594');
insert into transaction ("volume","time","price","seller","buyer","stock") values('0','1975-11-7 08:00:00','246.42','admin','admin','MAMS');
insert into orders ("time","price","volume","type","trader","stock","cat") values('2014-11-7 08:00:00','246.42','1311771','limit','C000001594','MAMS','sell');
insert into stocks values('RAVE','C000002126');
insert into transaction ("volume","time","price","seller","buyer","stock") values('0','1975-11-7 08:00:00','325.74','admin','admin','RAVE');
insert into orders ("time","price","volume","type","trader","stock","cat") values('2014-11-7 08:00:00','325.74','1769663','limit','C000002126','RAVE','sell');
insert into stocks values('FCTY','C000000004');
insert into transaction ("volume","time","price","seller","buyer","stock") values('0','1975-11-7 08:00:00','284.96','admin','admin','FCTY');
insert into orders ("time","price","volume","type","trader","stock","cat") values('2014-11-7 08:00:00','284.96','1087848','limit','C000000004','FCTY','sell');
insert into stocks values('SKLNU','C000002309');
insert into transaction ("volume","time","price","seller","buyer","stock") values('0','1975-11-7 08:00:00','436.12','admin','admin','SKLNU');
insert into orders ("time","price","volume","type","trader","stock","cat") values('2014-11-7 08:00:00','436.12','1487149','limit','C000002309','SKLNU','sell');
insert into stocks values('BREW','C000000683');
insert into transaction ("volume","time","price","seller","buyer","stock") values('0','1975-11-7 08:00:00','283.9','admin','admin','BREW');
insert into orders ("time","price","volume","type","trader","stock","cat") values('2014-11-7 08:00:00','283.9','1754595','limit','C000000683','BREW','sell');
insert into stocks values('CUBA','C000002511');
insert into transaction ("volume","time","price","seller","buyer","stock") values('0','1975-11-7 08:00:00','195.18','admin','admin','CUBA');
insert into orders ("time","price","volume","type","trader","stock","cat") values('2014-11-7 08:00:00','195.18','1014520','limit','C000002511','CUBA','sell');
insert into stocks values('SOFO','C000002332');
insert into transaction ("volume","time","price","seller","buyer","stock") values('0','1975-11-7 08:00:00','219.66','admin','admin','SOFO');
insert into orders ("time","price","volume","type","trader","stock","cat") values('2014-11-7 08:00:00','219.66','1441506','limit','C000002332','SOFO','sell');
insert into stocks values('LBIO','C000001547');
insert into transaction ("volume","time","price","seller","buyer","stock") values('0','1975-11-7 08:00:00','413.16','admin','admin','LBIO');
insert into orders ("time","price","volume","type","trader","stock","cat") values('2014-11-7 08:00:00','413.16','1272358','limit','C000001547','LBIO','sell');
insert into stocks values('VCYT','C000002688');
insert into transaction ("volume","time","price","seller","buyer","stock") values('0','1975-11-7 08:00:00','430.34','admin','admin','VCYT');
insert into orders ("time","price","volume","type","trader","stock","cat") values('2014-11-7 08:00:00','430.34','1802429','limit','C000002688','VCYT','sell');
insert into stocks values('GWGH','C000001192');
insert into transaction ("volume","time","price","seller","buyer","stock") values('0','1975-11-7 08:00:00','112.6','admin','admin','GWGH');
insert into orders ("time","price","volume","type","trader","stock","cat") values('2014-11-7 08:00:00','112.6','1198945','limit','C000001192','GWGH','sell');
insert into stocks values('PAAS','C000001922');
insert into transaction ("volume","time","price","seller","buyer","stock") values('0','1975-11-7 08:00:00','281.14','admin','admin','PAAS');
insert into orders ("time","price","volume","type","trader","stock","cat") values('2014-11-7 08:00:00','281.14','1924536','limit','C000001922','PAAS','sell');
insert into stocks values('RDNT','C000002118');
insert into transaction ("volume","time","price","seller","buyer","stock") values('0','1975-11-7 08:00:00','84.08','admin','admin','RDNT');
insert into orders ("time","price","volume","type","trader","stock","cat") values('2014-11-7 08:00:00','84.08','1549340','limit','C000002118','RDNT','sell');
insert into stocks values('AMCC','C000000196');
insert into transaction ("volume","time","price","seller","buyer","stock") values('0','1975-11-7 08:00:00','120.83','admin','admin','AMCC');
insert into orders ("time","price","volume","type","trader","stock","cat") values('2014-11-7 08:00:00','120.83','1396608','limit','C000000196','AMCC','sell');
insert into stocks values('OSBC','C000001858');
insert into transaction ("volume","time","price","seller","buyer","stock") values('0','1975-11-7 08:00:00','347.36','admin','admin','OSBC');
insert into orders ("time","price","volume","type","trader","stock","cat") values('2014-11-7 08:00:00','347.36','1907377','limit','C000001858','OSBC','sell');
insert into stocks values('UTIW','C000002653');
insert into transaction ("volume","time","price","seller","buyer","stock") values('0','1975-11-7 08:00:00','442.52','admin','admin','UTIW');
insert into orders ("time","price","volume","type","trader","stock","cat") values('2014-11-7 08:00:00','442.52','1727839','limit','C000002653','UTIW','sell');
insert into stocks values('SKIS','C000001955');
insert into transaction ("volume","time","price","seller","buyer","stock") values('0','1975-11-7 08:00:00','239.81','admin','admin','SKIS');
insert into orders ("time","price","volume","type","trader","stock","cat") values('2014-11-7 08:00:00','239.81','1796565','limit','C000001955','SKIS','sell');
insert into stocks values('GNMK','C000001110');
insert into transaction ("volume","time","price","seller","buyer","stock") values('0','1975-11-7 08:00:00','117.8','admin','admin','GNMK');
insert into orders ("time","price","volume","type","trader","stock","cat") values('2014-11-7 08:00:00','117.8','1419999','limit','C000001110','GNMK','sell');
insert into stocks values('EMKR','C000000847');
insert into transaction ("volume","time","price","seller","buyer","stock") values('0','1975-11-7 08:00:00','35.29','admin','admin','EMKR');
insert into orders ("time","price","volume","type","trader","stock","cat") values('2014-11-7 08:00:00','35.29','1185954','limit','C000000847','EMKR','sell');
insert into stocks values('WOWO','C000002816');
insert into transaction ("volume","time","price","seller","buyer","stock") values('0','1975-11-7 08:00:00','35.98','admin','admin','WOWO');
insert into orders ("time","price","volume","type","trader","stock","cat") values('2014-11-7 08:00:00','35.98','1876828','limit','C000002816','WOWO','sell');
insert into stocks values('CWBC','C000000634');
insert into transaction ("volume","time","price","seller","buyer","stock") values('0','1975-11-7 08:00:00','216.42','admin','admin','CWBC');
insert into orders ("time","price","volume","type","trader","stock","cat") values('2014-11-7 08:00:00','216.42','1686519','limit','C000000634','CWBC','sell');
insert into stocks values('TATT','C000002460');
insert into transaction ("volume","time","price","seller","buyer","stock") values('0','1975-11-7 08:00:00','224.23','admin','admin','TATT');
insert into orders ("time","price","volume","type","trader","stock","cat") values('2014-11-7 08:00:00','224.23','1816882','limit','C000002460','TATT','sell');
insert into stocks values('SLM','C000002315');
insert into transaction ("volume","time","price","seller","buyer","stock") values('0','1975-11-7 08:00:00','199.08','admin','admin','SLM');
insert into orders ("time","price","volume","type","trader","stock","cat") values('2014-11-7 08:00:00','199.08','1329883','limit','C000002315','SLM','sell');
insert into stocks values('MARPS','C000001603');
insert into transaction ("volume","time","price","seller","buyer","stock") values('0','1975-11-7 08:00:00','165.46','admin','admin','MARPS');
insert into orders ("time","price","volume","type","trader","stock","cat") values('2014-11-7 08:00:00','165.46','1850910','limit','C000001603','MARPS','sell');
insert into stocks values('FOMX','C000001057');
insert into transaction ("volume","time","price","seller","buyer","stock") values('0','1975-11-7 08:00:00','430.74','admin','admin','FOMX');
insert into orders ("time","price","volume","type","trader","stock","cat") values('2014-11-7 08:00:00','430.74','1486277','limit','C000001057','FOMX','sell');
insert into stocks values('CYBE','C000000715');
insert into transaction ("volume","time","price","seller","buyer","stock") values('0','1975-11-7 08:00:00','351.01','admin','admin','CYBE');
insert into orders ("time","price","volume","type","trader","stock","cat") values('2014-11-7 08:00:00','351.01','1900944','limit','C000000715','CYBE','sell');
insert into stocks values('CDORP','C000000647');
insert into transaction ("volume","time","price","seller","buyer","stock") values('0','1975-11-7 08:00:00','193.17','admin','admin','CDORP');
insert into orders ("time","price","volume","type","trader","stock","cat") values('2014-11-7 08:00:00','193.17','1252248','limit','C000000647','CDORP','sell');
insert into stocks values('REXI','C000002167');
insert into transaction ("volume","time","price","seller","buyer","stock") values('0','1975-11-7 08:00:00','89.92','admin','admin','REXI');
insert into orders ("time","price","volume","type","trader","stock","cat") values('2014-11-7 08:00:00','89.92','1736942','limit','C000002167','REXI','sell');
insert into stocks values('ARAY','C000000033');
insert into transaction ("volume","time","price","seller","buyer","stock") values('0','1975-11-7 08:00:00','112.08','admin','admin','ARAY');
insert into orders ("time","price","volume","type","trader","stock","cat") values('2014-11-7 08:00:00','112.08','1854148','limit','C000000033','ARAY','sell');
insert into stocks values('PNNT','C000001961');
insert into transaction ("volume","time","price","seller","buyer","stock") values('0','1975-11-7 08:00:00','483.88','admin','admin','PNNT');
insert into orders ("time","price","volume","type","trader","stock","cat") values('2014-11-7 08:00:00','483.88','1831574','limit','C000001961','PNNT','sell');
insert into stocks values('WINS','C000002789');
insert into transaction ("volume","time","price","seller","buyer","stock") values('0','1975-11-7 08:00:00','233.79','admin','admin','WINS');
insert into orders ("time","price","volume","type","trader","stock","cat") values('2014-11-7 08:00:00','233.79','1255378','limit','C000002789','WINS','sell');
insert into stocks values('TIPT','C000002538');
insert into transaction ("volume","time","price","seller","buyer","stock") values('0','1975-11-7 08:00:00','183.05','admin','admin','TIPT');
insert into orders ("time","price","volume","type","trader","stock","cat") values('2014-11-7 08:00:00','183.05','1695814','limit','C000002538','TIPT','sell');
insert into stocks values('CPLP','C000000449');
insert into transaction ("volume","time","price","seller","buyer","stock") values('0','1975-11-7 08:00:00','382.52','admin','admin','CPLP');
insert into orders ("time","price","volume","type","trader","stock","cat") values('2014-11-7 08:00:00','382.52','1249338','limit','C000000449','CPLP','sell');
insert into stocks values('GAME','C000002269');
insert into transaction ("volume","time","price","seller","buyer","stock") values('0','1975-11-7 08:00:00','380.81','admin','admin','GAME');
insert into orders ("time","price","volume","type","trader","stock","cat") values('2014-11-7 08:00:00','380.81','1035119','limit','C000002269','GAME','sell');
insert into stocks values('CTRL','C000000661');
insert into transaction ("volume","time","price","seller","buyer","stock") values('0','1975-11-7 08:00:00','305.69','admin','admin','CTRL');
insert into orders ("time","price","volume","type","trader","stock","cat") values('2014-11-7 08:00:00','305.69','1893324','limit','C000000661','CTRL','sell');
insert into stocks values('PIH','C000000002');
insert into transaction ("volume","time","price","seller","buyer","stock") values('0','1975-11-7 08:00:00','487.29','admin','admin','PIH');
insert into orders ("time","price","volume","type","trader","stock","cat") values('2014-11-7 08:00:00','487.29','1883678','limit','C000000002','PIH','sell');
insert into stocks values('SPIL','C000002294');
insert into transaction ("volume","time","price","seller","buyer","stock") values('0','1975-11-7 08:00:00','446.18','admin','admin','SPIL');
insert into orders ("time","price","volume","type","trader","stock","cat") values('2014-11-7 08:00:00','446.18','1468856','limit','C000002294','SPIL','sell');
insert into stocks values('XELB','C000002825');
insert into transaction ("volume","time","price","seller","buyer","stock") values('0','1975-11-7 08:00:00','301.96','admin','admin','XELB');
insert into orders ("time","price","volume","type","trader","stock","cat") values('2014-11-7 08:00:00','301.96','1987963','limit','C000002825','XELB','sell');
insert into stocks values('PNTR','C000002004');
insert into transaction ("volume","time","price","seller","buyer","stock") values('0','1975-11-7 08:00:00','421.3','admin','admin','PNTR');
insert into orders ("time","price","volume","type","trader","stock","cat") values('2014-11-7 08:00:00','421.3','1660361','limit','C000002004','PNTR','sell');
insert into stocks values('INAP','C000001362');
insert into transaction ("volume","time","price","seller","buyer","stock") values('0','1975-11-7 08:00:00','345.46','admin','admin','INAP');
insert into orders ("time","price","volume","type","trader","stock","cat") values('2014-11-7 08:00:00','345.46','1356049','limit','C000001362','INAP','sell');
insert into stocks values('BKEPP','C000000374');
insert into transaction ("volume","time","price","seller","buyer","stock") values('0','1975-11-7 08:00:00','248.83','admin','admin','BKEPP');
insert into orders ("time","price","volume","type","trader","stock","cat") values('2014-11-7 08:00:00','248.83','1917954','limit','C000000374','BKEPP','sell');
insert into stocks values('DEST','C000000754');
insert into transaction ("volume","time","price","seller","buyer","stock") values('0','1975-11-7 08:00:00','97.94','admin','admin','DEST');
insert into orders ("time","price","volume","type","trader","stock","cat") values('2014-11-7 08:00:00','97.94','1548526','limit','C000000754','DEST','sell');
insert into stocks values('ARIA','C000000220');
insert into transaction ("volume","time","price","seller","buyer","stock") values('0','1975-11-7 08:00:00','29.03','admin','admin','ARIA');
insert into orders ("time","price","volume","type","trader","stock","cat") values('2014-11-7 08:00:00','29.03','1189445','limit','C000000220','ARIA','sell');
insert into stocks values('KZ','C000001483');
insert into transaction ("volume","time","price","seller","buyer","stock") values('0','1975-11-7 08:00:00','370.31','admin','admin','KZ');
insert into orders ("time","price","volume","type","trader","stock","cat") values('2014-11-7 08:00:00','370.31','1128396','limit','C000001483','KZ','sell');
insert into stocks values('TNXP','C000002545');
insert into transaction ("volume","time","price","seller","buyer","stock") values('0','1975-11-7 08:00:00','390.1','admin','admin','TNXP');
insert into orders ("time","price","volume","type","trader","stock","cat") values('2014-11-7 08:00:00','390.1','1497760','limit','C000002545','TNXP','sell');
insert into stocks values('GLYC','C000001152');
insert into transaction ("volume","time","price","seller","buyer","stock") values('0','1975-11-7 08:00:00','31.57','admin','admin','GLYC');
insert into orders ("time","price","volume","type","trader","stock","cat") values('2014-11-7 08:00:00','31.57','1708120','limit','C000001152','GLYC','sell');
insert into stocks values('TUES','C000002583');
insert into transaction ("volume","time","price","seller","buyer","stock") values('0','1975-11-7 08:00:00','231.67','admin','admin','TUES');
insert into orders ("time","price","volume","type","trader","stock","cat") values('2014-11-7 08:00:00','231.67','1497630','limit','C000002583','TUES','sell');
insert into stocks values('SONS','C000002333');
insert into transaction ("volume","time","price","seller","buyer","stock") values('0','1975-11-7 08:00:00','343.21','admin','admin','SONS');
insert into orders ("time","price","volume","type","trader","stock","cat") values('2014-11-7 08:00:00','343.21','1798920','limit','C000002333','SONS','sell');
insert into stocks values('INO','C000001339');
insert into transaction ("volume","time","price","seller","buyer","stock") values('0','1975-11-7 08:00:00','165.8','admin','admin','INO');
insert into orders ("time","price","volume","type","trader","stock","cat") values('2014-11-7 08:00:00','165.8','1312450','limit','C000001339','INO','sell');
insert into stocks values('CNTY','C000000514');
insert into transaction ("volume","time","price","seller","buyer","stock") values('0','1975-11-7 08:00:00','283.76','admin','admin','CNTY');
insert into orders ("time","price","volume","type","trader","stock","cat") values('2014-11-7 08:00:00','283.76','1745380','limit','C000000514','CNTY','sell');
insert into stocks values('CARV','C000000475');
insert into transaction ("volume","time","price","seller","buyer","stock") values('0','1975-11-7 08:00:00','180.77','admin','admin','CARV');
insert into orders ("time","price","volume","type","trader","stock","cat") values('2014-11-7 08:00:00','180.77','1469922','limit','C000000475','CARV','sell');
insert into stocks values('ORMP','C000001883');
insert into transaction ("volume","time","price","seller","buyer","stock") values('0','1975-11-7 08:00:00','111.84','admin','admin','ORMP');
insert into orders ("time","price","volume","type","trader","stock","cat") values('2014-11-7 08:00:00','111.84','1571398','limit','C000001883','ORMP','sell');
insert into stocks values('DATE','C000001444');
insert into transaction ("volume","time","price","seller","buyer","stock") values('0','1975-11-7 08:00:00','187.26','admin','admin','DATE');
insert into orders ("time","price","volume","type","trader","stock","cat") values('2014-11-7 08:00:00','187.26','1087056','limit','C000001444','DATE','sell');
insert into stocks values('LAYN','C000001513');
insert into transaction ("volume","time","price","seller","buyer","stock") values('0','1975-11-7 08:00:00','234.52','admin','admin','LAYN');
insert into orders ("time","price","volume","type","trader","stock","cat") values('2014-11-7 08:00:00','234.52','1162976','limit','C000001513','LAYN','sell');
insert into stocks values('WHLM','C000002781');
insert into transaction ("volume","time","price","seller","buyer","stock") values('0','1975-11-7 08:00:00','125.68','admin','admin','WHLM');
insert into orders ("time","price","volume","type","trader","stock","cat") values('2014-11-7 08:00:00','125.68','1479419','limit','C000002781','WHLM','sell');
insert into stocks values('ARDM','C000000204');
insert into transaction ("volume","time","price","seller","buyer","stock") values('0','1975-11-7 08:00:00','321.18','admin','admin','ARDM');
insert into orders ("time","price","volume","type","trader","stock","cat") values('2014-11-7 08:00:00','321.18','1887272','limit','C000000204','ARDM','sell');
insert into stocks values('EYES','C000002249');
insert into transaction ("volume","time","price","seller","buyer","stock") values('0','1975-11-7 08:00:00','463.27','admin','admin','EYES');
insert into orders ("time","price","volume","type","trader","stock","cat") values('2014-11-7 08:00:00','463.27','1139750','limit','C000002249','EYES','sell');
insert into stocks values('MXWL','C000001623');
insert into transaction ("volume","time","price","seller","buyer","stock") values('0','1975-11-7 08:00:00','336.3','admin','admin','MXWL');
insert into orders ("time","price","volume","type","trader","stock","cat") values('2014-11-7 08:00:00','336.3','1806242','limit','C000001623','MXWL','sell');
insert into stocks values('ICCC','C000001310');
insert into transaction ("volume","time","price","seller","buyer","stock") values('0','1975-11-7 08:00:00','367.42','admin','admin','ICCC');
insert into orders ("time","price","volume","type","trader","stock","cat") values('2014-11-7 08:00:00','367.42','1299878','limit','C000001310','ICCC','sell');
insert into stocks values('SCYX','C000002239');
insert into transaction ("volume","time","price","seller","buyer","stock") values('0','1975-11-7 08:00:00','315.77','admin','admin','SCYX');
insert into orders ("time","price","volume","type","trader","stock","cat") values('2014-11-7 08:00:00','315.77','1501189','limit','C000002239','SCYX','sell');
insert into stocks values('GAIA','C000001096');
insert into transaction ("volume","time","price","seller","buyer","stock") values('0','1975-11-7 08:00:00','401.57','admin','admin','GAIA');
insert into orders ("time","price","volume","type","trader","stock","cat") values('2014-11-7 08:00:00','401.57','1543777','limit','C000001096','GAIA','sell');
insert into stocks values('AIXG','C000000086');
insert into transaction ("volume","time","price","seller","buyer","stock") values('0','1975-11-7 08:00:00','324.49','admin','admin','AIXG');
insert into orders ("time","price","volume","type","trader","stock","cat") values('2014-11-7 08:00:00','324.49','1070715','limit','C000000086','AIXG','sell');
insert into stocks values('ACTG','C000000026');
insert into transaction ("volume","time","price","seller","buyer","stock") values('0','1975-11-7 08:00:00','113.67','admin','admin','ACTG');
insert into orders ("time","price","volume","type","trader","stock","cat") values('2014-11-7 08:00:00','113.67','1749342','limit','C000000026','ACTG','sell');
insert into stocks values('CCXI','C000000535');
insert into transaction ("volume","time","price","seller","buyer","stock") values('0','1975-11-7 08:00:00','436.52','admin','admin','CCXI');
insert into orders ("time","price","volume","type","trader","stock","cat") values('2014-11-7 08:00:00','436.52','1135795','limit','C000000535','CCXI','sell');
insert into stocks values('SEAC','C000002240');
insert into transaction ("volume","time","price","seller","buyer","stock") values('0','1975-11-7 08:00:00','345.08','admin','admin','SEAC');
insert into orders ("time","price","volume","type","trader","stock","cat") values('2014-11-7 08:00:00','345.08','1686641','limit','C000002240','SEAC','sell');
insert into stocks values('CUI','C000000706');
insert into transaction ("volume","time","price","seller","buyer","stock") values('0','1975-11-7 08:00:00','235.86','admin','admin','CUI');
insert into orders ("time","price","volume","type","trader","stock","cat") values('2014-11-7 08:00:00','235.86','1568452','limit','C000000706','CUI','sell');
insert into stocks values('NIHD','C000001794');
insert into transaction ("volume","time","price","seller","buyer","stock") values('0','1975-11-7 08:00:00','224.12','admin','admin','NIHD');
insert into orders ("time","price","volume","type","trader","stock","cat") values('2014-11-7 08:00:00','224.12','1151894','limit','C000001794','NIHD','sell');
insert into stocks values('CGEN','C000000637');
insert into transaction ("volume","time","price","seller","buyer","stock") values('0','1975-11-7 08:00:00','103.38','admin','admin','CGEN');
insert into orders ("time","price","volume","type","trader","stock","cat") values('2014-11-7 08:00:00','103.38','1301842','limit','C000000637','CGEN','sell');
insert into stocks values('MBTF','C000001575');
insert into transaction ("volume","time","price","seller","buyer","stock") values('0','1975-11-7 08:00:00','188.46','admin','admin','MBTF');
insert into orders ("time","price","volume","type","trader","stock","cat") values('2014-11-7 08:00:00','188.46','1331511','limit','C000001575','MBTF','sell');
insert into stocks values('FCFP','C000000963');
insert into transaction ("volume","time","price","seller","buyer","stock") values('0','1975-11-7 08:00:00','310.11','admin','admin','FCFP');
insert into orders ("time","price","volume","type","trader","stock","cat") values('2014-11-7 08:00:00','310.11','1930138','limit','C000000963','FCFP','sell');
insert into stocks values('EZPW','C000000914');
insert into transaction ("volume","time","price","seller","buyer","stock") values('0','1975-11-7 08:00:00','372.58','admin','admin','EZPW');
insert into orders ("time","price","volume","type","trader","stock","cat") values('2014-11-7 08:00:00','372.58','1555805','limit','C000000914','EZPW','sell');
insert into stocks values('IMMY','C000001316');
insert into transaction ("volume","time","price","seller","buyer","stock") values('0','1975-11-7 08:00:00','174.19','admin','admin','IMMY');
insert into orders ("time","price","volume","type","trader","stock","cat") values('2014-11-7 08:00:00','174.19','1406839','limit','C000001316','IMMY','sell');
insert into stocks values('ORBC','C000001885');
insert into transaction ("volume","time","price","seller","buyer","stock") values('0','1975-11-7 08:00:00','250.56','admin','admin','ORBC');
insert into orders ("time","price","volume","type","trader","stock","cat") values('2014-11-7 08:00:00','250.56','1831847','limit','C000001885','ORBC','sell');
insert into stocks values('SGMA','C000002286');
insert into transaction ("volume","time","price","seller","buyer","stock") values('0','1975-11-7 08:00:00','391.58','admin','admin','SGMA');
insert into orders ("time","price","volume","type","trader","stock","cat") values('2014-11-7 08:00:00','391.58','1563117','limit','C000002286','SGMA','sell');
insert into stocks values('FFNM','C000000966');
insert into transaction ("volume","time","price","seller","buyer","stock") values('0','1975-11-7 08:00:00','107.03','admin','admin','FFNM');
insert into orders ("time","price","volume","type","trader","stock","cat") values('2014-11-7 08:00:00','107.03','1390614','limit','C000000966','FFNM','sell');
insert into stocks values('XBKS','C000002828');
insert into transaction ("volume","time","price","seller","buyer","stock") values('0','1975-11-7 08:00:00','466.6','admin','admin','XBKS');
insert into orders ("time","price","volume","type","trader","stock","cat") values('2014-11-7 08:00:00','466.6','1914387','limit','C000002828','XBKS','sell');
insert into stocks values('NSSC','C000001734');
insert into transaction ("volume","time","price","seller","buyer","stock") values('0','1975-11-7 08:00:00','405.92','admin','admin','NSSC');
insert into orders ("time","price","volume","type","trader","stock","cat") values('2014-11-7 08:00:00','405.92','1062655','limit','C000001734','NSSC','sell');
insert into stocks values('PMBC','C000001915');
insert into transaction ("volume","time","price","seller","buyer","stock") values('0','1975-11-7 08:00:00','372.21','admin','admin','PMBC');
insert into orders ("time","price","volume","type","trader","stock","cat") values('2014-11-7 08:00:00','372.21','1976211','limit','C000001915','PMBC','sell');
insert into stocks values('CIFC','C000000570');
insert into transaction ("volume","time","price","seller","buyer","stock") values('0','1975-11-7 08:00:00','271.78','admin','admin','CIFC');
insert into orders ("time","price","volume","type","trader","stock","cat") values('2014-11-7 08:00:00','271.78','1087787','limit','C000000570','CIFC','sell');
insert into stocks values('FRBA','C000000953');
insert into transaction ("volume","time","price","seller","buyer","stock") values('0','1975-11-7 08:00:00','244.79','admin','admin','FRBA');
insert into orders ("time","price","volume","type","trader","stock","cat") values('2014-11-7 08:00:00','244.79','1469108','limit','C000000953','FRBA','sell');
insert into stocks values('AMKR','C000000164');
insert into transaction ("volume","time","price","seller","buyer","stock") values('0','1975-11-7 08:00:00','125.4','admin','admin','AMKR');
insert into orders ("time","price","volume","type","trader","stock","cat") values('2014-11-7 08:00:00','125.4','1832058','limit','C000000164','AMKR','sell');
insert into stocks values('MGCD','C000001666');
insert into transaction ("volume","time","price","seller","buyer","stock") values('0','1975-11-7 08:00:00','438.3','admin','admin','MGCD');
insert into orders ("time","price","volume","type","trader","stock","cat") values('2014-11-7 08:00:00','438.3','1621872','limit','C000001666','MGCD','sell');
insert into stocks values('DRAD','C000000768');
insert into transaction ("volume","time","price","seller","buyer","stock") values('0','1975-11-7 08:00:00','186.91','admin','admin','DRAD');
insert into orders ("time","price","volume","type","trader","stock","cat") values('2014-11-7 08:00:00','186.91','1850030','limit','C000000768','DRAD','sell');
insert into stocks values('NMRX','C000001822');
insert into transaction ("volume","time","price","seller","buyer","stock") values('0','1975-11-7 08:00:00','287.16','admin','admin','NMRX');
insert into orders ("time","price","volume","type","trader","stock","cat") values('2014-11-7 08:00:00','287.16','1867315','limit','C000001822','NMRX','sell');
insert into stocks values('EVBS','C000000811');
insert into transaction ("volume","time","price","seller","buyer","stock") values('0','1975-11-7 08:00:00','288.66','admin','admin','EVBS');
insert into orders ("time","price","volume","type","trader","stock","cat") values('2014-11-7 08:00:00','288.66','1494710','limit','C000000811','EVBS','sell');
insert into stocks values('TICC','C000002534');
insert into transaction ("volume","time","price","seller","buyer","stock") values('0','1975-11-7 08:00:00','32.82','admin','admin','TICC');
insert into orders ("time","price","volume","type","trader","stock","cat") values('2014-11-7 08:00:00','32.82','1986712','limit','C000002534','TICC','sell');
insert into stocks values('FSYS','C000001084');
insert into transaction ("volume","time","price","seller","buyer","stock") values('0','1975-11-7 08:00:00','103.98','admin','admin','FSYS');
insert into orders ("time","price","volume","type","trader","stock","cat") values('2014-11-7 08:00:00','103.98','1027706','limit','C000001084','FSYS','sell');
insert into stocks values('AFMD','C000000074');
insert into transaction ("volume","time","price","seller","buyer","stock") values('0','1975-11-7 08:00:00','396.02','admin','admin','AFMD');
insert into orders ("time","price","volume","type","trader","stock","cat") values('2014-11-7 08:00:00','396.02','1418664','limit','C000000074','AFMD','sell');
insert into stocks values('HOVNP','C000001272');
insert into transaction ("volume","time","price","seller","buyer","stock") values('0','1975-11-7 08:00:00','327.21','admin','admin','HOVNP');
insert into orders ("time","price","volume","type","trader","stock","cat") values('2014-11-7 08:00:00','327.21','1720153','limit','C000001272','HOVNP','sell');
insert into stocks values('DHXM','C000000760');
insert into transaction ("volume","time","price","seller","buyer","stock") values('0','1975-11-7 08:00:00','205.0','admin','admin','DHXM');
insert into orders ("time","price","volume","type","trader","stock","cat") values('2014-11-7 08:00:00','205.0','1557273','limit','C000000760','DHXM','sell');
insert into stocks values('FUND','C000002363');
insert into transaction ("volume","time","price","seller","buyer","stock") values('0','1975-11-7 08:00:00','453.61','admin','admin','FUND');
insert into orders ("time","price","volume","type","trader","stock","cat") values('2014-11-7 08:00:00','453.61','1405089','limit','C000002363','FUND','sell');
insert into stocks values('ACFC','C000000256');
insert into transaction ("volume","time","price","seller","buyer","stock") values('0','1975-11-7 08:00:00','275.73','admin','admin','ACFC');
insert into orders ("time","price","volume","type","trader","stock","cat") values('2014-11-7 08:00:00','275.73','1242391','limit','C000000256','ACFC','sell');
insert into stocks values('TRST','C000002577');
insert into transaction ("volume","time","price","seller","buyer","stock") values('0','1975-11-7 08:00:00','312.25','admin','admin','TRST');
insert into orders ("time","price","volume","type","trader","stock","cat") values('2014-11-7 08:00:00','312.25','1705053','limit','C000002577','TRST','sell');
insert into stocks values('SKUL','C000002307');
insert into transaction ("volume","time","price","seller","buyer","stock") values('0','1975-11-7 08:00:00','382.34','admin','admin','SKUL');
insert into orders ("time","price","volume","type","trader","stock","cat") values('2014-11-7 08:00:00','382.34','1316775','limit','C000002307','SKUL','sell');
insert into stocks values('BCOV','C000000396');
insert into transaction ("volume","time","price","seller","buyer","stock") values('0','1975-11-7 08:00:00','277.04','admin','admin','BCOV');
insert into orders ("time","price","volume","type","trader","stock","cat") values('2014-11-7 08:00:00','277.04','1882536','limit','C000000396','BCOV','sell');
insert into stocks values('SGYP','C000002440');
insert into transaction ("volume","time","price","seller","buyer","stock") values('0','1975-11-7 08:00:00','108.74','admin','admin','SGYP');
insert into orders ("time","price","volume","type","trader","stock","cat") values('2014-11-7 08:00:00','108.74','1608345','limit','C000002440','SGYP','sell');
insert into stocks values('VIAV','C000002703');
insert into transaction ("volume","time","price","seller","buyer","stock") values('0','1975-11-7 08:00:00','437.58','admin','admin','VIAV');
insert into orders ("time","price","volume","type","trader","stock","cat") values('2014-11-7 08:00:00','437.58','1846714','limit','C000002703','VIAV','sell');
insert into stocks values('PLNR','C000001996');
insert into transaction ("volume","time","price","seller","buyer","stock") values('0','1975-11-7 08:00:00','404.67','admin','admin','PLNR');
insert into orders ("time","price","volume","type","trader","stock","cat") values('2014-11-7 08:00:00','404.67','1302242','limit','C000001996','PLNR','sell');
insert into stocks values('XNPT','C000002830');
insert into transaction ("volume","time","price","seller","buyer","stock") values('0','1975-11-7 08:00:00','290.16','admin','admin','XNPT');
insert into orders ("time","price","volume","type","trader","stock","cat") values('2014-11-7 08:00:00','290.16','1509251','limit','C000002830','XNPT','sell');
insert into stocks values('SALM','C000002220');
insert into transaction ("volume","time","price","seller","buyer","stock") values('0','1975-11-7 08:00:00','21.24','admin','admin','SALM');
insert into orders ("time","price","volume","type","trader","stock","cat") values('2014-11-7 08:00:00','21.24','1512576','limit','C000002220','SALM','sell');
insert into stocks values('SSRI','C000002295');
insert into transaction ("volume","time","price","seller","buyer","stock") values('0','1975-11-7 08:00:00','56.18','admin','admin','SSRI');
insert into orders ("time","price","volume","type","trader","stock","cat") values('2014-11-7 08:00:00','56.18','1498560','limit','C000002295','SSRI','sell');
insert into stocks values('HWCC','C000001271');
insert into transaction ("volume","time","price","seller","buyer","stock") values('0','1975-11-7 08:00:00','175.34','admin','admin','HWCC');
insert into orders ("time","price","volume","type","trader","stock","cat") values('2014-11-7 08:00:00','175.34','1014787','limit','C000001271','HWCC','sell');
insert into stocks values('HIMX','C000001247');
insert into transaction ("volume","time","price","seller","buyer","stock") values('0','1975-11-7 08:00:00','38.94','admin','admin','HIMX');
insert into orders ("time","price","volume","type","trader","stock","cat") values('2014-11-7 08:00:00','38.94','1503848','limit','C000001247','HIMX','sell');
insert into stocks values('HNRG','C000001196');
insert into transaction ("volume","time","price","seller","buyer","stock") values('0','1975-11-7 08:00:00','448.7','admin','admin','HNRG');
insert into orders ("time","price","volume","type","trader","stock","cat") values('2014-11-7 08:00:00','448.7','1277491','limit','C000001196','HNRG','sell');
insert into stocks values('SSFN','C000002392');
insert into transaction ("volume","time","price","seller","buyer","stock") values('0','1975-11-7 08:00:00','327.83','admin','admin','SSFN');
insert into orders ("time","price","volume","type","trader","stock","cat") values('2014-11-7 08:00:00','327.83','1698508','limit','C000002392','SSFN','sell');
insert into stocks values('CAAS','C000000545');
insert into transaction ("volume","time","price","seller","buyer","stock") values('0','1975-11-7 08:00:00','313.05','admin','admin','CAAS');
insert into orders ("time","price","volume","type","trader","stock","cat") values('2014-11-7 08:00:00','313.05','1981375','limit','C000000545','CAAS','sell');
insert into stocks values('NAII','C000001751');
insert into transaction ("volume","time","price","seller","buyer","stock") values('0','1975-11-7 08:00:00','152.39','admin','admin','NAII');
insert into orders ("time","price","volume","type","trader","stock","cat") values('2014-11-7 08:00:00','152.39','1643056','limit','C000001751','NAII','sell');
insert into stocks values('FSAM','C000000941');
insert into transaction ("volume","time","price","seller","buyer","stock") values('0','1975-11-7 08:00:00','345.88','admin','admin','FSAM');
insert into orders ("time","price","volume","type","trader","stock","cat") values('2014-11-7 08:00:00','345.88','1284461','limit','C000000941','FSAM','sell');
insert into stocks values('WIN','C000002786');
insert into transaction ("volume","time","price","seller","buyer","stock") values('0','1975-11-7 08:00:00','371.02','admin','admin','WIN');
insert into orders ("time","price","volume","type","trader","stock","cat") values('2014-11-7 08:00:00','371.02','1814290','limit','C000002786','WIN','sell');
insert into stocks values('EXEL','C000000904');
insert into transaction ("volume","time","price","seller","buyer","stock") values('0','1975-11-7 08:00:00','223.04','admin','admin','EXEL');
insert into orders ("time","price","volume","type","trader","stock","cat") values('2014-11-7 08:00:00','223.04','1202557','limit','C000000904','EXEL','sell');
insert into stocks values('TRUE','C000002575');
insert into transaction ("volume","time","price","seller","buyer","stock") values('0','1975-11-7 08:00:00','403.5','admin','admin','TRUE');
insert into orders ("time","price","volume","type","trader","stock","cat") values('2014-11-7 08:00:00','403.5','1846235','limit','C000002575','TRUE','sell');
insert into stocks values('SZMK','C000002306');
insert into transaction ("volume","time","price","seller","buyer","stock") values('0','1975-11-7 08:00:00','42.14','admin','admin','SZMK');
insert into orders ("time","price","volume","type","trader","stock","cat") values('2014-11-7 08:00:00','42.14','1453161','limit','C000002306','SZMK','sell');
insert into stocks values('POZN','C000002040');
insert into transaction ("volume","time","price","seller","buyer","stock") values('0','1975-11-7 08:00:00','203.05','admin','admin','POZN');
insert into orders ("time","price","volume","type","trader","stock","cat") values('2014-11-7 08:00:00','203.05','1472818','limit','C000002040','POZN','sell');
insert into stocks values('FSC','C000000942');
insert into transaction ("volume","time","price","seller","buyer","stock") values('0','1975-11-7 08:00:00','326.92','admin','admin','FSC');
insert into orders ("time","price","volume","type","trader","stock","cat") values('2014-11-7 08:00:00','326.92','1203555','limit','C000000942','FSC','sell');
insert into stocks values('BKEP','C000000374');
insert into transaction ("volume","time","price","seller","buyer","stock") values('0','1975-11-7 08:00:00','199.4','admin','admin','BKEP');
insert into orders ("time","price","volume","type","trader","stock","cat") values('2014-11-7 08:00:00','199.4','1648608','limit','C000000374','BKEP','sell');
insert into stocks values('BVSN','C000000399');
insert into transaction ("volume","time","price","seller","buyer","stock") values('0','1975-11-7 08:00:00','252.46','admin','admin','BVSN');
insert into orders ("time","price","volume","type","trader","stock","cat") values('2014-11-7 08:00:00','252.46','1693438','limit','C000000399','BVSN','sell');
insert into stocks values('RTK','C000002158');
insert into transaction ("volume","time","price","seller","buyer","stock") values('0','1975-11-7 08:00:00','265.55','admin','admin','RTK');
insert into orders ("time","price","volume","type","trader","stock","cat") values('2014-11-7 08:00:00','265.55','1359970','limit','C000002158','RTK','sell');
insert into stocks values('JYNT','C000002513');
insert into transaction ("volume","time","price","seller","buyer","stock") values('0','1975-11-7 08:00:00','217.84','admin','admin','JYNT');
insert into orders ("time","price","volume","type","trader","stock","cat") values('2014-11-7 08:00:00','217.84','1321316','limit','C000002513','JYNT','sell');
insert into stocks values('CWST','C000000479');
insert into transaction ("volume","time","price","seller","buyer","stock") values('0','1975-11-7 08:00:00','447.85','admin','admin','CWST');
insert into orders ("time","price","volume","type","trader","stock","cat") values('2014-11-7 08:00:00','447.85','1603260','limit','C000000479','CWST','sell');
insert into stocks values('SNFCA','C000002250');
insert into transaction ("volume","time","price","seller","buyer","stock") values('0','1975-11-7 08:00:00','147.17','admin','admin','SNFCA');
insert into orders ("time","price","volume","type","trader","stock","cat") values('2014-11-7 08:00:00','147.17','1728706','limit','C000002250','SNFCA','sell');
insert into stocks values('GNCA','C000001111');
insert into transaction ("volume","time","price","seller","buyer","stock") values('0','1975-11-7 08:00:00','423.08','admin','admin','GNCA');
insert into orders ("time","price","volume","type","trader","stock","cat") values('2014-11-7 08:00:00','423.08','1858348','limit','C000001111','GNCA','sell');
insert into stocks values('CPIX','C000000707');
insert into transaction ("volume","time","price","seller","buyer","stock") values('0','1975-11-7 08:00:00','240.82','admin','admin','CPIX');
insert into orders ("time","price","volume","type","trader","stock","cat") values('2014-11-7 08:00:00','240.82','1731066','limit','C000000707','CPIX','sell');
insert into stocks values('DWCH','C000000738');
insert into transaction ("volume","time","price","seller","buyer","stock") values('0','1975-11-7 08:00:00','259.13','admin','admin','DWCH');
insert into orders ("time","price","volume","type","trader","stock","cat") values('2014-11-7 08:00:00','259.13','1861796','limit','C000000738','DWCH','sell');
insert into stocks values('SBSA','C000002349');
insert into transaction ("volume","time","price","seller","buyer","stock") values('0','1975-11-7 08:00:00','272.36','admin','admin','SBSA');
insert into orders ("time","price","volume","type","trader","stock","cat") values('2014-11-7 08:00:00','272.36','1714619','limit','C000002349','SBSA','sell');
insert into stocks values('DXYN','C000002500');
insert into transaction ("volume","time","price","seller","buyer","stock") values('0','1975-11-7 08:00:00','144.23','admin','admin','DXYN');
insert into orders ("time","price","volume","type","trader","stock","cat") values('2014-11-7 08:00:00','144.23','1653789','limit','C000002500','DXYN','sell');
insert into stocks values('SOHO','C000002337');
insert into transaction ("volume","time","price","seller","buyer","stock") values('0','1975-11-7 08:00:00','280.63','admin','admin','SOHO');
insert into orders ("time","price","volume","type","trader","stock","cat") values('2014-11-7 08:00:00','280.63','1888438','limit','C000002337','SOHO','sell');
insert into stocks values('LIOX','C000001548');
insert into transaction ("volume","time","price","seller","buyer","stock") values('0','1975-11-7 08:00:00','209.31','admin','admin','LIOX');
insert into orders ("time","price","volume","type","trader","stock","cat") values('2014-11-7 08:00:00','209.31','1013444','limit','C000001548','LIOX','sell');
insert into stocks values('TVIX','C000000729');
insert into transaction ("volume","time","price","seller","buyer","stock") values('0','1975-11-7 08:00:00','87.26','admin','admin','TVIX');
insert into orders ("time","price","volume","type","trader","stock","cat") values('2014-11-7 08:00:00','87.26','1093900','limit','C000000729','TVIX','sell');
insert into stocks values('OXBR','C000001903');
insert into transaction ("volume","time","price","seller","buyer","stock") values('0','1975-11-7 08:00:00','420.68','admin','admin','OXBR');
insert into orders ("time","price","volume","type","trader","stock","cat") values('2014-11-7 08:00:00','420.68','1944498','limit','C000001903','OXBR','sell');
insert into stocks values('BDSI','C000000337');
insert into transaction ("volume","time","price","seller","buyer","stock") values('0','1975-11-7 08:00:00','387.35','admin','admin','BDSI');
insert into orders ("time","price","volume","type","trader","stock","cat") values('2014-11-7 08:00:00','387.35','1235421','limit','C000000337','BDSI','sell');
insert into stocks values('ANTH','C000000183');
insert into transaction ("volume","time","price","seller","buyer","stock") values('0','1975-11-7 08:00:00','420.46','admin','admin','ANTH');
insert into orders ("time","price","volume","type","trader","stock","cat") values('2014-11-7 08:00:00','420.46','1837972','limit','C000000183','ANTH','sell');
insert into stocks values('MIRN','C000001687');
insert into transaction ("volume","time","price","seller","buyer","stock") values('0','1975-11-7 08:00:00','319.85','admin','admin','MIRN');
insert into orders ("time","price","volume","type","trader","stock","cat") values('2014-11-7 08:00:00','319.85','1274124','limit','C000001687','MIRN','sell');
insert into stocks values('DGLY','C000000769');
insert into transaction ("volume","time","price","seller","buyer","stock") values('0','1975-11-7 08:00:00','224.78','admin','admin','DGLY');
insert into orders ("time","price","volume","type","trader","stock","cat") values('2014-11-7 08:00:00','224.78','1102836','limit','C000000769','DGLY','sell');
insert into stocks values('CLIR','C000000592');
insert into transaction ("volume","time","price","seller","buyer","stock") values('0','1975-11-7 08:00:00','257.52','admin','admin','CLIR');
insert into orders ("time","price","volume","type","trader","stock","cat") values('2014-11-7 08:00:00','257.52','1002334','limit','C000000592','CLIR','sell');
insert into stocks values('BNTC','C000000327');
insert into transaction ("volume","time","price","seller","buyer","stock") values('0','1975-11-7 08:00:00','475.33','admin','admin','BNTC');
insert into orders ("time","price","volume","type","trader","stock","cat") values('2014-11-7 08:00:00','475.33','1273000','limit','C000000327','BNTC','sell');
insert into stocks values('APTO','C000000200');
insert into transaction ("volume","time","price","seller","buyer","stock") values('0','1975-11-7 08:00:00','181.68','admin','admin','APTO');
insert into orders ("time","price","volume","type","trader","stock","cat") values('2014-11-7 08:00:00','181.68','1131638','limit','C000000200','APTO','sell');
insert into stocks values('EGLE','C000000805');
insert into transaction ("volume","time","price","seller","buyer","stock") values('0','1975-11-7 08:00:00','439.37','admin','admin','EGLE');
insert into orders ("time","price","volume","type","trader","stock","cat") values('2014-11-7 08:00:00','439.37','1739997','limit','C000000805','EGLE','sell');
insert into stocks values('RELL','C000002179');
insert into transaction ("volume","time","price","seller","buyer","stock") values('0','1975-11-7 08:00:00','252.37','admin','admin','RELL');
insert into orders ("time","price","volume","type","trader","stock","cat") values('2014-11-7 08:00:00','252.37','1310631','limit','C000002179','RELL','sell');
insert into stocks values('VLTC','C000002740');
insert into transaction ("volume","time","price","seller","buyer","stock") values('0','1975-11-7 08:00:00','115.31','admin','admin','VLTC');
insert into orders ("time","price","volume","type","trader","stock","cat") values('2014-11-7 08:00:00','115.31','1626267','limit','C000002740','VLTC','sell');
insert into stocks values('VBLT','C000002681');
insert into transaction ("volume","time","price","seller","buyer","stock") values('0','1975-11-7 08:00:00','225.81','admin','admin','VBLT');
insert into orders ("time","price","volume","type","trader","stock","cat") values('2014-11-7 08:00:00','225.81','1239319','limit','C000002681','VBLT','sell');
insert into stocks values('FIVN','C000001044');
insert into transaction ("volume","time","price","seller","buyer","stock") values('0','1975-11-7 08:00:00','248.19','admin','admin','FIVN');
insert into orders ("time","price","volume","type","trader","stock","cat") values('2014-11-7 08:00:00','248.19','1040860','limit','C000001044','FIVN','sell');
insert into stocks values('CSPI','C000000699');
insert into transaction ("volume","time","price","seller","buyer","stock") values('0','1975-11-7 08:00:00','476.88','admin','admin','CSPI');
insert into orders ("time","price","volume","type","trader","stock","cat") values('2014-11-7 08:00:00','476.88','1151043','limit','C000000699','CSPI','sell');
insert into stocks values('CRWN','C000000695');
insert into transaction ("volume","time","price","seller","buyer","stock") values('0','1975-11-7 08:00:00','115.37','admin','admin','CRWN');
insert into orders ("time","price","volume","type","trader","stock","cat") values('2014-11-7 08:00:00','115.37','1404089','limit','C000000695','CRWN','sell');
insert into stocks values('NTWK','C000001776');
insert into transaction ("volume","time","price","seller","buyer","stock") values('0','1975-11-7 08:00:00','447.5','admin','admin','NTWK');
insert into orders ("time","price","volume","type","trader","stock","cat") values('2014-11-7 08:00:00','447.5','1916142','limit','C000001776','NTWK','sell');
insert into stocks values('HTGM','C000001275');
insert into transaction ("volume","time","price","seller","buyer","stock") values('0','1975-11-7 08:00:00','150.68','admin','admin','HTGM');
insert into orders ("time","price","volume","type","trader","stock","cat") values('2014-11-7 08:00:00','150.68','1601043','limit','C000001275','HTGM','sell');
insert into stocks values('RPTP','C000002125');
insert into transaction ("volume","time","price","seller","buyer","stock") values('0','1975-11-7 08:00:00','102.09','admin','admin','RPTP');
insert into orders ("time","price","volume","type","trader","stock","cat") values('2014-11-7 08:00:00','102.09','1807364','limit','C000002125','RPTP','sell');
insert into stocks values('HLIT','C000001207');
insert into transaction ("volume","time","price","seller","buyer","stock") values('0','1975-11-7 08:00:00','58.81','admin','admin','HLIT');
insert into orders ("time","price","volume","type","trader","stock","cat") values('2014-11-7 08:00:00','58.81','1985237','limit','C000001207','HLIT','sell');
insert into stocks values('CYAN','C000000713');
insert into transaction ("volume","time","price","seller","buyer","stock") values('0','1975-11-7 08:00:00','370.43','admin','admin','CYAN');
insert into orders ("time","price","volume","type","trader","stock","cat") values('2014-11-7 08:00:00','370.43','1240339','limit','C000000713','CYAN','sell');
insert into stocks values('CYCCP','C000000716');
insert into transaction ("volume","time","price","seller","buyer","stock") values('0','1975-11-7 08:00:00','468.12','admin','admin','CYCCP');
insert into orders ("time","price","volume","type","trader","stock","cat") values('2014-11-7 08:00:00','468.12','1404884','limit','C000000716','CYCCP','sell');
insert into stocks values('GALTU','C000001098');
insert into transaction ("volume","time","price","seller","buyer","stock") values('0','1975-11-7 08:00:00','421.43','admin','admin','GALTU');
insert into orders ("time","price","volume","type","trader","stock","cat") values('2014-11-7 08:00:00','421.43','1375453','limit','C000001098','GALTU','sell');
insert into stocks values('STKL','C000002415');
insert into transaction ("volume","time","price","seller","buyer","stock") values('0','1975-11-7 08:00:00','132.59','admin','admin','STKL');
insert into orders ("time","price","volume","type","trader","stock","cat") values('2014-11-7 08:00:00','132.59','1651634','limit','C000002415','STKL','sell');
insert into stocks values('PEIX','C000001914');
insert into transaction ("volume","time","price","seller","buyer","stock") values('0','1975-11-7 08:00:00','494.14','admin','admin','PEIX');
insert into orders ("time","price","volume","type","trader","stock","cat") values('2014-11-7 08:00:00','494.14','1231616','limit','C000001914','PEIX','sell');
insert into stocks values('NTEC','C000001346');
insert into transaction ("volume","time","price","seller","buyer","stock") values('0','1975-11-7 08:00:00','160.04','admin','admin','NTEC');
insert into orders ("time","price","volume","type","trader","stock","cat") values('2014-11-7 08:00:00','160.04','1690135','limit','C000001346','NTEC','sell');
insert into stocks values('CNXR','C000000653');
insert into transaction ("volume","time","price","seller","buyer","stock") values('0','1975-11-7 08:00:00','117.7','admin','admin','CNXR');
insert into orders ("time","price","volume","type","trader","stock","cat") values('2014-11-7 08:00:00','117.7','1232262','limit','C000000653','CNXR','sell');
insert into stocks values('DXLG','C000000755');
insert into transaction ("volume","time","price","seller","buyer","stock") values('0','1975-11-7 08:00:00','342.11','admin','admin','DXLG');
insert into orders ("time","price","volume","type","trader","stock","cat") values('2014-11-7 08:00:00','342.11','1031712','limit','C000000755','DXLG','sell');
insert into stocks values('ABUS','C000000206');
insert into transaction ("volume","time","price","seller","buyer","stock") values('0','1975-11-7 08:00:00','122.82','admin','admin','ABUS');
insert into orders ("time","price","volume","type","trader","stock","cat") values('2014-11-7 08:00:00','122.82','1881087','limit','C000000206','ABUS','sell');
insert into stocks values('SYUT','C000002446');
insert into transaction ("volume","time","price","seller","buyer","stock") values('0','1975-11-7 08:00:00','249.99','admin','admin','SYUT');
insert into orders ("time","price","volume","type","trader","stock","cat") values('2014-11-7 08:00:00','249.99','1500508','limit','C000002446','SYUT','sell');
insert into stocks values('CACB','C000000477');
insert into transaction ("volume","time","price","seller","buyer","stock") values('0','1975-11-7 08:00:00','337.85','admin','admin','CACB');
insert into orders ("time","price","volume","type","trader","stock","cat") values('2014-11-7 08:00:00','337.85','1574300','limit','C000000477','CACB','sell');
insert into stocks values('CART','C000000471');
insert into transaction ("volume","time","price","seller","buyer","stock") values('0','1975-11-7 08:00:00','83.04','admin','admin','CART');
insert into orders ("time","price","volume","type","trader","stock","cat") values('2014-11-7 08:00:00','83.04','1842890','limit','C000000471','CART','sell');
insert into stocks values('MFRI','C000001665');
insert into transaction ("volume","time","price","seller","buyer","stock") values('0','1975-11-7 08:00:00','245.0','admin','admin','MFRI');
insert into orders ("time","price","volume","type","trader","stock","cat") values('2014-11-7 08:00:00','245.0','1904482','limit','C000001665','MFRI','sell');
insert into stocks values('PLTM','C000001011');
insert into transaction ("volume","time","price","seller","buyer","stock") values('0','1975-11-7 08:00:00','43.25','admin','admin','PLTM');
insert into orders ("time","price","volume","type","trader","stock","cat") values('2014-11-7 08:00:00','43.25','1089615','limit','C000001011','PLTM','sell');
insert into stocks values('CERCU','C000000517');
insert into transaction ("volume","time","price","seller","buyer","stock") values('0','1975-11-7 08:00:00','339.98','admin','admin','CERCU');
insert into orders ("time","price","volume","type","trader","stock","cat") values('2014-11-7 08:00:00','339.98','1952642','limit','C000000517','CERCU','sell');
insert into stocks values('GAI','C000001146');
insert into transaction ("volume","time","price","seller","buyer","stock") values('0','1975-11-7 08:00:00','231.3','admin','admin','GAI');
insert into orders ("time","price","volume","type","trader","stock","cat") values('2014-11-7 08:00:00','231.3','1486362','limit','C000001146','GAI','sell');
insert into stocks values('UCFC','C000002617');
insert into transaction ("volume","time","price","seller","buyer","stock") values('0','1975-11-7 08:00:00','104.25','admin','admin','UCFC');
insert into orders ("time","price","volume","type","trader","stock","cat") values('2014-11-7 08:00:00','104.25','1502113','limit','C000002617','UCFC','sell');
insert into stocks values('NYMT','C000001781');
insert into transaction ("volume","time","price","seller","buyer","stock") values('0','1975-11-7 08:00:00','206.73','admin','admin','NYMT');
insert into orders ("time","price","volume","type","trader","stock","cat") values('2014-11-7 08:00:00','206.73','1698629','limit','C000001781','NYMT','sell');
insert into stocks values('AINV','C000000189');
insert into transaction ("volume","time","price","seller","buyer","stock") values('0','1975-11-7 08:00:00','281.86','admin','admin','AINV');
insert into orders ("time","price","volume","type","trader","stock","cat") values('2014-11-7 08:00:00','281.86','1112606','limit','C000000189','AINV','sell');
insert into stocks values('GUID','C000001187');
insert into transaction ("volume","time","price","seller","buyer","stock") values('0','1975-11-7 08:00:00','18.11','admin','admin','GUID');
insert into orders ("time","price","volume","type","trader","stock","cat") values('2014-11-7 08:00:00','18.11','1979195','limit','C000001187','GUID','sell');
insert into stocks values('ALLT','C000000114');
insert into transaction ("volume","time","price","seller","buyer","stock") values('0','1975-11-7 08:00:00','199.43','admin','admin','ALLT');
insert into orders ("time","price","volume","type","trader","stock","cat") values('2014-11-7 08:00:00','199.43','1899792','limit','C000000114','ALLT','sell');
insert into stocks values('PCTI','C000001950');
insert into transaction ("volume","time","price","seller","buyer","stock") values('0','1975-11-7 08:00:00','109.43','admin','admin','PCTI');
insert into orders ("time","price","volume","type","trader","stock","cat") values('2014-11-7 08:00:00','109.43','1957227','limit','C000001950','PCTI','sell');
insert into stocks values('CLNE','C000000588');
insert into transaction ("volume","time","price","seller","buyer","stock") values('0','1975-11-7 08:00:00','27.46','admin','admin','CLNE');
insert into orders ("time","price","volume","type","trader","stock","cat") values('2014-11-7 08:00:00','27.46','1248809','limit','C000000588','CLNE','sell');
insert into stocks values('SVBI','C000002266');
insert into transaction ("volume","time","price","seller","buyer","stock") values('0','1975-11-7 08:00:00','11.46','admin','admin','SVBI');
insert into orders ("time","price","volume","type","trader","stock","cat") values('2014-11-7 08:00:00','11.46','1283579','limit','C000002266','SVBI','sell');
insert into stocks values('AKAO','C000000038');
insert into transaction ("volume","time","price","seller","buyer","stock") values('0','1975-11-7 08:00:00','39.0','admin','admin','AKAO');
insert into orders ("time","price","volume","type","trader","stock","cat") values('2014-11-7 08:00:00','39.0','1909604','limit','C000000038','AKAO','sell');
insert into stocks values('EPIX','C000000889');
insert into transaction ("volume","time","price","seller","buyer","stock") values('0','1975-11-7 08:00:00','170.83','admin','admin','EPIX');
insert into orders ("time","price","volume","type","trader","stock","cat") values('2014-11-7 08:00:00','170.83','1123324','limit','C000000889','EPIX','sell');
insert into stocks values('SGI','C000002291');
insert into transaction ("volume","time","price","seller","buyer","stock") values('0','1975-11-7 08:00:00','279.55','admin','admin','SGI');
insert into orders ("time","price","volume","type","trader","stock","cat") values('2014-11-7 08:00:00','279.55','1367577','limit','C000002291','SGI','sell');
insert into stocks values('QNST','C000002108');
insert into transaction ("volume","time","price","seller","buyer","stock") values('0','1975-11-7 08:00:00','341.37','admin','admin','QNST');
insert into orders ("time","price","volume","type","trader","stock","cat") values('2014-11-7 08:00:00','341.37','1631159','limit','C000002108','QNST','sell');
insert into stocks values('EVOL','C000000900');
insert into transaction ("volume","time","price","seller","buyer","stock") values('0','1975-11-7 08:00:00','174.98','admin','admin','EVOL');
insert into orders ("time","price","volume","type","trader","stock","cat") values('2014-11-7 08:00:00','174.98','1411065','limit','C000000900','EVOL','sell');
insert into stocks values('AMCN','C000000085');
insert into transaction ("volume","time","price","seller","buyer","stock") values('0','1975-11-7 08:00:00','36.52','admin','admin','AMCN');
insert into orders ("time","price","volume","type","trader","stock","cat") values('2014-11-7 08:00:00','36.52','1822664','limit','C000000085','AMCN','sell');
insert into stocks values('EVEP','C000000896');
insert into transaction ("volume","time","price","seller","buyer","stock") values('0','1975-11-7 08:00:00','55.17','admin','admin','EVEP');
insert into orders ("time","price","volume","type","trader","stock","cat") values('2014-11-7 08:00:00','55.17','1046737','limit','C000000896','EVEP','sell');
insert into stocks values('XPLR','C000002835');
insert into transaction ("volume","time","price","seller","buyer","stock") values('0','1975-11-7 08:00:00','110.41','admin','admin','XPLR');
insert into orders ("time","price","volume","type","trader","stock","cat") values('2014-11-7 08:00:00','110.41','1805625','limit','C000002835','XPLR','sell');
insert into stocks values('VOXX','C000002741');
insert into transaction ("volume","time","price","seller","buyer","stock") values('0','1975-11-7 08:00:00','470.64','admin','admin','VOXX');
insert into orders ("time","price","volume","type","trader","stock","cat") values('2014-11-7 08:00:00','470.64','1656447','limit','C000002741','VOXX','sell');
insert into stocks values('MGIC','C000001584');
insert into transaction ("volume","time","price","seller","buyer","stock") values('0','1975-11-7 08:00:00','410.82','admin','admin','MGIC');
insert into orders ("time","price","volume","type","trader","stock","cat") values('2014-11-7 08:00:00','410.82','1814813','limit','C000001584','MGIC','sell');
insert into stocks values('ASYS','C000000167');
insert into transaction ("volume","time","price","seller","buyer","stock") values('0','1975-11-7 08:00:00','436.61','admin','admin','ASYS');
insert into orders ("time","price","volume","type","trader","stock","cat") values('2014-11-7 08:00:00','436.61','1046322','limit','C000000167','ASYS','sell');
insert into stocks values('BDE','C000000357');
insert into transaction ("volume","time","price","seller","buyer","stock") values('0','1975-11-7 08:00:00','481.79','admin','admin','BDE');
insert into orders ("time","price","volume","type","trader","stock","cat") values('2014-11-7 08:00:00','481.79','1867172','limit','C000000357','BDE','sell');
insert into stocks values('CDRB','C000000604');
insert into transaction ("volume","time","price","seller","buyer","stock") values('0','1975-11-7 08:00:00','430.95','admin','admin','CDRB');
insert into orders ("time","price","volume","type","trader","stock","cat") values('2014-11-7 08:00:00','430.95','1796428','limit','C000000604','CDRB','sell');
insert into stocks values('ATAX','C000000138');
insert into transaction ("volume","time","price","seller","buyer","stock") values('0','1975-11-7 08:00:00','73.51','admin','admin','ATAX');
insert into orders ("time","price","volume","type","trader","stock","cat") values('2014-11-7 08:00:00','73.51','1406790','limit','C000000138','ATAX','sell');
insert into stocks values('IOTS','C000000055');
insert into transaction ("volume","time","price","seller","buyer","stock") values('0','1975-11-7 08:00:00','364.58','admin','admin','IOTS');
insert into orders ("time","price","volume","type","trader","stock","cat") values('2014-11-7 08:00:00','364.58','1874233','limit','C000000055','IOTS','sell');
insert into stocks values('ABGB','C000000022');
insert into transaction ("volume","time","price","seller","buyer","stock") values('0','1975-11-7 08:00:00','49.71','admin','admin','ABGB');
insert into orders ("time","price","volume","type","trader","stock","cat") values('2014-11-7 08:00:00','49.71','1466434','limit','C000000022','ABGB','sell');
insert into stocks values('ASUR','C000000247');
insert into transaction ("volume","time","price","seller","buyer","stock") values('0','1975-11-7 08:00:00','59.88','admin','admin','ASUR');
insert into orders ("time","price","volume","type","trader","stock","cat") values('2014-11-7 08:00:00','59.88','1943570','limit','C000000247','ASUR','sell');
insert into stocks values('CSBR','C000000524');
insert into transaction ("volume","time","price","seller","buyer","stock") values('0','1975-11-7 08:00:00','237.38','admin','admin','CSBR');
insert into orders ("time","price","volume","type","trader","stock","cat") values('2014-11-7 08:00:00','237.38','1081997','limit','C000000524','CSBR','sell');
insert into stocks values('KIN','C000001474');
insert into transaction ("volume","time","price","seller","buyer","stock") values('0','1975-11-7 08:00:00','246.15','admin','admin','KIN');
insert into orders ("time","price","volume","type","trader","stock","cat") values('2014-11-7 08:00:00','246.15','1055622','limit','C000001474','KIN','sell');
insert into stocks values('ABCD','C000000438');
insert into transaction ("volume","time","price","seller","buyer","stock") values('0','1975-11-7 08:00:00','49.81','admin','admin','ABCD');
insert into orders ("time","price","volume","type","trader","stock","cat") values('2014-11-7 08:00:00','49.81','1275136','limit','C000000438','ABCD','sell');
insert into stocks values('SVA','C000002302');
insert into transaction ("volume","time","price","seller","buyer","stock") values('0','1975-11-7 08:00:00','43.1','admin','admin','SVA');
insert into orders ("time","price","volume","type","trader","stock","cat") values('2014-11-7 08:00:00','43.1','1426003','limit','C000002302','SVA','sell');
insert into stocks values('MCBC','C000001577');
insert into transaction ("volume","time","price","seller","buyer","stock") values('0','1975-11-7 08:00:00','451.19','admin','admin','MCBC');
insert into orders ("time","price","volume","type","trader","stock","cat") values('2014-11-7 08:00:00','451.19','1541539','limit','C000001577','MCBC','sell');
insert into stocks values('ARWR','C000000230');
insert into transaction ("volume","time","price","seller","buyer","stock") values('0','1975-11-7 08:00:00','137.66','admin','admin','ARWR');
insert into orders ("time","price","volume","type","trader","stock","cat") values('2014-11-7 08:00:00','137.66','1993801','limit','C000000230','ARWR','sell');
insert into stocks values('NERV','C000001685');
insert into transaction ("volume","time","price","seller","buyer","stock") values('0','1975-11-7 08:00:00','387.74','admin','admin','NERV');
insert into orders ("time","price","volume","type","trader","stock","cat") values('2014-11-7 08:00:00','387.74','1402736','limit','C000001685','NERV','sell');
insert into stocks values('GTIM','C000001160');
insert into transaction ("volume","time","price","seller","buyer","stock") values('0','1975-11-7 08:00:00','316.33','admin','admin','GTIM');
insert into orders ("time","price","volume","type","trader","stock","cat") values('2014-11-7 08:00:00','316.33','1752196','limit','C000001160','GTIM','sell');
insert into stocks values('CPSS','C000000658');
insert into transaction ("volume","time","price","seller","buyer","stock") values('0','1975-11-7 08:00:00','311.7','admin','admin','CPSS');
insert into orders ("time","price","volume","type","trader","stock","cat") values('2014-11-7 08:00:00','311.7','1308114','limit','C000000658','CPSS','sell');
insert into stocks values('BYBK','C000000311');
insert into transaction ("volume","time","price","seller","buyer","stock") values('0','1975-11-7 08:00:00','72.8','admin','admin','BYBK');
insert into orders ("time","price","volume","type","trader","stock","cat") values('2014-11-7 08:00:00','72.8','1767824','limit','C000000311','BYBK','sell');
insert into stocks values('RCMT','C000002130');
insert into transaction ("volume","time","price","seller","buyer","stock") values('0','1975-11-7 08:00:00','410.23','admin','admin','RCMT');
insert into orders ("time","price","volume","type","trader","stock","cat") values('2014-11-7 08:00:00','410.23','1336608','limit','C000002130','RCMT','sell');
insert into stocks values('EDAP','C000000821');
insert into transaction ("volume","time","price","seller","buyer","stock") values('0','1975-11-7 08:00:00','122.45','admin','admin','EDAP');
insert into orders ("time","price","volume","type","trader","stock","cat") values('2014-11-7 08:00:00','122.45','1077762','limit','C000000821','EDAP','sell');
insert into stocks values('NVET','C000001789');
insert into transaction ("volume","time","price","seller","buyer","stock") values('0','1975-11-7 08:00:00','175.08','admin','admin','NVET');
insert into orders ("time","price","volume","type","trader","stock","cat") values('2014-11-7 08:00:00','175.08','1263045','limit','C000001789','NVET','sell');
insert into stocks values('ESXB','C000000631');
insert into transaction ("volume","time","price","seller","buyer","stock") values('0','1975-11-7 08:00:00','288.01','admin','admin','ESXB');
insert into orders ("time","price","volume","type","trader","stock","cat") values('2014-11-7 08:00:00','288.01','1430328','limit','C000000631','ESXB','sell');
insert into stocks values('OSUR','C000001884');
insert into transaction ("volume","time","price","seller","buyer","stock") values('0','1975-11-7 08:00:00','494.0','admin','admin','OSUR');
insert into orders ("time","price","volume","type","trader","stock","cat") values('2014-11-7 08:00:00','494.0','1312226','limit','C000001884','OSUR','sell');
insert into stocks values('IVAC','C000001371');
insert into transaction ("volume","time","price","seller","buyer","stock") values('0','1975-11-7 08:00:00','119.4','admin','admin','IVAC');
insert into orders ("time","price","volume","type","trader","stock","cat") values('2014-11-7 08:00:00','119.4','1619047','limit','C000001371','IVAC','sell');
insert into stocks values('ABIO','C000000208');
insert into transaction ("volume","time","price","seller","buyer","stock") values('0','1975-11-7 08:00:00','330.83','admin','admin','ABIO');
insert into orders ("time","price","volume","type","trader","stock","cat") values('2014-11-7 08:00:00','330.83','1202184','limit','C000000208','ABIO','sell');
insert into stocks values('UBFO','C000002624');
insert into transaction ("volume","time","price","seller","buyer","stock") values('0','1975-11-7 08:00:00','397.26','admin','admin','UBFO');
insert into orders ("time","price","volume","type","trader","stock","cat") values('2014-11-7 08:00:00','397.26','1580973','limit','C000002624','UBFO','sell');
insert into stocks values('ZIXI','C000002858');
insert into transaction ("volume","time","price","seller","buyer","stock") values('0','1975-11-7 08:00:00','383.28','admin','admin','ZIXI');
insert into orders ("time","price","volume","type","trader","stock","cat") values('2014-11-7 08:00:00','383.28','1476598','limit','C000002858','ZIXI','sell');
insert into stocks values('SPPI','C000002355');
insert into transaction ("volume","time","price","seller","buyer","stock") values('0','1975-11-7 08:00:00','337.13','admin','admin','SPPI');
insert into orders ("time","price","volume","type","trader","stock","cat") values('2014-11-7 08:00:00','337.13','1499014','limit','C000002355','SPPI','sell');
insert into stocks values('CERS','C000000521');
insert into transaction ("volume","time","price","seller","buyer","stock") values('0','1975-11-7 08:00:00','293.54','admin','admin','CERS');
insert into orders ("time","price","volume","type","trader","stock","cat") values('2014-11-7 08:00:00','293.54','1766398','limit','C000000521','CERS','sell');
insert into stocks values('HIHO','C000001246');
insert into transaction ("volume","time","price","seller","buyer","stock") values('0','1975-11-7 08:00:00','235.98','admin','admin','HIHO');
insert into orders ("time","price","volume","type","trader","stock","cat") values('2014-11-7 08:00:00','235.98','1320904','limit','C000001246','HIHO','sell');
insert into stocks values('RJET','C000002162');
insert into transaction ("volume","time","price","seller","buyer","stock") values('0','1975-11-7 08:00:00','74.6','admin','admin','RJET');
insert into orders ("time","price","volume","type","trader","stock","cat") values('2014-11-7 08:00:00','74.6','1485707','limit','C000002162','RJET','sell');
insert into stocks values('NVCN','C000001765');
insert into transaction ("volume","time","price","seller","buyer","stock") values('0','1975-11-7 08:00:00','52.87','admin','admin','NVCN');
insert into orders ("time","price","volume","type","trader","stock","cat") values('2014-11-7 08:00:00','52.87','1028288','limit','C000001765','NVCN','sell');
insert into stocks values('ECYT','C000000855');
insert into transaction ("volume","time","price","seller","buyer","stock") values('0','1975-11-7 08:00:00','462.53','admin','admin','ECYT');
insert into orders ("time","price","volume","type","trader","stock","cat") values('2014-11-7 08:00:00','462.53','1498031','limit','C000000855','ECYT','sell');
insert into stocks values('PCYO','C000002087');
insert into transaction ("volume","time","price","seller","buyer","stock") values('0','1975-11-7 08:00:00','124.68','admin','admin','PCYO');
insert into orders ("time","price","volume","type","trader","stock","cat") values('2014-11-7 08:00:00','124.68','1442079','limit','C000002087','PCYO','sell');
insert into stocks values('DSCI','C000000752');
insert into transaction ("volume","time","price","seller","buyer","stock") values('0','1975-11-7 08:00:00','102.38','admin','admin','DSCI');
insert into orders ("time","price","volume","type","trader","stock","cat") values('2014-11-7 08:00:00','102.38','1119158','limit','C000000752','DSCI','sell');
insert into stocks values('UCTT','C000002599');
insert into transaction ("volume","time","price","seller","buyer","stock") values('0','1975-11-7 08:00:00','145.61','admin','admin','UCTT');
insert into orders ("time","price","volume","type","trader","stock","cat") values('2014-11-7 08:00:00','145.61','1795419','limit','C000002599','UCTT','sell');
insert into stocks values('KERX','C000001466');
insert into transaction ("volume","time","price","seller","buyer","stock") values('0','1975-11-7 08:00:00','371.48','admin','admin','KERX');
insert into orders ("time","price","volume","type","trader","stock","cat") values('2014-11-7 08:00:00','371.48','1661844','limit','C000001466','KERX','sell');
insert into stocks values('CCUR','C000000646');
insert into transaction ("volume","time","price","seller","buyer","stock") values('0','1975-11-7 08:00:00','131.17','admin','admin','CCUR');
insert into orders ("time","price","volume","type","trader","stock","cat") values('2014-11-7 08:00:00','131.17','1050887','limit','C000000646','CCUR','sell');
insert into stocks values('EPRS','C000000876');
insert into transaction ("volume","time","price","seller","buyer","stock") values('0','1975-11-7 08:00:00','226.63','admin','admin','EPRS');
insert into orders ("time","price","volume","type","trader","stock","cat") values('2014-11-7 08:00:00','226.63','1961984','limit','C000000876','EPRS','sell');
insert into stocks values('REFR','C000002165');
insert into transaction ("volume","time","price","seller","buyer","stock") values('0','1975-11-7 08:00:00','224.1','admin','admin','REFR');
insert into orders ("time","price","volume","type","trader","stock","cat") values('2014-11-7 08:00:00','224.1','1308261','limit','C000002165','REFR','sell');
insert into stocks values('MEMP','C000001645');
insert into transaction ("volume","time","price","seller","buyer","stock") values('0','1975-11-7 08:00:00','172.98','admin','admin','MEMP');
insert into orders ("time","price","volume","type","trader","stock","cat") values('2014-11-7 08:00:00','172.98','1419142','limit','C000001645','MEMP','sell');
insert into stocks values('ESIO','C000000834');
insert into transaction ("volume","time","price","seller","buyer","stock") values('0','1975-11-7 08:00:00','184.28','admin','admin','ESIO');
insert into orders ("time","price","volume","type","trader","stock","cat") values('2014-11-7 08:00:00','184.28','1913600','limit','C000000834','ESIO','sell');
insert into stocks values('ARRY','C000000226');
insert into transaction ("volume","time","price","seller","buyer","stock") values('0','1975-11-7 08:00:00','215.61','admin','admin','ARRY');
insert into orders ("time","price","volume","type","trader","stock","cat") values('2014-11-7 08:00:00','215.61','1884773','limit','C000000226','ARRY','sell');
insert into stocks values('VKTX','C000002721');
insert into transaction ("volume","time","price","seller","buyer","stock") values('0','1975-11-7 08:00:00','270.42','admin','admin','VKTX');
insert into orders ("time","price","volume","type","trader","stock","cat") values('2014-11-7 08:00:00','270.42','1816465','limit','C000002721','VKTX','sell');
insert into stocks values('KTOS','C000001488');
insert into transaction ("volume","time","price","seller","buyer","stock") values('0','1975-11-7 08:00:00','113.86','admin','admin','KTOS');
insert into orders ("time","price","volume","type","trader","stock","cat") values('2014-11-7 08:00:00','113.86','1594152','limit','C000001488','KTOS','sell');
insert into stocks values('BPFHW','C000000386');
insert into transaction ("volume","time","price","seller","buyer","stock") values('0','1975-11-7 08:00:00','102.52','admin','admin','BPFHW');
insert into orders ("time","price","volume","type","trader","stock","cat") values('2014-11-7 08:00:00','102.52','1106335','limit','C000000386','BPFHW','sell');
insert into stocks values('STAF','C000002368');
insert into transaction ("volume","time","price","seller","buyer","stock") values('0','1975-11-7 08:00:00','72.33','admin','admin','STAF');
insert into orders ("time","price","volume","type","trader","stock","cat") values('2014-11-7 08:00:00','72.33','1266312','limit','C000002368','STAF','sell');
insert into stocks values('CEMI','C000000533');
insert into transaction ("volume","time","price","seller","buyer","stock") values('0','1975-11-7 08:00:00','322.62','admin','admin','CEMI');
insert into orders ("time","price","volume","type","trader","stock","cat") values('2014-11-7 08:00:00','322.62','1538628','limit','C000000533','CEMI','sell');
insert into stocks values('AQMS','C000000201');
insert into transaction ("volume","time","price","seller","buyer","stock") values('0','1975-11-7 08:00:00','304.16','admin','admin','AQMS');
insert into orders ("time","price","volume","type","trader","stock","cat") values('2014-11-7 08:00:00','304.16','1311686','limit','C000000201','AQMS','sell');
insert into stocks values('ENOC','C000000862');
insert into transaction ("volume","time","price","seller","buyer","stock") values('0','1975-11-7 08:00:00','175.9','admin','admin','ENOC');
insert into orders ("time","price","volume","type","trader","stock","cat") values('2014-11-7 08:00:00','175.9','1546275','limit','C000000862','ENOC','sell');
insert into stocks values('NWBO','C000001809');
insert into transaction ("volume","time","price","seller","buyer","stock") values('0','1975-11-7 08:00:00','231.22','admin','admin','NWBO');
insert into orders ("time","price","volume","type","trader","stock","cat") values('2014-11-7 08:00:00','231.22','1027692','limit','C000001809','NWBO','sell');
insert into stocks values('VUZI','C000002745');
insert into transaction ("volume","time","price","seller","buyer","stock") values('0','1975-11-7 08:00:00','237.12','admin','admin','VUZI');
insert into orders ("time","price","volume","type","trader","stock","cat") values('2014-11-7 08:00:00','237.12','1120989','limit','C000002745','VUZI','sell');
insert into stocks values('TANH','C000002457');
insert into transaction ("volume","time","price","seller","buyer","stock") values('0','1975-11-7 08:00:00','358.84','admin','admin','TANH');
insert into orders ("time","price","volume","type","trader","stock","cat") values('2014-11-7 08:00:00','358.84','1914826','limit','C000002457','TANH','sell');
insert into stocks values('SNMX','C000002259');
insert into transaction ("volume","time","price","seller","buyer","stock") values('0','1975-11-7 08:00:00','394.49','admin','admin','SNMX');
insert into orders ("time","price","volume","type","trader","stock","cat") values('2014-11-7 08:00:00','394.49','1056711','limit','C000002259','SNMX','sell');
insert into stocks values('FATE','C000000927');
insert into transaction ("volume","time","price","seller","buyer","stock") values('0','1975-11-7 08:00:00','230.2','admin','admin','FATE');
insert into orders ("time","price","volume","type","trader","stock","cat") values('2014-11-7 08:00:00','230.2','1146838','limit','C000000927','FATE','sell');
insert into stocks values('JIVE','C000001446');
insert into transaction ("volume","time","price","seller","buyer","stock") values('0','1975-11-7 08:00:00','354.16','admin','admin','JIVE');
insert into orders ("time","price","volume","type","trader","stock","cat") values('2014-11-7 08:00:00','354.16','1338577','limit','C000001446','JIVE','sell');
insert into stocks values('FCSC','C000000935');
insert into transaction ("volume","time","price","seller","buyer","stock") values('0','1975-11-7 08:00:00','225.95','admin','admin','FCSC');
insert into orders ("time","price","volume","type","trader","stock","cat") values('2014-11-7 08:00:00','225.95','1937797','limit','C000000935','FCSC','sell');
insert into stocks values('AXGN','C000000286');
insert into transaction ("volume","time","price","seller","buyer","stock") values('0','1975-11-7 08:00:00','283.99','admin','admin','AXGN');
insert into orders ("time","price","volume","type","trader","stock","cat") values('2014-11-7 08:00:00','283.99','1476368','limit','C000000286','AXGN','sell');
insert into stocks values('RVSB','C000002186');
insert into transaction ("volume","time","price","seller","buyer","stock") values('0','1975-11-7 08:00:00','292.14','admin','admin','RVSB');
insert into orders ("time","price","volume","type","trader","stock","cat") values('2014-11-7 08:00:00','292.14','1058831','limit','C000002186','RVSB','sell');
insert into stocks values('SMTP','C000002321');
insert into transaction ("volume","time","price","seller","buyer","stock") values('0','1975-11-7 08:00:00','52.55','admin','admin','SMTP');
insert into orders ("time","price","volume","type","trader","stock","cat") values('2014-11-7 08:00:00','52.55','1126043','limit','C000002321','SMTP','sell');
insert into stocks values('TORM','C000002548');
insert into transaction ("volume","time","price","seller","buyer","stock") values('0','1975-11-7 08:00:00','14.9','admin','admin','TORM');
insert into orders ("time","price","volume","type","trader","stock","cat") values('2014-11-7 08:00:00','14.9','1402816','limit','C000002548','TORM','sell');
insert into stocks values('GLDC','C000001156');
insert into transaction ("volume","time","price","seller","buyer","stock") values('0','1975-11-7 08:00:00','390.93','admin','admin','GLDC');
insert into orders ("time","price","volume","type","trader","stock","cat") values('2014-11-7 08:00:00','390.93','1661623','limit','C000001156','GLDC','sell');
insert into stocks values('PRSS','C000000421');
insert into transaction ("volume","time","price","seller","buyer","stock") values('0','1975-11-7 08:00:00','268.47','admin','admin','PRSS');
insert into orders ("time","price","volume","type","trader","stock","cat") values('2014-11-7 08:00:00','268.47','1869049','limit','C000000421','PRSS','sell');
insert into stocks values('CPHR','C000000576');
insert into transaction ("volume","time","price","seller","buyer","stock") values('0','1975-11-7 08:00:00','273.96','admin','admin','CPHR');
insert into orders ("time","price","volume","type","trader","stock","cat") values('2014-11-7 08:00:00','273.96','1561393','limit','C000000576','CPHR','sell');
insert into stocks values('GOMO','C000002414');
insert into transaction ("volume","time","price","seller","buyer","stock") values('0','1975-11-7 08:00:00','295.87','admin','admin','GOMO');
insert into orders ("time","price","volume","type","trader","stock","cat") values('2014-11-7 08:00:00','295.87','1508826','limit','C000002414','GOMO','sell');
insert into stocks values('SIEN','C000002280');
insert into transaction ("volume","time","price","seller","buyer","stock") values('0','1975-11-7 08:00:00','378.75','admin','admin','SIEN');
insert into orders ("time","price","volume","type","trader","stock","cat") values('2014-11-7 08:00:00','378.75','1446809','limit','C000002280','SIEN','sell');
insert into stocks values('KCAP','C000001461');
insert into transaction ("volume","time","price","seller","buyer","stock") values('0','1975-11-7 08:00:00','488.91','admin','admin','KCAP');
insert into orders ("time","price","volume","type","trader","stock","cat") values('2014-11-7 08:00:00','488.91','1232807','limit','C000001461','KCAP','sell');
insert into stocks values('ARGS','C000000218');
insert into transaction ("volume","time","price","seller","buyer","stock") values('0','1975-11-7 08:00:00','356.59','admin','admin','ARGS');
insert into orders ("time","price","volume","type","trader","stock","cat") values('2014-11-7 08:00:00','356.59','1984609','limit','C000000218','ARGS','sell');
insert into stocks values('ORPN','C000000331');
insert into transaction ("volume","time","price","seller","buyer","stock") values('0','1975-11-7 08:00:00','197.04','admin','admin','ORPN');
insert into orders ("time","price","volume","type","trader","stock","cat") values('2014-11-7 08:00:00','197.04','1905040','limit','C000000331','ORPN','sell');
insert into stocks values('AAME','C000000254');
insert into transaction ("volume","time","price","seller","buyer","stock") values('0','1975-11-7 08:00:00','169.85','admin','admin','AAME');
insert into orders ("time","price","volume","type","trader","stock","cat") values('2014-11-7 08:00:00','169.85','1052037','limit','C000000254','AAME','sell');
insert into stocks values('PTNR','C000001936');
insert into transaction ("volume","time","price","seller","buyer","stock") values('0','1975-11-7 08:00:00','372.64','admin','admin','PTNR');
insert into orders ("time","price","volume","type","trader","stock","cat") values('2014-11-7 08:00:00','372.64','1760771','limit','C000001936','PTNR','sell');
insert into stocks values('NYNY','C000000849');
insert into transaction ("volume","time","price","seller","buyer","stock") values('0','1975-11-7 08:00:00','390.04','admin','admin','NYNY');
insert into orders ("time","price","volume","type","trader","stock","cat") values('2014-11-7 08:00:00','390.04','1346029','limit','C000000849','NYNY','sell');
insert into stocks values('EFUT','C000000825');
insert into transaction ("volume","time","price","seller","buyer","stock") values('0','1975-11-7 08:00:00','148.91','admin','admin','EFUT');
insert into orders ("time","price","volume","type","trader","stock","cat") values('2014-11-7 08:00:00','148.91','1129483','limit','C000000825','EFUT','sell');
insert into stocks values('FTR','C000001080');
insert into transaction ("volume","time","price","seller","buyer","stock") values('0','1975-11-7 08:00:00','146.09','admin','admin','FTR');
insert into orders ("time","price","volume","type","trader","stock","cat") values('2014-11-7 08:00:00','146.09','1650699','limit','C000001080','FTR','sell');
insert into stocks values('CBYL','C000000459');
insert into transaction ("volume","time","price","seller","buyer","stock") values('0','1975-11-7 08:00:00','47.21','admin','admin','CBYL');
insert into orders ("time","price","volume","type","trader","stock","cat") values('2014-11-7 08:00:00','47.21','1983208','limit','C000000459','CBYL','sell');
insert into stocks values('ESES','C000000820');
insert into transaction ("volume","time","price","seller","buyer","stock") values('0','1975-11-7 08:00:00','86.04','admin','admin','ESES');
insert into orders ("time","price","volume","type","trader","stock","cat") values('2014-11-7 08:00:00','86.04','1799122','limit','C000000820','ESES','sell');
insert into stocks values('OCAT','C000001837');
insert into transaction ("volume","time","price","seller","buyer","stock") values('0','1975-11-7 08:00:00','474.43','admin','admin','OCAT');
insert into orders ("time","price","volume","type","trader","stock","cat") values('2014-11-7 08:00:00','474.43','1969005','limit','C000001837','OCAT','sell');
insert into stocks values('SREV','C000002263');
insert into transaction ("volume","time","price","seller","buyer","stock") values('0','1975-11-7 08:00:00','449.14','admin','admin','SREV');
insert into orders ("time","price","volume","type","trader","stock","cat") values('2014-11-7 08:00:00','449.14','1023729','limit','C000002263','SREV','sell');
insert into stocks values('LSCC','C000001511');
insert into transaction ("volume","time","price","seller","buyer","stock") values('0','1975-11-7 08:00:00','118.51','admin','admin','LSCC');
insert into orders ("time","price","volume","type","trader","stock","cat") values('2014-11-7 08:00:00','118.51','1358893','limit','C000001511','LSCC','sell');
insert into stocks values('TROV','C000002574');
insert into transaction ("volume","time","price","seller","buyer","stock") values('0','1975-11-7 08:00:00','279.44','admin','admin','TROV');
insert into orders ("time","price","volume","type","trader","stock","cat") values('2014-11-7 08:00:00','279.44','1037783','limit','C000002574','TROV','sell');
insert into stocks values('SANW','C000002211');
insert into transaction ("volume","time","price","seller","buyer","stock") values('0','1975-11-7 08:00:00','98.39','admin','admin','SANW');
insert into orders ("time","price","volume","type","trader","stock","cat") values('2014-11-7 08:00:00','98.39','1817941','limit','C000002211','SANW','sell');
insert into stocks values('KBSF','C000001460');
insert into transaction ("volume","time","price","seller","buyer","stock") values('0','1975-11-7 08:00:00','366.56','admin','admin','KBSF');
insert into orders ("time","price","volume","type","trader","stock","cat") values('2014-11-7 08:00:00','366.56','1807231','limit','C000001460','KBSF','sell');
insert into stocks values('CGIX','C000000443');
insert into transaction ("volume","time","price","seller","buyer","stock") values('0','1975-11-7 08:00:00','460.14','admin','admin','CGIX');
insert into orders ("time","price","volume","type","trader","stock","cat") values('2014-11-7 08:00:00','460.14','1529306','limit','C000000443','CGIX','sell');
insert into stocks values('MCHX','C000001602');
insert into transaction ("volume","time","price","seller","buyer","stock") values('0','1975-11-7 08:00:00','108.33','admin','admin','MCHX');
insert into orders ("time","price","volume","type","trader","stock","cat") values('2014-11-7 08:00:00','108.33','1828584','limit','C000001602','MCHX','sell');
insert into stocks values('BIND','C000000330');
insert into transaction ("volume","time","price","seller","buyer","stock") values('0','1975-11-7 08:00:00','357.49','admin','admin','BIND');
insert into orders ("time","price","volume","type","trader","stock","cat") values('2014-11-7 08:00:00','357.49','1774733','limit','C000000330','BIND','sell');
insert into stocks values('RNVA','C000002156');
insert into transaction ("volume","time","price","seller","buyer","stock") values('0','1975-11-7 08:00:00','341.7','admin','admin','RNVA');
insert into orders ("time","price","volume","type","trader","stock","cat") values('2014-11-7 08:00:00','341.7','1010280','limit','C000002156','RNVA','sell');
insert into stocks values('BV','C000000313');
insert into transaction ("volume","time","price","seller","buyer","stock") values('0','1975-11-7 08:00:00','448.04','admin','admin','BV');
insert into orders ("time","price","volume","type","trader","stock","cat") values('2014-11-7 08:00:00','448.04','1972879','limit','C000000313','BV','sell');
insert into stocks values('AGEN','C000000076');
insert into transaction ("volume","time","price","seller","buyer","stock") values('0','1975-11-7 08:00:00','481.29','admin','admin','AGEN');
insert into orders ("time","price","volume","type","trader","stock","cat") values('2014-11-7 08:00:00','481.29','1186574','limit','C000000076','AGEN','sell');
insert into stocks values('FORK','C000001087');
insert into transaction ("volume","time","price","seller","buyer","stock") values('0','1975-11-7 08:00:00','29.34','admin','admin','FORK');
insert into orders ("time","price","volume","type","trader","stock","cat") values('2014-11-7 08:00:00','29.34','1268384','limit','C000001087','FORK','sell');
insert into stocks values('CLCD','C000000619');
insert into transaction ("volume","time","price","seller","buyer","stock") values('0','1975-11-7 08:00:00','138.84','admin','admin','CLCD');
insert into orders ("time","price","volume","type","trader","stock","cat") values('2014-11-7 08:00:00','138.84','1852135','limit','C000000619','CLCD','sell');
insert into stocks values('ACRX','C000000036');
insert into transaction ("volume","time","price","seller","buyer","stock") values('0','1975-11-7 08:00:00','259.79','admin','admin','ACRX');
insert into orders ("time","price","volume","type","trader","stock","cat") values('2014-11-7 08:00:00','259.79','1591967','limit','C000000036','ACRX','sell');
insert into stocks values('MIND','C000001689');
insert into transaction ("volume","time","price","seller","buyer","stock") values('0','1975-11-7 08:00:00','86.94','admin','admin','MIND');
insert into orders ("time","price","volume","type","trader","stock","cat") values('2014-11-7 08:00:00','86.94','1275007','limit','C000001689','MIND','sell');
insert into stocks values('CPAH','C000000674');
insert into transaction ("volume","time","price","seller","buyer","stock") values('0','1975-11-7 08:00:00','485.43','admin','admin','CPAH');
insert into orders ("time","price","volume","type","trader","stock","cat") values('2014-11-7 08:00:00','485.43','1490939','limit','C000000674','CPAH','sell');
insert into stocks values('AMSC','C000000155');
insert into transaction ("volume","time","price","seller","buyer","stock") values('0','1975-11-7 08:00:00','303.4','admin','admin','AMSC');
insert into orders ("time","price","volume","type","trader","stock","cat") values('2014-11-7 08:00:00','303.4','1734524','limit','C000000155','AMSC','sell');
insert into stocks values('RFIL','C000002176');
insert into transaction ("volume","time","price","seller","buyer","stock") values('0','1975-11-7 08:00:00','23.62','admin','admin','RFIL');
insert into orders ("time","price","volume","type","trader","stock","cat") values('2014-11-7 08:00:00','23.62','1706546','limit','C000002176','RFIL','sell');
insert into stocks values('TSYS','C000002469');
insert into transaction ("volume","time","price","seller","buyer","stock") values('0','1975-11-7 08:00:00','57.66','admin','admin','TSYS');
insert into orders ("time","price","volume","type","trader","stock","cat") values('2014-11-7 08:00:00','57.66','1309175','limit','C000002469','TSYS','sell');
insert into stocks values('RNWK','C000002135');
insert into transaction ("volume","time","price","seller","buyer","stock") values('0','1975-11-7 08:00:00','158.2','admin','admin','RNWK');
insert into orders ("time","price","volume","type","trader","stock","cat") values('2014-11-7 08:00:00','158.2','1000945','limit','C000002135','RNWK','sell');
insert into stocks values('GSIT','C000001182');
insert into transaction ("volume","time","price","seller","buyer","stock") values('0','1975-11-7 08:00:00','392.99','admin','admin','GSIT');
insert into orders ("time","price","volume","type","trader","stock","cat") values('2014-11-7 08:00:00','392.99','1670349','limit','C000001182','GSIT','sell');
insert into stocks values('DTRM','C000000757');
insert into transaction ("volume","time","price","seller","buyer","stock") values('0','1975-11-7 08:00:00','106.08','admin','admin','DTRM');
insert into orders ("time","price","volume","type","trader","stock","cat") values('2014-11-7 08:00:00','106.08','1645176','limit','C000000757','DTRM','sell');
insert into stocks values('LENS','C000002049');
insert into transaction ("volume","time","price","seller","buyer","stock") values('0','1975-11-7 08:00:00','103.94','admin','admin','LENS');
insert into orders ("time","price","volume","type","trader","stock","cat") values('2014-11-7 08:00:00','103.94','1660251','limit','C000002049','LENS','sell');
insert into stocks values('CENX','C000000512');
insert into transaction ("volume","time","price","seller","buyer","stock") values('0','1975-11-7 08:00:00','221.12','admin','admin','CENX');
insert into orders ("time","price","volume","type","trader","stock","cat") values('2014-11-7 08:00:00','221.12','1438643','limit','C000000512','CENX','sell');
insert into stocks values('PPSI','C000001994');
insert into transaction ("volume","time","price","seller","buyer","stock") values('0','1975-11-7 08:00:00','356.51','admin','admin','PPSI');
insert into orders ("time","price","volume","type","trader","stock","cat") values('2014-11-7 08:00:00','356.51','1683771','limit','C000001994','PPSI','sell');
insert into stocks values('COWN','C000000678');
insert into transaction ("volume","time","price","seller","buyer","stock") values('0','1975-11-7 08:00:00','132.9','admin','admin','COWN');
insert into orders ("time","price","volume","type","trader","stock","cat") values('2014-11-7 08:00:00','132.9','1995618','limit','C000000678','COWN','sell');
insert into stocks values('ABEO','C000000023');
insert into transaction ("volume","time","price","seller","buyer","stock") values('0','1975-11-7 08:00:00','389.03','admin','admin','ABEO');
insert into orders ("time","price","volume","type","trader","stock","cat") values('2014-11-7 08:00:00','389.03','1742649','limit','C000000023','ABEO','sell');
insert into stocks values('GASS','C000002380');
insert into transaction ("volume","time","price","seller","buyer","stock") values('0','1975-11-7 08:00:00','245.72','admin','admin','GASS');
insert into orders ("time","price","volume","type","trader","stock","cat") values('2014-11-7 08:00:00','245.72','1328820','limit','C000002380','GASS','sell');
insert into stocks values('CDNA','C000000465');
insert into transaction ("volume","time","price","seller","buyer","stock") values('0','1975-11-7 08:00:00','188.92','admin','admin','CDNA');
insert into orders ("time","price","volume","type","trader","stock","cat") values('2014-11-7 08:00:00','188.92','1286758','limit','C000000465','CDNA','sell');
insert into stocks values('SAJA','C000002219');
insert into transaction ("volume","time","price","seller","buyer","stock") values('0','1975-11-7 08:00:00','341.9','admin','admin','SAJA');
insert into orders ("time","price","volume","type","trader","stock","cat") values('2014-11-7 08:00:00','341.9','1684141','limit','C000002219','SAJA','sell');
insert into stocks values('OHAI','C000001851');
insert into transaction ("volume","time","price","seller","buyer","stock") values('0','1975-11-7 08:00:00','308.48','admin','admin','OHAI');
insert into orders ("time","price","volume","type","trader","stock","cat") values('2014-11-7 08:00:00','308.48','1857118','limit','C000001851','OHAI','sell');
insert into stocks values('ESEA','C000000895');
insert into transaction ("volume","time","price","seller","buyer","stock") values('0','1975-11-7 08:00:00','361.81','admin','admin','ESEA');
insert into orders ("time","price","volume","type","trader","stock","cat") values('2014-11-7 08:00:00','361.81','1666110','limit','C000000895','ESEA','sell');
insert into stocks values('JRJC','C000000550');
insert into transaction ("volume","time","price","seller","buyer","stock") values('0','1975-11-7 08:00:00','143.85','admin','admin','JRJC');
insert into orders ("time","price","volume","type","trader","stock","cat") values('2014-11-7 08:00:00','143.85','1280077','limit','C000000550','JRJC','sell');
insert into stocks values('TSRI','C000002579');
insert into transaction ("volume","time","price","seller","buyer","stock") values('0','1975-11-7 08:00:00','65.93','admin','admin','TSRI');
insert into orders ("time","price","volume","type","trader","stock","cat") values('2014-11-7 08:00:00','65.93','1583999','limit','C000002579','TSRI','sell');
insert into stocks values('EGAN','C000000826');
insert into transaction ("volume","time","price","seller","buyer","stock") values('0','1975-11-7 08:00:00','315.29','admin','admin','EGAN');
insert into orders ("time","price","volume","type","trader","stock","cat") values('2014-11-7 08:00:00','315.29','1134472','limit','C000000826','EGAN','sell');
insert into stocks values('CHLN','C000000553');
insert into transaction ("volume","time","price","seller","buyer","stock") values('0','1975-11-7 08:00:00','34.67','admin','admin','CHLN');
insert into orders ("time","price","volume","type","trader","stock","cat") values('2014-11-7 08:00:00','34.67','1085400','limit','C000000553','CHLN','sell');
insert into stocks values('LNTH','C000001508');
insert into transaction ("volume","time","price","seller","buyer","stock") values('0','1975-11-7 08:00:00','321.44','admin','admin','LNTH');
insert into orders ("time","price","volume","type","trader","stock","cat") values('2014-11-7 08:00:00','321.44','1511385','limit','C000001508','LNTH','sell');
insert into stocks values('GLDD','C000001168');
insert into transaction ("volume","time","price","seller","buyer","stock") values('0','1975-11-7 08:00:00','78.24','admin','admin','GLDD');
insert into orders ("time","price","volume","type","trader","stock","cat") values('2014-11-7 08:00:00','78.24','1503776','limit','C000001168','GLDD','sell');
insert into stocks values('CXDC','C000000561');
insert into transaction ("volume","time","price","seller","buyer","stock") values('0','1975-11-7 08:00:00','209.27','admin','admin','CXDC');
insert into orders ("time","price","volume","type","trader","stock","cat") values('2014-11-7 08:00:00','209.27','1452014','limit','C000000561','CXDC','sell');
insert into stocks values('BDCV','C000000316');
insert into transaction ("volume","time","price","seller","buyer","stock") values('0','1975-11-7 08:00:00','473.48','admin','admin','BDCV');
insert into orders ("time","price","volume","type","trader","stock","cat") values('2014-11-7 08:00:00','473.48','1224721','limit','C000000316','BDCV','sell');
insert into stocks values('APDN','C000000193');
insert into transaction ("volume","time","price","seller","buyer","stock") values('0','1975-11-7 08:00:00','134.13','admin','admin','APDN');
insert into orders ("time","price","volume","type","trader","stock","cat") values('2014-11-7 08:00:00','134.13','1350024','limit','C000000193','APDN','sell');
insert into stocks values('VSCP','C000002730');
insert into transaction ("volume","time","price","seller","buyer","stock") values('0','1975-11-7 08:00:00','65.93','admin','admin','VSCP');
insert into orders ("time","price","volume","type","trader","stock","cat") values('2014-11-7 08:00:00','65.93','1960785','limit','C000002730','VSCP','sell');
insert into stocks values('PESI','C000001977');
insert into transaction ("volume","time","price","seller","buyer","stock") values('0','1975-11-7 08:00:00','129.33','admin','admin','PESI');
insert into orders ("time","price","volume","type","trader","stock","cat") values('2014-11-7 08:00:00','129.33','1526206','limit','C000001977','PESI','sell');
insert into stocks values('TTNP','C000002540');
insert into transaction ("volume","time","price","seller","buyer","stock") values('0','1975-11-7 08:00:00','448.18','admin','admin','TTNP');
insert into orders ("time","price","volume","type","trader","stock","cat") values('2014-11-7 08:00:00','448.18','1661691','limit','C000002540','TTNP','sell');
insert into stocks values('MAGS','C000001581');
insert into transaction ("volume","time","price","seller","buyer","stock") values('0','1975-11-7 08:00:00','230.6','admin','admin','MAGS');
insert into orders ("time","price","volume","type","trader","stock","cat") values('2014-11-7 08:00:00','230.6','1862445','limit','C000001581','MAGS','sell');
insert into stocks values('JVA','C000000607');
insert into transaction ("volume","time","price","seller","buyer","stock") values('0','1975-11-7 08:00:00','29.12','admin','admin','JVA');
insert into orders ("time","price","volume","type","trader","stock","cat") values('2014-11-7 08:00:00','29.12','1204544','limit','C000000607','JVA','sell');
insert into stocks values('ADMP','C000000051');
insert into transaction ("volume","time","price","seller","buyer","stock") values('0','1975-11-7 08:00:00','386.71','admin','admin','ADMP');
insert into orders ("time","price","volume","type","trader","stock","cat") values('2014-11-7 08:00:00','386.71','1775450','limit','C000000051','ADMP','sell');
insert into stocks values('THLD','C000002532');
insert into transaction ("volume","time","price","seller","buyer","stock") values('0','1975-11-7 08:00:00','349.75','admin','admin','THLD');
insert into orders ("time","price","volume","type","trader","stock","cat") values('2014-11-7 08:00:00','349.75','1544592','limit','C000002532','THLD','sell');
insert into stocks values('MARK','C000002152');
insert into transaction ("volume","time","price","seller","buyer","stock") values('0','1975-11-7 08:00:00','394.52','admin','admin','MARK');
insert into orders ("time","price","volume","type","trader","stock","cat") values('2014-11-7 08:00:00','394.52','1233405','limit','C000002152','MARK','sell');
insert into stocks values('WSCI','C000002821');
insert into transaction ("volume","time","price","seller","buyer","stock") values('0','1975-11-7 08:00:00','235.95','admin','admin','WSCI');
insert into orders ("time","price","volume","type","trader","stock","cat") values('2014-11-7 08:00:00','235.95','1933027','limit','C000002821','WSCI','sell');
insert into stocks values('HKTV','C000001261');
insert into transaction ("volume","time","price","seller","buyer","stock") values('0','1975-11-7 08:00:00','168.02','admin','admin','HKTV');
insert into orders ("time","price","volume","type","trader","stock","cat") values('2014-11-7 08:00:00','168.02','1035368','limit','C000001261','HKTV','sell');
insert into stocks values('HIIQ','C000001220');
insert into transaction ("volume","time","price","seller","buyer","stock") values('0','1975-11-7 08:00:00','29.97','admin','admin','HIIQ');
insert into orders ("time","price","volume","type","trader","stock","cat") values('2014-11-7 08:00:00','29.97','1878520','limit','C000001220','HIIQ','sell');
insert into stocks values('CECO','C000000466');
insert into transaction ("volume","time","price","seller","buyer","stock") values('0','1975-11-7 08:00:00','459.72','admin','admin','CECO');
insert into orders ("time","price","volume","type","trader","stock","cat") values('2014-11-7 08:00:00','459.72','1203225','limit','C000000466','CECO','sell');
insert into stocks values('FUEL','C000002190');
insert into transaction ("volume","time","price","seller","buyer","stock") values('0','1975-11-7 08:00:00','120.81','admin','admin','FUEL');
insert into orders ("time","price","volume","type","trader","stock","cat") values('2014-11-7 08:00:00','120.81','1273659','limit','C000002190','FUEL','sell');
insert into stocks values('STRL','C000002390');
insert into transaction ("volume","time","price","seller","buyer","stock") values('0','1975-11-7 08:00:00','423.95','admin','admin','STRL');
insert into orders ("time","price","volume","type","trader","stock","cat") values('2014-11-7 08:00:00','423.95','1747762','limit','C000002390','STRL','sell');
insert into stocks values('CORT','C000000665');
insert into transaction ("volume","time","price","seller","buyer","stock") values('0','1975-11-7 08:00:00','201.77','admin','admin','CORT');
insert into orders ("time","price","volume","type","trader","stock","cat") values('2014-11-7 08:00:00','201.77','1618995','limit','C000000665','CORT','sell');
insert into stocks values('ICAD','C000001290');
insert into transaction ("volume","time","price","seller","buyer","stock") values('0','1975-11-7 08:00:00','166.75','admin','admin','ICAD');
insert into orders ("time","price","volume","type","trader","stock","cat") values('2014-11-7 08:00:00','166.75','1641278','limit','C000001290','ICAD','sell');
insert into stocks values('HTBX','C000001228');
insert into transaction ("volume","time","price","seller","buyer","stock") values('0','1975-11-7 08:00:00','211.07','admin','admin','HTBX');
insert into orders ("time","price","volume","type","trader","stock","cat") values('2014-11-7 08:00:00','211.07','1996695','limit','C000001228','HTBX','sell');
insert into stocks values('TIL','C000002536');
insert into transaction ("volume","time","price","seller","buyer","stock") values('0','1975-11-7 08:00:00','249.53','admin','admin','TIL');
insert into orders ("time","price","volume","type","trader","stock","cat") values('2014-11-7 08:00:00','249.53','1954315','limit','C000002536','TIL','sell');
insert into stocks values('HSGX','C000001249');
insert into transaction ("volume","time","price","seller","buyer","stock") values('0','1975-11-7 08:00:00','484.05','admin','admin','HSGX');
insert into orders ("time","price","volume","type","trader","stock","cat") values('2014-11-7 08:00:00','484.05','1148404','limit','C000001249','HSGX','sell');
insert into stocks values('CTIB','C000000703');
insert into transaction ("volume","time","price","seller","buyer","stock") values('0','1975-11-7 08:00:00','420.34','admin','admin','CTIB');
insert into orders ("time","price","volume","type","trader","stock","cat") values('2014-11-7 08:00:00','420.34','1317899','limit','C000000703','CTIB','sell');
insert into stocks values('WILC','C000001095');
insert into transaction ("volume","time","price","seller","buyer","stock") values('0','1975-11-7 08:00:00','418.65','admin','admin','WILC');
insert into orders ("time","price","volume","type","trader","stock","cat") values('2014-11-7 08:00:00','418.65','1501336','limit','C000001095','WILC','sell');
insert into stocks values('STB','C000002403');
insert into transaction ("volume","time","price","seller","buyer","stock") values('0','1975-11-7 08:00:00','376.76','admin','admin','STB');
insert into orders ("time","price","volume","type","trader","stock","cat") values('2014-11-7 08:00:00','376.76','1629526','limit','C000002403','STB','sell');
insert into stocks values('SIRI','C000002303');
insert into transaction ("volume","time","price","seller","buyer","stock") values('0','1975-11-7 08:00:00','58.15','admin','admin','SIRI');
insert into orders ("time","price","volume","type","trader","stock","cat") values('2014-11-7 08:00:00','58.15','1226772','limit','C000002303','SIRI','sell');
insert into stocks values('CAPR','C000000455');
insert into transaction ("volume","time","price","seller","buyer","stock") values('0','1975-11-7 08:00:00','17.04','admin','admin','CAPR');
insert into orders ("time","price","volume","type","trader","stock","cat") values('2014-11-7 08:00:00','17.04','1343973','limit','C000000455','CAPR','sell');
insert into stocks values('ATAI','C000000248');
insert into transaction ("volume","time","price","seller","buyer","stock") values('0','1975-11-7 08:00:00','462.36','admin','admin','ATAI');
insert into orders ("time","price","volume","type","trader","stock","cat") values('2014-11-7 08:00:00','462.36','1690754','limit','C000000248','ATAI','sell');
insert into stocks values('LOAN','C000001596');
insert into transaction ("volume","time","price","seller","buyer","stock") values('0','1975-11-7 08:00:00','63.13','admin','admin','LOAN');
insert into orders ("time","price","volume","type","trader","stock","cat") values('2014-11-7 08:00:00','63.13','1841145','limit','C000001596','LOAN','sell');
insert into stocks values('EYEG','C000000912');
insert into transaction ("volume","time","price","seller","buyer","stock") values('0','1975-11-7 08:00:00','238.05','admin','admin','EYEG');
insert into orders ("time","price","volume","type","trader","stock","cat") values('2014-11-7 08:00:00','238.05','1106005','limit','C000000912','EYEG','sell');
insert into stocks values('IRG','C000001302');
insert into transaction ("volume","time","price","seller","buyer","stock") values('0','1975-11-7 08:00:00','209.46','admin','admin','IRG');
insert into orders ("time","price","volume","type","trader","stock","cat") values('2014-11-7 08:00:00','209.46','1001581','limit','C000001302','IRG','sell');
insert into stocks values('PULM','C000002086');
insert into transaction ("volume","time","price","seller","buyer","stock") values('0','1975-11-7 08:00:00','212.74','admin','admin','PULM');
insert into orders ("time","price","volume","type","trader","stock","cat") values('2014-11-7 08:00:00','212.74','1956602','limit','C000002086','PULM','sell');
insert into stocks values('MOBL','C000001695');
insert into transaction ("volume","time","price","seller","buyer","stock") values('0','1975-11-7 08:00:00','216.78','admin','admin','MOBL');
insert into orders ("time","price","volume","type","trader","stock","cat") values('2014-11-7 08:00:00','216.78','1885717','limit','C000001695','MOBL','sell');
insert into stocks values('OASM','C000001836');
insert into transaction ("volume","time","price","seller","buyer","stock") values('0','1975-11-7 08:00:00','246.94','admin','admin','OASM');
insert into orders ("time","price","volume","type","trader","stock","cat") values('2014-11-7 08:00:00','246.94','1995564','limit','C000001836','OASM','sell');
insert into stocks values('BVXV','C000000343');
insert into transaction ("volume","time","price","seller","buyer","stock") values('0','1975-11-7 08:00:00','16.77','admin','admin','BVXV');
insert into orders ("time","price","volume","type","trader","stock","cat") values('2014-11-7 08:00:00','16.77','1783634','limit','C000000343','BVXV','sell');
insert into stocks values('LGCY','C000001517');
insert into transaction ("volume","time","price","seller","buyer","stock") values('0','1975-11-7 08:00:00','55.02','admin','admin','LGCY');
insert into orders ("time","price","volume","type","trader","stock","cat") values('2014-11-7 08:00:00','55.02','1887465','limit','C000001517','LGCY','sell');
insert into stocks values('CVGI','C000000627');
insert into transaction ("volume","time","price","seller","buyer","stock") values('0','1975-11-7 08:00:00','378.0','admin','admin','CVGI');
insert into orders ("time","price","volume","type","trader","stock","cat") values('2014-11-7 08:00:00','378.0','1388053','limit','C000000627','CVGI','sell');
insert into stocks values('JST','C000001445');
insert into transaction ("volume","time","price","seller","buyer","stock") values('0','1975-11-7 08:00:00','455.98','admin','admin','JST');
insert into orders ("time","price","volume","type","trader","stock","cat") values('2014-11-7 08:00:00','455.98','1988335','limit','C000001445','JST','sell');
insert into stocks values('NSYS','C000001800');
insert into transaction ("volume","time","price","seller","buyer","stock") values('0','1975-11-7 08:00:00','111.81','admin','admin','NSYS');
insert into orders ("time","price","volume","type","trader","stock","cat") values('2014-11-7 08:00:00','111.81','1057780','limit','C000001800','NSYS','sell');
insert into stocks values('FRBK','C000002164');
insert into transaction ("volume","time","price","seller","buyer","stock") values('0','1975-11-7 08:00:00','361.11','admin','admin','FRBK');
insert into orders ("time","price","volume","type","trader","stock","cat") values('2014-11-7 08:00:00','361.11','1460265','limit','C000002164','FRBK','sell');
insert into stocks values('RAND','C000002121');
insert into transaction ("volume","time","price","seller","buyer","stock") values('0','1975-11-7 08:00:00','24.49','admin','admin','RAND');
insert into orders ("time","price","volume","type","trader","stock","cat") values('2014-11-7 08:00:00','24.49','1669080','limit','C000002121','RAND','sell');
insert into stocks values('CFRX','C000000659');
insert into transaction ("volume","time","price","seller","buyer","stock") values('0','1975-11-7 08:00:00','272.71','admin','admin','CFRX');
insert into orders ("time","price","volume","type","trader","stock","cat") values('2014-11-7 08:00:00','272.71','1348050','limit','C000000659','CFRX','sell');
insert into stocks values('PGLC','C000001981');
insert into transaction ("volume","time","price","seller","buyer","stock") values('0','1975-11-7 08:00:00','426.79','admin','admin','PGLC');
insert into orders ("time","price","volume","type","trader","stock","cat") values('2014-11-7 08:00:00','426.79','1693398','limit','C000001981','PGLC','sell');
insert into stocks values('DWSN','C000000741');
insert into transaction ("volume","time","price","seller","buyer","stock") values('0','1975-11-7 08:00:00','98.65','admin','admin','DWSN');
insert into orders ("time","price","volume","type","trader","stock","cat") values('2014-11-7 08:00:00','98.65','1679071','limit','C000000741','DWSN','sell');
insert into stocks values('TROVW','C000002574');
insert into transaction ("volume","time","price","seller","buyer","stock") values('0','1975-11-7 08:00:00','221.51','admin','admin','TROVW');
insert into orders ("time","price","volume","type","trader","stock","cat") values('2014-11-7 08:00:00','221.51','1683431','limit','C000002574','TROVW','sell');
insert into stocks values('PDLI','C000001954');
insert into transaction ("volume","time","price","seller","buyer","stock") values('0','1975-11-7 08:00:00','132.8','admin','admin','PDLI');
insert into orders ("time","price","volume","type","trader","stock","cat") values('2014-11-7 08:00:00','132.8','1998042','limit','C000001954','PDLI','sell');
insert into stocks values('CBLI','C000000593');
insert into transaction ("volume","time","price","seller","buyer","stock") values('0','1975-11-7 08:00:00','338.74','admin','admin','CBLI');
insert into orders ("time","price","volume","type","trader","stock","cat") values('2014-11-7 08:00:00','338.74','1918325','limit','C000000593','CBLI','sell');
insert into stocks values('JASN','C000001438');
insert into transaction ("volume","time","price","seller","buyer","stock") values('0','1975-11-7 08:00:00','65.34','admin','admin','JASN');
insert into orders ("time","price","volume","type","trader","stock","cat") values('2014-11-7 08:00:00','65.34','1223977','limit','C000001438','JASN','sell');
insert into stocks values('ARIS','C000000219');
insert into transaction ("volume","time","price","seller","buyer","stock") values('0','1975-11-7 08:00:00','280.71','admin','admin','ARIS');
insert into orders ("time","price","volume","type","trader","stock","cat") values('2014-11-7 08:00:00','280.71','1433778','limit','C000000219','ARIS','sell');
insert into stocks values('KMDA','C000001456');
insert into transaction ("volume","time","price","seller","buyer","stock") values('0','1975-11-7 08:00:00','66.61','admin','admin','KMDA');
insert into orders ("time","price","volume","type","trader","stock","cat") values('2014-11-7 08:00:00','66.61','1256083','limit','C000001456','KMDA','sell');
insert into stocks values('RTIX','C000002204');
insert into transaction ("volume","time","price","seller","buyer","stock") values('0','1975-11-7 08:00:00','232.1','admin','admin','RTIX');
insert into orders ("time","price","volume","type","trader","stock","cat") values('2014-11-7 08:00:00','232.1','1345619','limit','C000002204','RTIX','sell');
insert into stocks values('MDGS','C000001635');
insert into transaction ("volume","time","price","seller","buyer","stock") values('0','1975-11-7 08:00:00','373.0','admin','admin','MDGS');
insert into orders ("time","price","volume","type","trader","stock","cat") values('2014-11-7 08:00:00','373.0','1340502','limit','C000001635','MDGS','sell');
insert into stocks values('ERS','C000000850');
insert into transaction ("volume","time","price","seller","buyer","stock") values('0','1975-11-7 08:00:00','356.93','admin','admin','ERS');
insert into orders ("time","price","volume","type","trader","stock","cat") values('2014-11-7 08:00:00','356.93','1630656','limit','C000000850','ERS','sell');
insert into stocks values('PSDV','C000002081');
insert into transaction ("volume","time","price","seller","buyer","stock") values('0','1975-11-7 08:00:00','405.19','admin','admin','PSDV');
insert into orders ("time","price","volume","type","trader","stock","cat") values('2014-11-7 08:00:00','405.19','1803192','limit','C000002081','PSDV','sell');
insert into stocks values('BBGI','C000000319');
insert into transaction ("volume","time","price","seller","buyer","stock") values('0','1975-11-7 08:00:00','330.02','admin','admin','BBGI');
insert into orders ("time","price","volume","type","trader","stock","cat") values('2014-11-7 08:00:00','330.02','1298560','limit','C000000319','BBGI','sell');
insert into stocks values('ONVI','C000001874');
insert into transaction ("volume","time","price","seller","buyer","stock") values('0','1975-11-7 08:00:00','444.06','admin','admin','ONVI');
insert into orders ("time","price","volume","type","trader","stock","cat") values('2014-11-7 08:00:00','444.06','1845177','limit','C000001874','ONVI','sell');
insert into stocks values('IDSY','C000001286');
insert into transaction ("volume","time","price","seller","buyer","stock") values('0','1975-11-7 08:00:00','416.04','admin','admin','IDSY');
insert into orders ("time","price","volume","type","trader","stock","cat") values('2014-11-7 08:00:00','416.04','1583980','limit','C000001286','IDSY','sell');
insert into stocks values('AUDC','C000000268');
insert into transaction ("volume","time","price","seller","buyer","stock") values('0','1975-11-7 08:00:00','36.73','admin','admin','AUDC');
insert into orders ("time","price","volume","type","trader","stock","cat") values('2014-11-7 08:00:00','36.73','1657644','limit','C000000268','AUDC','sell');
insert into stocks values('SPAR','C000002353');
insert into transaction ("volume","time","price","seller","buyer","stock") values('0','1975-11-7 08:00:00','142.89','admin','admin','SPAR');
insert into orders ("time","price","volume","type","trader","stock","cat") values('2014-11-7 08:00:00','142.89','1814050','limit','C000002353','SPAR','sell');
insert into stocks values('EXTR','C000000911');
insert into transaction ("volume","time","price","seller","buyer","stock") values('0','1975-11-7 08:00:00','474.67','admin','admin','EXTR');
insert into orders ("time","price","volume","type","trader","stock","cat") values('2014-11-7 08:00:00','474.67','1149835','limit','C000000911','EXTR','sell');
insert into stocks values('ELSE','C000000837');
insert into transaction ("volume","time","price","seller","buyer","stock") values('0','1975-11-7 08:00:00','293.29','admin','admin','ELSE');
insert into orders ("time","price","volume","type","trader","stock","cat") values('2014-11-7 08:00:00','293.29','1836964','limit','C000000837','ELSE','sell');
insert into stocks values('BVA','C000000666');
insert into transaction ("volume","time","price","seller","buyer","stock") values('0','1975-11-7 08:00:00','108.52','admin','admin','BVA');
insert into orders ("time","price","volume","type","trader","stock","cat") values('2014-11-7 08:00:00','108.52','1814325','limit','C000000666','BVA','sell');
insert into stocks values('ZIONW','C000002856');
insert into transaction ("volume","time","price","seller","buyer","stock") values('0','1975-11-7 08:00:00','325.26','admin','admin','ZIONW');
insert into orders ("time","price","volume","type","trader","stock","cat") values('2014-11-7 08:00:00','325.26','1117159','limit','C000002856','ZIONW','sell');
insert into stocks values('TWMC','C000002557');
insert into transaction ("volume","time","price","seller","buyer","stock") values('0','1975-11-7 08:00:00','294.84','admin','admin','TWMC');
insert into orders ("time","price","volume","type","trader","stock","cat") values('2014-11-7 08:00:00','294.84','1340178','limit','C000002557','TWMC','sell');
insert into stocks values('III','C000001327');
insert into transaction ("volume","time","price","seller","buyer","stock") values('0','1975-11-7 08:00:00','173.46','admin','admin','III');
insert into orders ("time","price","volume","type","trader","stock","cat") values('2014-11-7 08:00:00','173.46','1391288','limit','C000001327','III','sell');
insert into stocks values('HNSN','C000001204');
insert into transaction ("volume","time","price","seller","buyer","stock") values('0','1975-11-7 08:00:00','404.68','admin','admin','HNSN');
insert into orders ("time","price","volume","type","trader","stock","cat") values('2014-11-7 08:00:00','404.68','1131711','limit','C000001204','HNSN','sell');
insert into stocks values('VRTA','C000002699');
insert into transaction ("volume","time","price","seller","buyer","stock") values('0','1975-11-7 08:00:00','146.45','admin','admin','VRTA');
insert into orders ("time","price","volume","type","trader","stock","cat") values('2014-11-7 08:00:00','146.45','1617311','limit','C000002699','VRTA','sell');
insert into stocks values('ISNS','C000001308');
insert into transaction ("volume","time","price","seller","buyer","stock") values('0','1975-11-7 08:00:00','308.33','admin','admin','ISNS');
insert into orders ("time","price","volume","type","trader","stock","cat") values('2014-11-7 08:00:00','308.33','1281076','limit','C000001308','ISNS','sell');
insert into stocks values('MHGC','C000001712');
insert into transaction ("volume","time","price","seller","buyer","stock") values('0','1975-11-7 08:00:00','457.1','admin','admin','MHGC');
insert into orders ("time","price","volume","type","trader","stock","cat") values('2014-11-7 08:00:00','457.1','1349094','limit','C000001712','MHGC','sell');
insert into stocks values('VIRC','C000002727');
insert into transaction ("volume","time","price","seller","buyer","stock") values('0','1975-11-7 08:00:00','42.1','admin','admin','VIRC');
insert into orders ("time","price","volume","type","trader","stock","cat") values('2014-11-7 08:00:00','42.1','1913611','limit','C000002727','VIRC','sell');
insert into stocks values('VIP','C000002725');
insert into transaction ("volume","time","price","seller","buyer","stock") values('0','1975-11-7 08:00:00','480.3','admin','admin','VIP');
insert into orders ("time","price","volume","type","trader","stock","cat") values('2014-11-7 08:00:00','480.3','1577116','limit','C000002725','VIP','sell');
insert into stocks values('PERF','C000001974');
insert into transaction ("volume","time","price","seller","buyer","stock") values('0','1975-11-7 08:00:00','377.09','admin','admin','PERF');
insert into orders ("time","price","volume","type","trader","stock","cat") values('2014-11-7 08:00:00','377.09','1657071','limit','C000001974','PERF','sell');
insert into stocks values('GFN','C000001108');
insert into transaction ("volume","time","price","seller","buyer","stock") values('0','1975-11-7 08:00:00','491.61','admin','admin','GFN');
insert into orders ("time","price","volume","type","trader","stock","cat") values('2014-11-7 08:00:00','491.61','1107688','limit','C000001108','GFN','sell');
insert into stocks values('TISA','C000002546');
insert into transaction ("volume","time","price","seller","buyer","stock") values('0','1975-11-7 08:00:00','431.9','admin','admin','TISA');
insert into orders ("time","price","volume","type","trader","stock","cat") values('2014-11-7 08:00:00','431.9','1653471','limit','C000002546','TISA','sell');
insert into stocks values('PRGX','C000002050');
insert into transaction ("volume","time","price","seller","buyer","stock") values('0','1975-11-7 08:00:00','474.9','admin','admin','PRGX');
insert into orders ("time","price","volume","type","trader","stock","cat") values('2014-11-7 08:00:00','474.9','1384122','limit','C000002050','PRGX','sell');
insert into stocks values('CBIO','C000000484');
insert into transaction ("volume","time","price","seller","buyer","stock") values('0','1975-11-7 08:00:00','304.74','admin','admin','CBIO');
insert into orders ("time","price","volume","type","trader","stock","cat") values('2014-11-7 08:00:00','304.74','1695921','limit','C000000484','CBIO','sell');
insert into stocks values('EARS','C000000270');
insert into transaction ("volume","time","price","seller","buyer","stock") values('0','1975-11-7 08:00:00','37.07','admin','admin','EARS');
insert into orders ("time","price","volume","type","trader","stock","cat") values('2014-11-7 08:00:00','37.07','1425155','limit','C000000270','EARS','sell');
insert into stocks values('ONCS','C000001870');
insert into transaction ("volume","time","price","seller","buyer","stock") values('0','1975-11-7 08:00:00','353.95','admin','admin','ONCS');
insert into orders ("time","price","volume","type","trader","stock","cat") values('2014-11-7 08:00:00','353.95','1255961','limit','C000001870','ONCS','sell');
insert into stocks values('HTCH','C000001282');
insert into transaction ("volume","time","price","seller","buyer","stock") values('0','1975-11-7 08:00:00','409.95','admin','admin','HTCH');
insert into orders ("time","price","volume","type","trader","stock","cat") values('2014-11-7 08:00:00','409.95','1133329','limit','C000001282','HTCH','sell');
insert into stocks values('GLUU','C000001151');
insert into transaction ("volume","time","price","seller","buyer","stock") values('0','1975-11-7 08:00:00','305.73','admin','admin','GLUU');
insert into orders ("time","price","volume","type","trader","stock","cat") values('2014-11-7 08:00:00','305.73','1385150','limit','C000001151','GLUU','sell');
insert into stocks values('SITO','C000002305');
insert into transaction ("volume","time","price","seller","buyer","stock") values('0','1975-11-7 08:00:00','401.88','admin','admin','SITO');
insert into orders ("time","price","volume","type","trader","stock","cat") values('2014-11-7 08:00:00','401.88','1988082','limit','C000002305','SITO','sell');
insert into stocks values('EVOK','C000000899');
insert into transaction ("volume","time","price","seller","buyer","stock") values('0','1975-11-7 08:00:00','39.29','admin','admin','EVOK');
insert into orders ("time","price","volume","type","trader","stock","cat") values('2014-11-7 08:00:00','39.29','1254824','limit','C000000899','EVOK','sell');
insert into stocks values('GERN','C000001120');
insert into transaction ("volume","time","price","seller","buyer","stock") values('0','1975-11-7 08:00:00','204.41','admin','admin','GERN');
insert into orders ("time","price","volume","type","trader","stock","cat") values('2014-11-7 08:00:00','204.41','1897351','limit','C000001120','GERN','sell');
insert into stocks values('GRVY','C000001166');
insert into transaction ("volume","time","price","seller","buyer","stock") values('0','1975-11-7 08:00:00','193.86','admin','admin','GRVY');
insert into orders ("time","price","volume","type","trader","stock","cat") values('2014-11-7 08:00:00','193.86','1177232','limit','C000001166','GRVY','sell');
insert into stocks values('CDXS','C000000605');
insert into transaction ("volume","time","price","seller","buyer","stock") values('0','1975-11-7 08:00:00','269.35','admin','admin','CDXS');
insert into orders ("time","price","volume","type","trader","stock","cat") values('2014-11-7 08:00:00','269.35','1984972','limit','C000000605','CDXS','sell');
insert into stocks values('SLTD','C000002327');
insert into transaction ("volume","time","price","seller","buyer","stock") values('0','1975-11-7 08:00:00','23.54','admin','admin','SLTD');
insert into orders ("time","price","volume","type","trader","stock","cat") values('2014-11-7 08:00:00','23.54','1645351','limit','C000002327','SLTD','sell');
insert into stocks values('NWBOW','C000001809');
insert into transaction ("volume","time","price","seller","buyer","stock") values('0','1975-11-7 08:00:00','26.94','admin','admin','NWBOW');
insert into orders ("time","price","volume","type","trader","stock","cat") values('2014-11-7 08:00:00','26.94','1432690','limit','C000001809','NWBOW','sell');
insert into stocks values('RESN','C000002166');
insert into transaction ("volume","time","price","seller","buyer","stock") values('0','1975-11-7 08:00:00','199.87','admin','admin','RESN');
insert into orders ("time","price","volume","type","trader","stock","cat") values('2014-11-7 08:00:00','199.87','1226784','limit','C000002166','RESN','sell');
insert into stocks values('GILT','C000001126');
insert into transaction ("volume","time","price","seller","buyer","stock") values('0','1975-11-7 08:00:00','115.6','admin','admin','GILT');
insert into orders ("time","price","volume","type","trader","stock","cat") values('2014-11-7 08:00:00','115.6','1271958','limit','C000001126','GILT','sell');
insert into stocks values('CNAT','C000000643');
insert into transaction ("volume","time","price","seller","buyer","stock") values('0','1975-11-7 08:00:00','90.62','admin','admin','CNAT');
insert into orders ("time","price","volume","type","trader","stock","cat") values('2014-11-7 08:00:00','90.62','1179092','limit','C000000643','CNAT','sell');
insert into stocks values('CERU','C000000520');
insert into transaction ("volume","time","price","seller","buyer","stock") values('0','1975-11-7 08:00:00','240.31','admin','admin','CERU');
insert into orders ("time","price","volume","type","trader","stock","cat") values('2014-11-7 08:00:00','240.31','1790409','limit','C000000520','CERU','sell');
insert into stocks values('TGEN','C000002468');
insert into transaction ("volume","time","price","seller","buyer","stock") values('0','1975-11-7 08:00:00','366.94','admin','admin','TGEN');
insert into orders ("time","price","volume","type","trader","stock","cat") values('2014-11-7 08:00:00','366.94','1856703','limit','C000002468','TGEN','sell');
insert into stocks values('SPRO','C000002317');
insert into transaction ("volume","time","price","seller","buyer","stock") values('0','1975-11-7 08:00:00','137.08','admin','admin','SPRO');
insert into orders ("time","price","volume","type","trader","stock","cat") values('2014-11-7 08:00:00','137.08','1740274','limit','C000002317','SPRO','sell');
insert into stocks values('PXLW','C000001995');
insert into transaction ("volume","time","price","seller","buyer","stock") values('0','1975-11-7 08:00:00','151.62','admin','admin','PXLW');
insert into orders ("time","price","volume","type","trader","stock","cat") values('2014-11-7 08:00:00','151.62','1999795','limit','C000001995','PXLW','sell');
insert into stocks values('HBP','C000001283');
insert into transaction ("volume","time","price","seller","buyer","stock") values('0','1975-11-7 08:00:00','429.08','admin','admin','HBP');
insert into orders ("time","price","volume","type","trader","stock","cat") values('2014-11-7 08:00:00','429.08','1896876','limit','C000001283','HBP','sell');
insert into stocks values('CDZI','C000000417');
insert into transaction ("volume","time","price","seller","buyer","stock") values('0','1975-11-7 08:00:00','80.75','admin','admin','CDZI');
insert into orders ("time","price","volume","type","trader","stock","cat") values('2014-11-7 08:00:00','80.75','1318185','limit','C000000417','CDZI','sell');
insert into stocks values('NYMX','C000001833');
insert into transaction ("volume","time","price","seller","buyer","stock") values('0','1975-11-7 08:00:00','269.98','admin','admin','NYMX');
insert into orders ("time","price","volume","type","trader","stock","cat") values('2014-11-7 08:00:00','269.98','1478812','limit','C000001833','NYMX','sell');
insert into stocks values('TACOW','C000000745');
insert into transaction ("volume","time","price","seller","buyer","stock") values('0','1975-11-7 08:00:00','397.32','admin','admin','TACOW');
insert into orders ("time","price","volume","type","trader","stock","cat") values('2014-11-7 08:00:00','397.32','1409272','limit','C000000745','TACOW','sell');
insert into stocks values('MITK','C000001690');
insert into transaction ("volume","time","price","seller","buyer","stock") values('0','1975-11-7 08:00:00','315.59','admin','admin','MITK');
insert into orders ("time","price","volume","type","trader","stock","cat") values('2014-11-7 08:00:00','315.59','1284186','limit','C000001690','MITK','sell');
insert into stocks values('BLPH','C000000323');
insert into transaction ("volume","time","price","seller","buyer","stock") values('0','1975-11-7 08:00:00','419.17','admin','admin','BLPH');
insert into orders ("time","price","volume","type","trader","stock","cat") values('2014-11-7 08:00:00','419.17','1188211','limit','C000000323','BLPH','sell');
insert into stocks values('PARN','C000001935');
insert into transaction ("volume","time","price","seller","buyer","stock") values('0','1975-11-7 08:00:00','477.2','admin','admin','PARN');
insert into orders ("time","price","volume","type","trader","stock","cat") values('2014-11-7 08:00:00','477.2','1959270','limit','C000001935','PARN','sell');
insert into stocks values('ITUS','C000001421');
insert into transaction ("volume","time","price","seller","buyer","stock") values('0','1975-11-7 08:00:00','122.63','admin','admin','ITUS');
insert into orders ("time","price","volume","type","trader","stock","cat") values('2014-11-7 08:00:00','122.63','1187477','limit','C000001421','ITUS','sell');
insert into stocks values('KONE','C000001477');
insert into transaction ("volume","time","price","seller","buyer","stock") values('0','1975-11-7 08:00:00','490.05','admin','admin','KONE');
insert into orders ("time","price","volume","type","trader","stock","cat") values('2014-11-7 08:00:00','490.05','1621502','limit','C000001477','KONE','sell');
insert into stocks values('AETI','C000000146');
insert into transaction ("volume","time","price","seller","buyer","stock") values('0','1975-11-7 08:00:00','445.71','admin','admin','AETI');
insert into orders ("time","price","volume","type","trader","stock","cat") values('2014-11-7 08:00:00','445.71','1990078','limit','C000000146','AETI','sell');
insert into stocks values('ASRV','C000000160');
insert into transaction ("volume","time","price","seller","buyer","stock") values('0','1975-11-7 08:00:00','493.93','admin','admin','ASRV');
insert into orders ("time","price","volume","type","trader","stock","cat") values('2014-11-7 08:00:00','493.93','1586931','limit','C000000160','ASRV','sell');
insert into stocks values('OCRX','C000001843');
insert into transaction ("volume","time","price","seller","buyer","stock") values('0','1975-11-7 08:00:00','128.34','admin','admin','OCRX');
insert into orders ("time","price","volume","type","trader","stock","cat") values('2014-11-7 08:00:00','128.34','1584263','limit','C000001843','OCRX','sell');
insert into stocks values('LIME','C000001538');
insert into transaction ("volume","time","price","seller","buyer","stock") values('0','1975-11-7 08:00:00','277.11','admin','admin','LIME');
insert into orders ("time","price","volume","type","trader","stock","cat") values('2014-11-7 08:00:00','277.11','1028671','limit','C000001538','LIME','sell');
insert into stocks values('EXFO','C000000905');
insert into transaction ("volume","time","price","seller","buyer","stock") values('0','1975-11-7 08:00:00','187.28','admin','admin','EXFO');
insert into orders ("time","price","volume","type","trader","stock","cat") values('2014-11-7 08:00:00','187.28','1627116','limit','C000000905','EXFO','sell');
insert into stocks values('EAC','C000000881');
insert into transaction ("volume","time","price","seller","buyer","stock") values('0','1975-11-7 08:00:00','138.32','admin','admin','EAC');
insert into orders ("time","price","volume","type","trader","stock","cat") values('2014-11-7 08:00:00','138.32','1341014','limit','C000000881','EAC','sell');
insert into stocks values('OCLR','C000001844');
insert into transaction ("volume","time","price","seller","buyer","stock") values('0','1975-11-7 08:00:00','398.82','admin','admin','OCLR');
insert into orders ("time","price","volume","type","trader","stock","cat") values('2014-11-7 08:00:00','398.82','1021320','limit','C000001844','OCLR','sell');
insert into stocks values('AKER','C000000090');
insert into transaction ("volume","time","price","seller","buyer","stock") values('0','1975-11-7 08:00:00','43.56','admin','admin','AKER');
insert into orders ("time","price","volume","type","trader","stock","cat") values('2014-11-7 08:00:00','43.56','1950158','limit','C000000090','AKER','sell');
insert into stocks values('SMLR','C000002256');
insert into transaction ("volume","time","price","seller","buyer","stock") values('0','1975-11-7 08:00:00','312.85','admin','admin','SMLR');
insert into orders ("time","price","volume","type","trader","stock","cat") values('2014-11-7 08:00:00','312.85','1357805','limit','C000002256','SMLR','sell');
insert into stocks values('SZYM','C000002330');
insert into transaction ("volume","time","price","seller","buyer","stock") values('0','1975-11-7 08:00:00','359.17','admin','admin','SZYM');
insert into orders ("time","price","volume","type","trader","stock","cat") values('2014-11-7 08:00:00','359.17','1425268','limit','C000002330','SZYM','sell');
insert into stocks values('VRTB','C000002700');
insert into transaction ("volume","time","price","seller","buyer","stock") values('0','1975-11-7 08:00:00','333.31','admin','admin','VRTB');
insert into orders ("time","price","volume","type","trader","stock","cat") values('2014-11-7 08:00:00','333.31','1585050','limit','C000002700','VRTB','sell');
insert into stocks values('TENX','C000002473');
insert into transaction ("volume","time","price","seller","buyer","stock") values('0','1975-11-7 08:00:00','441.58','admin','admin','TENX');
insert into orders ("time","price","volume","type","trader","stock","cat") values('2014-11-7 08:00:00','441.58','1978316','limit','C000002473','TENX','sell');
insert into stocks values('LOJN','C000001561');
insert into transaction ("volume","time","price","seller","buyer","stock") values('0','1975-11-7 08:00:00','47.05','admin','admin','LOJN');
insert into orders ("time","price","volume","type","trader","stock","cat") values('2014-11-7 08:00:00','47.05','1007573','limit','C000001561','LOJN','sell');
insert into stocks values('AWRE','C000000283');
insert into transaction ("volume","time","price","seller","buyer","stock") values('0','1975-11-7 08:00:00','83.52','admin','admin','AWRE');
insert into orders ("time","price","volume","type","trader","stock","cat") values('2014-11-7 08:00:00','83.52','1023493','limit','C000000283','AWRE','sell');
insert into stocks values('WPRT','C000002775');
insert into transaction ("volume","time","price","seller","buyer","stock") values('0','1975-11-7 08:00:00','42.89','admin','admin','WPRT');
insert into orders ("time","price","volume","type","trader","stock","cat") values('2014-11-7 08:00:00','42.89','1436381','limit','C000002775','WPRT','sell');
insert into stocks values('MCOX','C000001629');
insert into transaction ("volume","time","price","seller","buyer","stock") values('0','1975-11-7 08:00:00','216.78','admin','admin','MCOX');
insert into orders ("time","price","volume","type","trader","stock","cat") values('2014-11-7 08:00:00','216.78','1394770','limit','C000001629','MCOX','sell');
insert into stocks values('GMAN','C000001162');
insert into transaction ("volume","time","price","seller","buyer","stock") values('0','1975-11-7 08:00:00','188.59','admin','admin','GMAN');
insert into orders ("time","price","volume","type","trader","stock","cat") values('2014-11-7 08:00:00','188.59','1792119','limit','C000001162','GMAN','sell');
insert into stocks values('CPRX','C000000485');
insert into transaction ("volume","time","price","seller","buyer","stock") values('0','1975-11-7 08:00:00','467.28','admin','admin','CPRX');
insert into orders ("time","price","volume","type","trader","stock","cat") values('2014-11-7 08:00:00','467.28','1039217','limit','C000000485','CPRX','sell');
insert into stocks values('OREX','C000001888');
insert into transaction ("volume","time","price","seller","buyer","stock") values('0','1975-11-7 08:00:00','147.62','admin','admin','OREX');
insert into orders ("time","price","volume","type","trader","stock","cat") values('2014-11-7 08:00:00','147.62','1346344','limit','C000001888','OREX','sell');
insert into stocks values('ONTY','C000001871');
insert into transaction ("volume","time","price","seller","buyer","stock") values('0','1975-11-7 08:00:00','462.06','admin','admin','ONTY');
insert into orders ("time","price","volume","type","trader","stock","cat") values('2014-11-7 08:00:00','462.06','1909984','limit','C000001871','ONTY','sell');
insert into stocks values('INVE','C000001297');
insert into transaction ("volume","time","price","seller","buyer","stock") values('0','1975-11-7 08:00:00','173.04','admin','admin','INVE');
insert into orders ("time","price","volume","type","trader","stock","cat") values('2014-11-7 08:00:00','173.04','1237133','limit','C000001297','INVE','sell');
insert into stocks values('BAMM','C000000385');
insert into transaction ("volume","time","price","seller","buyer","stock") values('0','1975-11-7 08:00:00','105.89','admin','admin','BAMM');
insert into orders ("time","price","volume","type","trader","stock","cat") values('2014-11-7 08:00:00','105.89','1123656','limit','C000000385','BAMM','sell');
insert into stocks values('MOBI','C000002310');
insert into transaction ("volume","time","price","seller","buyer","stock") values('0','1975-11-7 08:00:00','19.62','admin','admin','MOBI');
insert into orders ("time","price","volume","type","trader","stock","cat") values('2014-11-7 08:00:00','19.62','1327130','limit','C000002310','MOBI','sell');
insert into stocks values('IDRA','C000001298');
insert into transaction ("volume","time","price","seller","buyer","stock") values('0','1975-11-7 08:00:00','26.69','admin','admin','IDRA');
insert into orders ("time","price","volume","type","trader","stock","cat") values('2014-11-7 08:00:00','26.69','1751190','limit','C000001298','IDRA','sell');
insert into stocks values('MNOV','C000001633');
insert into transaction ("volume","time","price","seller","buyer","stock") values('0','1975-11-7 08:00:00','254.45','admin','admin','MNOV');
insert into orders ("time","price","volume","type","trader","stock","cat") values('2014-11-7 08:00:00','254.45','1668296','limit','C000001633','MNOV','sell');
insert into stocks values('HBIO','C000001211');
insert into transaction ("volume","time","price","seller","buyer","stock") values('0','1975-11-7 08:00:00','64.82','admin','admin','HBIO');
insert into orders ("time","price","volume","type","trader","stock","cat") values('2014-11-7 08:00:00','64.82','1962541','limit','C000001211','HBIO','sell');
insert into stocks values('BONT','C000002494');
insert into transaction ("volume","time","price","seller","buyer","stock") values('0','1975-11-7 08:00:00','106.63','admin','admin','BONT');
insert into orders ("time","price","volume","type","trader","stock","cat") values('2014-11-7 08:00:00','106.63','1592436','limit','C000002494','BONT','sell');
insert into stocks values('DYNT','C000000800');
insert into transaction ("volume","time","price","seller","buyer","stock") values('0','1975-11-7 08:00:00','89.6','admin','admin','DYNT');
insert into orders ("time","price","volume","type","trader","stock","cat") values('2014-11-7 08:00:00','89.6','1791463','limit','C000000800','DYNT','sell');
insert into stocks values('OPXA','C000001876');
insert into transaction ("volume","time","price","seller","buyer","stock") values('0','1975-11-7 08:00:00','120.05','admin','admin','OPXA');
insert into orders ("time","price","volume","type","trader","stock","cat") values('2014-11-7 08:00:00','120.05','1754364','limit','C000001876','OPXA','sell');
insert into stocks values('OCC','C000001880');
insert into transaction ("volume","time","price","seller","buyer","stock") values('0','1975-11-7 08:00:00','462.24','admin','admin','OCC');
insert into orders ("time","price","volume","type","trader","stock","cat") values('2014-11-7 08:00:00','462.24','1969261','limit','C000001880','OCC','sell');
insert into stocks values('CBAK','C000000546');
insert into transaction ("volume","time","price","seller","buyer","stock") values('0','1975-11-7 08:00:00','469.19','admin','admin','CBAK');
insert into orders ("time","price","volume","type","trader","stock","cat") values('2014-11-7 08:00:00','469.19','1430643','limit','C000000546','CBAK','sell');
insert into stocks values('RIGL','C000002180');
insert into transaction ("volume","time","price","seller","buyer","stock") values('0','1975-11-7 08:00:00','88.65','admin','admin','RIGL');
insert into orders ("time","price","volume","type","trader","stock","cat") values('2014-11-7 08:00:00','88.65','1652244','limit','C000002180','RIGL','sell');
insert into stocks values('BAGR','C000000779');
insert into transaction ("volume","time","price","seller","buyer","stock") values('0','1975-11-7 08:00:00','400.78','admin','admin','BAGR');
insert into orders ("time","price","volume","type","trader","stock","cat") values('2014-11-7 08:00:00','400.78','1981372','limit','C000000779','BAGR','sell');
insert into stocks values('ATLC','C000000258');
insert into transaction ("volume","time","price","seller","buyer","stock") values('0','1975-11-7 08:00:00','171.88','admin','admin','ATLC');
insert into orders ("time","price","volume","type","trader","stock","cat") values('2014-11-7 08:00:00','171.88','1940652','limit','C000000258','ATLC','sell');
insert into stocks values('ZSAN','C000002860');
insert into transaction ("volume","time","price","seller","buyer","stock") values('0','1975-11-7 08:00:00','358.04','admin','admin','ZSAN');
insert into orders ("time","price","volume","type","trader","stock","cat") values('2014-11-7 08:00:00','358.04','1151707','limit','C000002860','ZSAN','sell');
insert into stocks values('GENE','C000001109');
insert into transaction ("volume","time","price","seller","buyer","stock") values('0','1975-11-7 08:00:00','405.25','admin','admin','GENE');
insert into orders ("time","price","volume","type","trader","stock","cat") values('2014-11-7 08:00:00','405.25','1050462','limit','C000001109','GENE','sell');
insert into stocks values('FULL','C000001088');
insert into transaction ("volume","time","price","seller","buyer","stock") values('0','1975-11-7 08:00:00','426.65','admin','admin','FULL');
insert into orders ("time","price","volume","type","trader","stock","cat") values('2014-11-7 08:00:00','426.65','1171312','limit','C000001088','FULL','sell');
insert into stocks values('SKLN','C000002309');
insert into transaction ("volume","time","price","seller","buyer","stock") values('0','1975-11-7 08:00:00','212.16','admin','admin','SKLN');
insert into orders ("time","price","volume","type","trader","stock","cat") values('2014-11-7 08:00:00','212.16','1215442','limit','C000002309','SKLN','sell');
insert into stocks values('LBIX','C000001516');
insert into transaction ("volume","time","price","seller","buyer","stock") values('0','1975-11-7 08:00:00','179.52','admin','admin','LBIX');
insert into orders ("time","price","volume","type","trader","stock","cat") values('2014-11-7 08:00:00','179.52','1255830','limit','C000001516','LBIX','sell');
insert into stocks values('HDSN','C000001278');
insert into transaction ("volume","time","price","seller","buyer","stock") values('0','1975-11-7 08:00:00','375.5','admin','admin','HDSN');
insert into orders ("time","price","volume","type","trader","stock","cat") values('2014-11-7 08:00:00','375.5','1965165','limit','C000001278','HDSN','sell');
insert into stocks values('KOPN','C000001484');
insert into transaction ("volume","time","price","seller","buyer","stock") values('0','1975-11-7 08:00:00','402.9','admin','admin','KOPN');
insert into orders ("time","price","volume","type","trader","stock","cat") values('2014-11-7 08:00:00','402.9','1047035','limit','C000001484','KOPN','sell');
insert into stocks values('EVK','C000000897');
insert into transaction ("volume","time","price","seller","buyer","stock") values('0','1975-11-7 08:00:00','55.05','admin','admin','EVK');
insert into orders ("time","price","volume","type","trader","stock","cat") values('2014-11-7 08:00:00','55.05','1432220','limit','C000000897','EVK','sell');
insert into stocks values('PXS','C000002088');
insert into transaction ("volume","time","price","seller","buyer","stock") values('0','1975-11-7 08:00:00','236.49','admin','admin','PXS');
insert into orders ("time","price","volume","type","trader","stock","cat") values('2014-11-7 08:00:00','236.49','1904182','limit','C000002088','PXS','sell');
insert into stocks values('PTX','C000001978');
insert into transaction ("volume","time","price","seller","buyer","stock") values('0','1975-11-7 08:00:00','173.71','admin','admin','PTX');
insert into orders ("time","price","volume","type","trader","stock","cat") values('2014-11-7 08:00:00','173.71','1904226','limit','C000001978','PTX','sell');
insert into stocks values('PANL','C000001924');
insert into transaction ("volume","time","price","seller","buyer","stock") values('0','1975-11-7 08:00:00','367.81','admin','admin','PANL');
insert into orders ("time","price","volume","type","trader","stock","cat") values('2014-11-7 08:00:00','367.81','1792973','limit','C000001924','PANL','sell');
insert into stocks values('ALIM','C000000103');
insert into transaction ("volume","time","price","seller","buyer","stock") values('0','1975-11-7 08:00:00','390.67','admin','admin','ALIM');
insert into orders ("time","price","volume","type","trader","stock","cat") values('2014-11-7 08:00:00','390.67','1137539','limit','C000000103','ALIM','sell');
insert into stocks values('STKS','C000002520');
insert into transaction ("volume","time","price","seller","buyer","stock") values('0','1975-11-7 08:00:00','235.54','admin','admin','STKS');
insert into orders ("time","price","volume","type","trader","stock","cat") values('2014-11-7 08:00:00','235.54','1400921','limit','C000002520','STKS','sell');
insert into stocks values('ARTW','C000000232');
insert into transaction ("volume","time","price","seller","buyer","stock") values('0','1975-11-7 08:00:00','264.72','admin','admin','ARTW');
insert into orders ("time","price","volume","type","trader","stock","cat") values('2014-11-7 08:00:00','264.72','1033634','limit','C000000232','ARTW','sell');
insert into stocks values('OHRP','C000001853');
insert into transaction ("volume","time","price","seller","buyer","stock") values('0','1975-11-7 08:00:00','142.22','admin','admin','OHRP');
insert into orders ("time","price","volume","type","trader","stock","cat") values('2014-11-7 08:00:00','142.22','1823682','limit','C000001853','OHRP','sell');
insert into stocks values('CYTR','C000000727');
insert into transaction ("volume","time","price","seller","buyer","stock") values('0','1975-11-7 08:00:00','356.71','admin','admin','CYTR');
insert into orders ("time","price","volume","type","trader","stock","cat") values('2014-11-7 08:00:00','356.71','1034426','limit','C000000727','CYTR','sell');
insert into stocks values('IMMU','C000001314');
insert into transaction ("volume","time","price","seller","buyer","stock") values('0','1975-11-7 08:00:00','157.26','admin','admin','IMMU');
insert into orders ("time","price","volume","type","trader","stock","cat") values('2014-11-7 08:00:00','157.26','1131849','limit','C000001314','IMMU','sell');
insert into stocks values('CNYD','C000000562');
insert into transaction ("volume","time","price","seller","buyer","stock") values('0','1975-11-7 08:00:00','200.12','admin','admin','CNYD');
insert into orders ("time","price","volume","type","trader","stock","cat") values('2014-11-7 08:00:00','200.12','1040338','limit','C000000562','CNYD','sell');
insert into stocks values('RPRXZ','C000002161');
insert into transaction ("volume","time","price","seller","buyer","stock") values('0','1975-11-7 08:00:00','316.45','admin','admin','RPRXZ');
insert into orders ("time","price","volume","type","trader","stock","cat") values('2014-11-7 08:00:00','316.45','1889809','limit','C000002161','RPRXZ','sell');
insert into stocks values('TCCO','C000002465');
insert into transaction ("volume","time","price","seller","buyer","stock") values('0','1975-11-7 08:00:00','380.99','admin','admin','TCCO');
insert into orders ("time","price","volume","type","trader","stock","cat") values('2014-11-7 08:00:00','380.99','1677359','limit','C000002465','TCCO','sell');
insert into stocks values('EVLV','C000000898');
insert into transaction ("volume","time","price","seller","buyer","stock") values('0','1975-11-7 08:00:00','21.98','admin','admin','EVLV');
insert into orders ("time","price","volume","type","trader","stock","cat") values('2014-11-7 08:00:00','21.98','1639355','limit','C000000898','EVLV','sell');
insert into stocks values('DSKX','C000000790');
insert into transaction ("volume","time","price","seller","buyer","stock") values('0','1975-11-7 08:00:00','199.14','admin','admin','DSKX');
insert into orders ("time","price","volume","type","trader","stock","cat") values('2014-11-7 08:00:00','199.14','1916195','limit','C000000790','DSKX','sell');
insert into stocks values('STDY','C000002379');
insert into transaction ("volume","time","price","seller","buyer","stock") values('0','1975-11-7 08:00:00','443.76','admin','admin','STDY');
insert into orders ("time","price","volume","type","trader","stock","cat") values('2014-11-7 08:00:00','443.76','1022194','limit','C000002379','STDY','sell');
insert into stocks values('OBCI','C000001838');
insert into transaction ("volume","time","price","seller","buyer","stock") values('0','1975-11-7 08:00:00','362.12','admin','admin','OBCI');
insert into orders ("time","price","volume","type","trader","stock","cat") values('2014-11-7 08:00:00','362.12','1161827','limit','C000001838','OBCI','sell');
insert into stocks values('AUPH','C000000269');
insert into transaction ("volume","time","price","seller","buyer","stock") values('0','1975-11-7 08:00:00','369.54','admin','admin','AUPH');
insert into orders ("time","price","volume","type","trader","stock","cat") values('2014-11-7 08:00:00','369.54','1800224','limit','C000000269','AUPH','sell');
insert into stocks values('USAT','C000002649');
insert into transaction ("volume","time","price","seller","buyer","stock") values('0','1975-11-7 08:00:00','54.73','admin','admin','USAT');
insert into orders ("time","price","volume","type","trader","stock","cat") values('2014-11-7 08:00:00','54.73','1102515','limit','C000002649','USAT','sell');
insert into stocks values('ZINC','C000001268');
insert into transaction ("volume","time","price","seller","buyer","stock") values('0','1975-11-7 08:00:00','391.53','admin','admin','ZINC');
insert into orders ("time","price","volume","type","trader","stock","cat") values('2014-11-7 08:00:00','391.53','1376940','limit','C000001268','ZINC','sell');
insert into stocks values('GRPN','C000001178');
insert into transaction ("volume","time","price","seller","buyer","stock") values('0','1975-11-7 08:00:00','57.61','admin','admin','GRPN');
insert into orders ("time","price","volume","type","trader","stock","cat") values('2014-11-7 08:00:00','57.61','1694042','limit','C000001178','GRPN','sell');
insert into stocks values('JTPY','C000001442');
insert into transaction ("volume","time","price","seller","buyer","stock") values('0','1975-11-7 08:00:00','448.31','admin','admin','JTPY');
insert into orders ("time","price","volume","type","trader","stock","cat") values('2014-11-7 08:00:00','448.31','1389387','limit','C000001442','JTPY','sell');
insert into stocks values('SIXD','C000000014');
insert into transaction ("volume","time","price","seller","buyer","stock") values('0','1975-11-7 08:00:00','49.07','admin','admin','SIXD');
insert into orders ("time","price","volume","type","trader","stock","cat") values('2014-11-7 08:00:00','49.07','1080787','limit','C000000014','SIXD','sell');
insert into stocks values('FBIO','C000001065');
insert into transaction ("volume","time","price","seller","buyer","stock") values('0','1975-11-7 08:00:00','38.95','admin','admin','FBIO');
insert into orders ("time","price","volume","type","trader","stock","cat") values('2014-11-7 08:00:00','38.95','1689489','limit','C000001065','FBIO','sell');
insert into stocks values('MDM','C000001716');
insert into transaction ("volume","time","price","seller","buyer","stock") values('0','1975-11-7 08:00:00','144.31','admin','admin','MDM');
insert into orders ("time","price","volume","type","trader","stock","cat") values('2014-11-7 08:00:00','144.31','1708533','limit','C000001716','MDM','sell');
insert into stocks values('MLNK','C000001698');
insert into transaction ("volume","time","price","seller","buyer","stock") values('0','1975-11-7 08:00:00','153.79','admin','admin','MLNK');
insert into orders ("time","price","volume","type","trader","stock","cat") values('2014-11-7 08:00:00','153.79','1193342','limit','C000001698','MLNK','sell');
insert into stocks values('PLUG','C000001999');
insert into transaction ("volume","time","price","seller","buyer","stock") values('0','1975-11-7 08:00:00','486.53','admin','admin','PLUG');
insert into orders ("time","price","volume","type","trader","stock","cat") values('2014-11-7 08:00:00','486.53','1479140','limit','C000001999','PLUG','sell');
insert into stocks values('RKDA','C000000209');
insert into transaction ("volume","time","price","seller","buyer","stock") values('0','1975-11-7 08:00:00','87.51','admin','admin','RKDA');
insert into orders ("time","price","volume","type","trader","stock","cat") values('2014-11-7 08:00:00','87.51','1523919','limit','C000000209','RKDA','sell');
insert into stocks values('GALT','C000001098');
insert into transaction ("volume","time","price","seller","buyer","stock") values('0','1975-11-7 08:00:00','354.24','admin','admin','GALT');
insert into orders ("time","price","volume","type","trader","stock","cat") values('2014-11-7 08:00:00','354.24','1501886','limit','C000001098','GALT','sell');
insert into stocks values('ISIG','C000001341');
insert into transaction ("volume","time","price","seller","buyer","stock") values('0','1975-11-7 08:00:00','285.0','admin','admin','ISIG');
insert into orders ("time","price","volume","type","trader","stock","cat") values('2014-11-7 08:00:00','285.0','1149752','limit','C000001341','ISIG','sell');
insert into stocks values('BCLI','C000000390');
insert into transaction ("volume","time","price","seller","buyer","stock") values('0','1975-11-7 08:00:00','330.68','admin','admin','BCLI');
insert into orders ("time","price","volume","type","trader","stock","cat") values('2014-11-7 08:00:00','330.68','1332642','limit','C000000390','BCLI','sell');
insert into stocks values('QUMU','C000002109');
insert into transaction ("volume","time","price","seller","buyer","stock") values('0','1975-11-7 08:00:00','263.51','admin','admin','QUMU');
insert into orders ("time","price","volume","type","trader","stock","cat") values('2014-11-7 08:00:00','263.51','1121864','limit','C000002109','QUMU','sell');
insert into stocks values('QLTI','C000002097');
insert into transaction ("volume","time","price","seller","buyer","stock") values('0','1975-11-7 08:00:00','132.91','admin','admin','QLTI');
insert into orders ("time","price","volume","type","trader","stock","cat") values('2014-11-7 08:00:00','132.91','1254687','limit','C000002097','QLTI','sell');
insert into stocks values('PYDS','C000001946');
insert into transaction ("volume","time","price","seller","buyer","stock") values('0','1975-11-7 08:00:00','38.77','admin','admin','PYDS');
insert into orders ("time","price","volume","type","trader","stock","cat") values('2014-11-7 08:00:00','38.77','1625826','limit','C000001946','PYDS','sell');
insert into stocks values('CHEK','C000000532');
insert into transaction ("volume","time","price","seller","buyer","stock") values('0','1975-11-7 08:00:00','103.78','admin','admin','CHEK');
insert into orders ("time","price","volume","type","trader","stock","cat") values('2014-11-7 08:00:00','103.78','1223794','limit','C000000532','CHEK','sell');
insert into stocks values('TGA','C000002561');
insert into transaction ("volume","time","price","seller","buyer","stock") values('0','1975-11-7 08:00:00','219.71','admin','admin','TGA');
insert into orders ("time","price","volume","type","trader","stock","cat") values('2014-11-7 08:00:00','219.71','1502368','limit','C000002561','TGA','sell');
insert into stocks values('STLY','C000002370');
insert into transaction ("volume","time","price","seller","buyer","stock") values('0','1975-11-7 08:00:00','486.12','admin','admin','STLY');
insert into orders ("time","price","volume","type","trader","stock","cat") values('2014-11-7 08:00:00','486.12','1433829','limit','C000002370','STLY','sell');
insert into stocks values('MNKD','C000001599');
insert into transaction ("volume","time","price","seller","buyer","stock") values('0','1975-11-7 08:00:00','58.75','admin','admin','MNKD');
insert into orders ("time","price","volume","type","trader","stock","cat") values('2014-11-7 08:00:00','58.75','1315161','limit','C000001599','MNKD','sell');
insert into stocks values('LINE','C000001546');
insert into transaction ("volume","time","price","seller","buyer","stock") values('0','1975-11-7 08:00:00','104.56','admin','admin','LINE');
insert into orders ("time","price","volume","type","trader","stock","cat") values('2014-11-7 08:00:00','104.56','1153525','limit','C000001546','LINE','sell');
insert into stocks values('MCEP','C000001677');
insert into transaction ("volume","time","price","seller","buyer","stock") values('0','1975-11-7 08:00:00','419.66','admin','admin','MCEP');
insert into orders ("time","price","volume","type","trader","stock","cat") values('2014-11-7 08:00:00','419.66','1076744','limit','C000001677','MCEP','sell');
insert into stocks values('ALQA','C000000113');
insert into transaction ("volume","time","price","seller","buyer","stock") values('0','1975-11-7 08:00:00','136.4','admin','admin','ALQA');
insert into orders ("time","price","volume","type","trader","stock","cat") values('2014-11-7 08:00:00','136.4','1186510','limit','C000000113','ALQA','sell');
insert into stocks values('SMIT','C000002233');
insert into transaction ("volume","time","price","seller","buyer","stock") values('0','1975-11-7 08:00:00','127.26','admin','admin','SMIT');
insert into orders ("time","price","volume","type","trader","stock","cat") values('2014-11-7 08:00:00','127.26','1196810','limit','C000002233','SMIT','sell');
insert into stocks values('NVGN','C000001819');
insert into transaction ("volume","time","price","seller","buyer","stock") values('0','1975-11-7 08:00:00','484.19','admin','admin','NVGN');
insert into orders ("time","price","volume","type","trader","stock","cat") values('2014-11-7 08:00:00','484.19','1594763','limit','C000001819','NVGN','sell');
insert into stocks values('CNV','C000000600');
insert into transaction ("volume","time","price","seller","buyer","stock") values('0','1975-11-7 08:00:00','228.3','admin','admin','CNV');
insert into orders ("time","price","volume","type","trader","stock","cat") values('2014-11-7 08:00:00','228.3','1401607','limit','C000000600','CNV','sell');
insert into stocks values('RSYS','C000002116');
insert into transaction ("volume","time","price","seller","buyer","stock") values('0','1975-11-7 08:00:00','262.71','admin','admin','RSYS');
insert into orders ("time","price","volume","type","trader","stock","cat") values('2014-11-7 08:00:00','262.71','1658469','limit','C000002116','RSYS','sell');
insert into stocks values('PDEX','C000002058');
insert into transaction ("volume","time","price","seller","buyer","stock") values('0','1975-11-7 08:00:00','43.33','admin','admin','PDEX');
insert into orders ("time","price","volume","type","trader","stock","cat") values('2014-11-7 08:00:00','43.33','1818709','limit','C000002058','PDEX','sell');
insert into stocks values('DAIO','C000000735');
insert into transaction ("volume","time","price","seller","buyer","stock") values('0','1975-11-7 08:00:00','443.37','admin','admin','DAIO');
insert into orders ("time","price","volume","type","trader","stock","cat") values('2014-11-7 08:00:00','443.37','1099583','limit','C000000735','DAIO','sell');
insert into stocks values('CADC','C000000543');
insert into transaction ("volume","time","price","seller","buyer","stock") values('0','1975-11-7 08:00:00','298.98','admin','admin','CADC');
insert into orders ("time","price","volume","type","trader","stock","cat") values('2014-11-7 08:00:00','298.98','1433243','limit','C000000543','CADC','sell');
insert into stocks values('HPJ','C000001245');
insert into transaction ("volume","time","price","seller","buyer","stock") values('0','1975-11-7 08:00:00','117.68','admin','admin','HPJ');
insert into orders ("time","price","volume","type","trader","stock","cat") values('2014-11-7 08:00:00','117.68','1456843','limit','C000001245','HPJ','sell');
insert into stocks values('DLHC','C000000780');
insert into transaction ("volume","time","price","seller","buyer","stock") values('0','1975-11-7 08:00:00','198.28','admin','admin','DLHC');
insert into orders ("time","price","volume","type","trader","stock","cat") values('2014-11-7 08:00:00','198.28','1357735','limit','C000000780','DLHC','sell');
insert into stocks values('PLPM','C000001997');
insert into transaction ("volume","time","price","seller","buyer","stock") values('0','1975-11-7 08:00:00','344.87','admin','admin','PLPM');
insert into orders ("time","price","volume","type","trader","stock","cat") values('2014-11-7 08:00:00','344.87','1833182','limit','C000001997','PLPM','sell');
insert into stocks values('EMMSP','C000000848');
insert into transaction ("volume","time","price","seller","buyer","stock") values('0','1975-11-7 08:00:00','416.45','admin','admin','EMMSP');
insert into orders ("time","price","volume","type","trader","stock","cat") values('2014-11-7 08:00:00','416.45','1952799','limit','C000000848','EMMSP','sell');
insert into stocks values('EBIO','C000000839');
insert into transaction ("volume","time","price","seller","buyer","stock") values('0','1975-11-7 08:00:00','370.72','admin','admin','EBIO');
insert into orders ("time","price","volume","type","trader","stock","cat") values('2014-11-7 08:00:00','370.72','1001640','limit','C000000839','EBIO','sell');
insert into stocks values('BIOS','C000000345');
insert into transaction ("volume","time","price","seller","buyer","stock") values('0','1975-11-7 08:00:00','207.21','admin','admin','BIOS');
insert into orders ("time","price","volume","type","trader","stock","cat") values('2014-11-7 08:00:00','207.21','1928019','limit','C000000345','BIOS','sell');
insert into stocks values('MYOS','C000001726');
insert into transaction ("volume","time","price","seller","buyer","stock") values('0','1975-11-7 08:00:00','64.56','admin','admin','MYOS');
insert into orders ("time","price","volume","type","trader","stock","cat") values('2014-11-7 08:00:00','64.56','1017817','limit','C000001726','MYOS','sell');
insert into stocks values('CETX','C000000505');
insert into transaction ("volume","time","price","seller","buyer","stock") values('0','1975-11-7 08:00:00','147.89','admin','admin','CETX');
insert into orders ("time","price","volume","type","trader","stock","cat") values('2014-11-7 08:00:00','147.89','1437535','limit','C000000505','CETX','sell');
insert into stocks values('MNDO','C000001683');
insert into transaction ("volume","time","price","seller","buyer","stock") values('0','1975-11-7 08:00:00','385.13','admin','admin','MNDO');
insert into orders ("time","price","volume","type","trader","stock","cat") values('2014-11-7 08:00:00','385.13','1262224','limit','C000001683','MNDO','sell');
insert into stocks values('VBIV','C000002683');
insert into transaction ("volume","time","price","seller","buyer","stock") values('0','1975-11-7 08:00:00','26.02','admin','admin','VBIV');
insert into orders ("time","price","volume","type","trader","stock","cat") values('2014-11-7 08:00:00','26.02','1858626','limit','C000002683','VBIV','sell');
insert into stocks values('MEET','C000001639');
insert into transaction ("volume","time","price","seller","buyer","stock") values('0','1975-11-7 08:00:00','392.21','admin','admin','MEET');
insert into orders ("time","price","volume","type","trader","stock","cat") values('2014-11-7 08:00:00','392.21','1808868','limit','C000001639','MEET','sell');
insert into stocks values('EVAR','C000001562');
insert into transaction ("volume","time","price","seller","buyer","stock") values('0','1975-11-7 08:00:00','387.69','admin','admin','EVAR');
insert into orders ("time","price","volume","type","trader","stock","cat") values('2014-11-7 08:00:00','387.69','1685018','limit','C000001562','EVAR','sell');
insert into stocks values('AREX','C000000198');
insert into transaction ("volume","time","price","seller","buyer","stock") values('0','1975-11-7 08:00:00','139.41','admin','admin','AREX');
insert into orders ("time","price","volume","type","trader","stock","cat") values('2014-11-7 08:00:00','139.41','1274678','limit','C000000198','AREX','sell');
insert into stocks values('MVIS','C000001675');
insert into transaction ("volume","time","price","seller","buyer","stock") values('0','1975-11-7 08:00:00','364.0','admin','admin','MVIS');
insert into orders ("time","price","volume","type","trader","stock","cat") values('2014-11-7 08:00:00','364.0','1965643','limit','C000001675','MVIS','sell');
insert into stocks values('LNCO','C000001545');
insert into transaction ("volume","time","price","seller","buyer","stock") values('0','1975-11-7 08:00:00','101.18','admin','admin','LNCO');
insert into orders ("time","price","volume","type","trader","stock","cat") values('2014-11-7 08:00:00','101.18','1403425','limit','C000001545','LNCO','sell');
insert into stocks values('ACUR','C000000048');
insert into transaction ("volume","time","price","seller","buyer","stock") values('0','1975-11-7 08:00:00','109.3','admin','admin','ACUR');
insert into orders ("time","price","volume","type","trader","stock","cat") values('2014-11-7 08:00:00','109.3','1453328','limit','C000000048','ACUR','sell');
insert into stocks values('NHLD','C000001744');
insert into transaction ("volume","time","price","seller","buyer","stock") values('0','1975-11-7 08:00:00','336.0','admin','admin','NHLD');
insert into orders ("time","price","volume","type","trader","stock","cat") values('2014-11-7 08:00:00','336.0','1539911','limit','C000001744','NHLD','sell');
insert into stocks values('ANY','C000002357');
insert into transaction ("volume","time","price","seller","buyer","stock") values('0','1975-11-7 08:00:00','96.41','admin','admin','ANY');
insert into orders ("time","price","volume","type","trader","stock","cat") values('2014-11-7 08:00:00','96.41','1165530','limit','C000002357','ANY','sell');
insert into stocks values('CYRX','C000000696');
insert into transaction ("volume","time","price","seller","buyer","stock") values('0','1975-11-7 08:00:00','474.32','admin','admin','CYRX');
insert into orders ("time","price","volume","type","trader","stock","cat") values('2014-11-7 08:00:00','474.32','1332761','limit','C000000696','CYRX','sell');
insert into stocks values('ZNGA','C000002864');
insert into transaction ("volume","time","price","seller","buyer","stock") values('0','1975-11-7 08:00:00','86.68','admin','admin','ZNGA');
insert into orders ("time","price","volume","type","trader","stock","cat") values('2014-11-7 08:00:00','86.68','1826252','limit','C000002864','ZNGA','sell');
insert into stocks values('VTNR','C000002697');
insert into transaction ("volume","time","price","seller","buyer","stock") values('0','1975-11-7 08:00:00','348.94','admin','admin','VTNR');
insert into orders ("time","price","volume","type","trader","stock","cat") values('2014-11-7 08:00:00','348.94','1779910','limit','C000002697','VTNR','sell');
insert into stocks values('YECO','C000002846');
insert into transaction ("volume","time","price","seller","buyer","stock") values('0','1975-11-7 08:00:00','389.09','admin','admin','YECO');
insert into orders ("time","price","volume","type","trader","stock","cat") values('2014-11-7 08:00:00','389.09','1474892','limit','C000002846','YECO','sell');
insert into stocks values('OPTT','C000001839');
insert into transaction ("volume","time","price","seller","buyer","stock") values('0','1975-11-7 08:00:00','488.28','admin','admin','OPTT');
insert into orders ("time","price","volume","type","trader","stock","cat") values('2014-11-7 08:00:00','488.28','1283463','limit','C000001839','OPTT','sell');
insert into stocks values('NEON','C000001762');
insert into transaction ("volume","time","price","seller","buyer","stock") values('0','1975-11-7 08:00:00','153.31','admin','admin','NEON');
insert into orders ("time","price","volume","type","trader","stock","cat") values('2014-11-7 08:00:00','153.31','1785138','limit','C000001762','NEON','sell');
insert into stocks values('UTSI','C000002654');
insert into transaction ("volume","time","price","seller","buyer","stock") values('0','1975-11-7 08:00:00','337.73','admin','admin','UTSI');
insert into orders ("time","price","volume","type","trader","stock","cat") values('2014-11-7 08:00:00','337.73','1475468','limit','C000002654','UTSI','sell');
insert into stocks values('BBEP','C000000392');
insert into transaction ("volume","time","price","seller","buyer","stock") values('0','1975-11-7 08:00:00','38.19','admin','admin','BBEP');
insert into orders ("time","price","volume","type","trader","stock","cat") values('2014-11-7 08:00:00','38.19','1278034','limit','C000000392','BBEP','sell');
insert into stocks values('ISSC','C000001335');
insert into transaction ("volume","time","price","seller","buyer","stock") values('0','1975-11-7 08:00:00','475.8','admin','admin','ISSC');
insert into orders ("time","price","volume","type","trader","stock","cat") values('2014-11-7 08:00:00','475.8','1022821','limit','C000001335','ISSC','sell');
insert into stocks values('ACST','C000000029');
insert into transaction ("volume","time","price","seller","buyer","stock") values('0','1975-11-7 08:00:00','13.33','admin','admin','ACST');
insert into orders ("time","price","volume","type","trader","stock","cat") values('2014-11-7 08:00:00','13.33','1347941','limit','C000000029','ACST','sell');
insert into stocks values('FSNN','C000001091');
insert into transaction ("volume","time","price","seller","buyer","stock") values('0','1975-11-7 08:00:00','196.98','admin','admin','FSNN');
insert into orders ("time","price","volume","type","trader","stock","cat") values('2014-11-7 08:00:00','196.98','1476172','limit','C000001091','FSNN','sell');
insert into stocks values('REXX','C000002175');
insert into transaction ("volume","time","price","seller","buyer","stock") values('0','1975-11-7 08:00:00','399.11','admin','admin','REXX');
insert into orders ("time","price","volume","type","trader","stock","cat") values('2014-11-7 08:00:00','399.11','1400015','limit','C000002175','REXX','sell');
insert into stocks values('JAGX','C000001433');
insert into transaction ("volume","time","price","seller","buyer","stock") values('0','1975-11-7 08:00:00','105.8','admin','admin','JAGX');
insert into orders ("time","price","volume","type","trader","stock","cat") values('2014-11-7 08:00:00','105.8','1572527','limit','C000001433','JAGX','sell');
insert into stocks values('NRX','C000001766');
insert into transaction ("volume","time","price","seller","buyer","stock") values('0','1975-11-7 08:00:00','491.76','admin','admin','NRX');
insert into orders ("time","price","volume","type","trader","stock","cat") values('2014-11-7 08:00:00','491.76','1253828','limit','C000001766','NRX','sell');
insert into stocks values('ARQL','C000000225');
insert into transaction ("volume","time","price","seller","buyer","stock") values('0','1975-11-7 08:00:00','239.04','admin','admin','ARQL');
insert into orders ("time","price","volume","type","trader","stock","cat") values('2014-11-7 08:00:00','239.04','1436837','limit','C000000225','ARQL','sell');
insert into stocks values('CHCI','C000000641');
insert into transaction ("volume","time","price","seller","buyer","stock") values('0','1975-11-7 08:00:00','318.68','admin','admin','CHCI');
insert into orders ("time","price","volume","type","trader","stock","cat") values('2014-11-7 08:00:00','318.68','1180419','limit','C000000641','CHCI','sell');
insert into stocks values('CLUB','C000002553');
insert into transaction ("volume","time","price","seller","buyer","stock") values('0','1975-11-7 08:00:00','426.95','admin','admin','CLUB');
insert into orders ("time","price","volume","type","trader","stock","cat") values('2014-11-7 08:00:00','426.95','1006897','limit','C000002553','CLUB','sell');
insert into stocks values('NAUH','C000001738');
insert into transaction ("volume","time","price","seller","buyer","stock") values('0','1975-11-7 08:00:00','202.31','admin','admin','NAUH');
insert into orders ("time","price","volume","type","trader","stock","cat") values('2014-11-7 08:00:00','202.31','1852757','limit','C000001738','NAUH','sell');
insert into stocks values('PRTS','C000002592');
insert into transaction ("volume","time","price","seller","buyer","stock") values('0','1975-11-7 08:00:00','99.64','admin','admin','PRTS');
insert into orders ("time","price","volume","type","trader","stock","cat") values('2014-11-7 08:00:00','99.64','1253641','limit','C000002592','PRTS','sell');
insert into stocks values('SAEX','C000002214');
insert into transaction ("volume","time","price","seller","buyer","stock") values('0','1975-11-7 08:00:00','423.57','admin','admin','SAEX');
insert into orders ("time","price","volume","type","trader","stock","cat") values('2014-11-7 08:00:00','423.57','1909771','limit','C000002214','SAEX','sell');
insert into stocks values('MTSN','C000001621');
insert into transaction ("volume","time","price","seller","buyer","stock") values('0','1975-11-7 08:00:00','17.88','admin','admin','MTSN');
insert into orders ("time","price","volume","type","trader","stock","cat") values('2014-11-7 08:00:00','17.88','1963258','limit','C000001621','MTSN','sell');
insert into stocks values('PERI','C000001976');
insert into transaction ("volume","time","price","seller","buyer","stock") values('0','1975-11-7 08:00:00','457.87','admin','admin','PERI');
insert into orders ("time","price","volume","type","trader","stock","cat") values('2014-11-7 08:00:00','457.87','1673388','limit','C000001976','PERI','sell');
insert into stocks values('AMTX','C000000068');
insert into transaction ("volume","time","price","seller","buyer","stock") values('0','1975-11-7 08:00:00','340.08','admin','admin','AMTX');
insert into orders ("time","price","volume","type","trader","stock","cat") values('2014-11-7 08:00:00','340.08','1034475','limit','C000000068','AMTX','sell');
insert into stocks values('SORL','C000002335');
insert into transaction ("volume","time","price","seller","buyer","stock") values('0','1975-11-7 08:00:00','114.6','admin','admin','SORL');
insert into orders ("time","price","volume","type","trader","stock","cat") values('2014-11-7 08:00:00','114.6','1571012','limit','C000002335','SORL','sell');
insert into stocks values('INOD','C000001332');
insert into transaction ("volume","time","price","seller","buyer","stock") values('0','1975-11-7 08:00:00','398.16','admin','admin','INOD');
insert into orders ("time","price","volume","type","trader","stock","cat") values('2014-11-7 08:00:00','398.16','1405547','limit','C000001332','INOD','sell');
insert into stocks values('CLWT','C000000893');
insert into transaction ("volume","time","price","seller","buyer","stock") values('0','1975-11-7 08:00:00','254.19','admin','admin','CLWT');
insert into orders ("time","price","volume","type","trader","stock","cat") values('2014-11-7 08:00:00','254.19','1751640','limit','C000000893','CLWT','sell');
insert into stocks values('BIOC','C000000334');
insert into transaction ("volume","time","price","seller","buyer","stock") values('0','1975-11-7 08:00:00','269.44','admin','admin','BIOC');
insert into orders ("time","price","volume","type","trader","stock","cat") values('2014-11-7 08:00:00','269.44','1479971','limit','C000000334','BIOC','sell');
insert into stocks values('CAMT','C000000441');
insert into transaction ("volume","time","price","seller","buyer","stock") values('0','1975-11-7 08:00:00','410.23','admin','admin','CAMT');
insert into orders ("time","price","volume","type","trader","stock","cat") values('2014-11-7 08:00:00','410.23','1521766','limit','C000000441','CAMT','sell');
insert into stocks values('MBII','C000001610');
insert into transaction ("volume","time","price","seller","buyer","stock") values('0','1975-11-7 08:00:00','296.03','admin','admin','MBII');
insert into orders ("time","price","volume","type","trader","stock","cat") values('2014-11-7 08:00:00','296.03','1228571','limit','C000001610','MBII','sell');
insert into stocks values('HSON','C000001277');
insert into transaction ("volume","time","price","seller","buyer","stock") values('0','1975-11-7 08:00:00','151.39','admin','admin','HSON');
insert into orders ("time","price","volume","type","trader","stock","cat") values('2014-11-7 08:00:00','151.39','1850914','limit','C000001277','HSON','sell');
insert into stocks values('ACLS','C000000284');
insert into transaction ("volume","time","price","seller","buyer","stock") values('0','1975-11-7 08:00:00','470.85','admin','admin','ACLS');
insert into orders ("time","price","volume","type","trader","stock","cat") values('2014-11-7 08:00:00','470.85','1134638','limit','C000000284','ACLS','sell');
insert into stocks values('HEAR','C000002585');
insert into transaction ("volume","time","price","seller","buyer","stock") values('0','1975-11-7 08:00:00','371.99','admin','admin','HEAR');
insert into orders ("time","price","volume","type","trader","stock","cat") values('2014-11-7 08:00:00','371.99','1886230','limit','C000002585','HEAR','sell');
insert into stocks values('WMIH','C000002812');
insert into transaction ("volume","time","price","seller","buyer","stock") values('0','1975-11-7 08:00:00','177.08','admin','admin','WMIH');
insert into orders ("time","price","volume","type","trader","stock","cat") values('2014-11-7 08:00:00','177.08','1249323','limit','C000002812','WMIH','sell');
insert into stocks values('CRIS','C000000709');
insert into transaction ("volume","time","price","seller","buyer","stock") values('0','1975-11-7 08:00:00','45.23','admin','admin','CRIS');
insert into orders ("time","price","volume","type","trader","stock","cat") values('2014-11-7 08:00:00','45.23','1692764','limit','C000000709','CRIS','sell');
insert into stocks values('CRTN','C000000474');
insert into transaction ("volume","time","price","seller","buyer","stock") values('0','1975-11-7 08:00:00','29.75','admin','admin','CRTN');
insert into orders ("time","price","volume","type","trader","stock","cat") values('2014-11-7 08:00:00','29.75','1980629','limit','C000000474','CRTN','sell');
insert into stocks values('DELT','C000000748');
insert into transaction ("volume","time","price","seller","buyer","stock") values('0','1975-11-7 08:00:00','139.33','admin','admin','DELT');
insert into orders ("time","price","volume","type","trader","stock","cat") values('2014-11-7 08:00:00','139.33','1592571','limit','C000000748','DELT','sell');
insert into stocks values('GBIM','C000001148');
insert into transaction ("volume","time","price","seller","buyer","stock") values('0','1975-11-7 08:00:00','72.61','admin','admin','GBIM');
insert into orders ("time","price","volume","type","trader","stock","cat") values('2014-11-7 08:00:00','72.61','1597950','limit','C000001148','GBIM','sell');
insert into stocks values('MBLX','C000001661');
insert into transaction ("volume","time","price","seller","buyer","stock") values('0','1975-11-7 08:00:00','420.11','admin','admin','MBLX');
insert into orders ("time","price","volume","type","trader","stock","cat") values('2014-11-7 08:00:00','420.11','1205037','limit','C000001661','MBLX','sell');
insert into stocks values('MICT','C000001671');
insert into transaction ("volume","time","price","seller","buyer","stock") values('0','1975-11-7 08:00:00','357.34','admin','admin','MICT');
insert into orders ("time","price","volume","type","trader","stock","cat") values('2014-11-7 08:00:00','357.34','1190599','limit','C000001671','MICT','sell');
insert into stocks values('KOSS','C000001486');
insert into transaction ("volume","time","price","seller","buyer","stock") values('0','1975-11-7 08:00:00','193.03','admin','admin','KOSS');
insert into orders ("time","price","volume","type","trader","stock","cat") values('2014-11-7 08:00:00','193.03','1596782','limit','C000001486','KOSS','sell');
insert into stocks values('ALSK','C000000093');
insert into transaction ("volume","time","price","seller","buyer","stock") values('0','1975-11-7 08:00:00','413.91','admin','admin','ALSK');
insert into orders ("time","price","volume","type","trader","stock","cat") values('2014-11-7 08:00:00','413.91','1385944','limit','C000000093','ALSK','sell');
insert into stocks values('HGSH','C000000552');
insert into transaction ("volume","time","price","seller","buyer","stock") values('0','1975-11-7 08:00:00','485.32','admin','admin','HGSH');
insert into orders ("time","price","volume","type","trader","stock","cat") values('2014-11-7 08:00:00','485.32','1976967','limit','C000000552','HGSH','sell');
insert into stocks values('ZIONZ','C000002856');
insert into transaction ("volume","time","price","seller","buyer","stock") values('0','1975-11-7 08:00:00','423.09','admin','admin','ZIONZ');
insert into orders ("time","price","volume","type","trader","stock","cat") values('2014-11-7 08:00:00','423.09','1070807','limit','C000002856','ZIONZ','sell');
insert into stocks values('PFMT','C000001973');
insert into transaction ("volume","time","price","seller","buyer","stock") values('0','1975-11-7 08:00:00','20.5','admin','admin','PFMT');
insert into orders ("time","price","volume","type","trader","stock","cat") values('2014-11-7 08:00:00','20.5','1303483','limit','C000001973','PFMT','sell');
insert into stocks values('ENPH','C000000864');
insert into transaction ("volume","time","price","seller","buyer","stock") values('0','1975-11-7 08:00:00','305.34','admin','admin','ENPH');
insert into orders ("time","price","volume","type","trader","stock","cat") values('2014-11-7 08:00:00','305.34','1015368','limit','C000000864','ENPH','sell');
insert into stocks values('AXTI','C000000287');
insert into transaction ("volume","time","price","seller","buyer","stock") values('0','1975-11-7 08:00:00','487.59','admin','admin','AXTI');
insert into orders ("time","price","volume","type","trader","stock","cat") values('2014-11-7 08:00:00','487.59','1179664','limit','C000000287','AXTI','sell');
insert into stocks values('AEY','C000000054');
insert into transaction ("volume","time","price","seller","buyer","stock") values('0','1975-11-7 08:00:00','84.02','admin','admin','AEY');
insert into orders ("time","price","volume","type","trader","stock","cat") values('2014-11-7 08:00:00','84.02','1690305','limit','C000000054','AEY','sell');
insert into stocks values('BLFS','C000000340');
insert into transaction ("volume","time","price","seller","buyer","stock") values('0','1975-11-7 08:00:00','460.66','admin','admin','BLFS');
insert into orders ("time","price","volume","type","trader","stock","cat") values('2014-11-7 08:00:00','460.66','1358334','limit','C000000340','BLFS','sell');
insert into stocks values('EGT','C000000872');
insert into transaction ("volume","time","price","seller","buyer","stock") values('0','1975-11-7 08:00:00','317.7','admin','admin','EGT');
insert into orders ("time","price","volume","type","trader","stock","cat") values('2014-11-7 08:00:00','317.7','1617334','limit','C000000872','EGT','sell');
insert into stocks values('VCEL','C000002690');
insert into transaction ("volume","time","price","seller","buyer","stock") values('0','1975-11-7 08:00:00','472.65','admin','admin','VCEL');
insert into orders ("time","price","volume","type","trader","stock","cat") values('2014-11-7 08:00:00','472.65','1263820','limit','C000002690','VCEL','sell');
insert into stocks values('CPSH','C000000680');
insert into transaction ("volume","time","price","seller","buyer","stock") values('0','1975-11-7 08:00:00','276.82','admin','admin','CPSH');
insert into orders ("time","price","volume","type","trader","stock","cat") values('2014-11-7 08:00:00','276.82','1076827','limit','C000000680','CPSH','sell');
insert into stocks values('RTTR','C000002184');
insert into transaction ("volume","time","price","seller","buyer","stock") values('0','1975-11-7 08:00:00','34.18','admin','admin','RTTR');
insert into orders ("time","price","volume","type","trader","stock","cat") values('2014-11-7 08:00:00','34.18','1982349','limit','C000002184','RTTR','sell');
insert into stocks values('SSH','C000002419');
insert into transaction ("volume","time","price","seller","buyer","stock") values('0','1975-11-7 08:00:00','186.53','admin','admin','SSH');
insert into orders ("time","price","volume","type","trader","stock","cat") values('2014-11-7 08:00:00','186.53','1740016','limit','C000002419','SSH','sell');
insert into stocks values('LINDW','C000001543');
insert into transaction ("volume","time","price","seller","buyer","stock") values('0','1975-11-7 08:00:00','34.45','admin','admin','LINDW');
insert into orders ("time","price","volume","type","trader","stock","cat") values('2014-11-7 08:00:00','34.45','1208727','limit','C000001543','LINDW','sell');
insert into stocks values('NVFY','C000001813');
insert into transaction ("volume","time","price","seller","buyer","stock") values('0','1975-11-7 08:00:00','497.16','admin','admin','NVFY');
insert into orders ("time","price","volume","type","trader","stock","cat") values('2014-11-7 08:00:00','497.16','1295776','limit','C000001813','NVFY','sell');
insert into stocks values('ROSG','C000002196');
insert into transaction ("volume","time","price","seller","buyer","stock") values('0','1975-11-7 08:00:00','282.88','admin','admin','ROSG');
insert into orders ("time","price","volume","type","trader","stock","cat") values('2014-11-7 08:00:00','282.88','1103849','limit','C000002196','ROSG','sell');
insert into stocks values('RBPAA','C000002199');
insert into transaction ("volume","time","price","seller","buyer","stock") values('0','1975-11-7 08:00:00','130.48','admin','admin','RBPAA');
insert into orders ("time","price","volume","type","trader","stock","cat") values('2014-11-7 08:00:00','130.48','1273269','limit','C000002199','RBPAA','sell');
insert into stocks values('HMNY','C000001231');
insert into transaction ("volume","time","price","seller","buyer","stock") values('0','1975-11-7 08:00:00','259.41','admin','admin','HMNY');
insert into orders ("time","price","volume","type","trader","stock","cat") values('2014-11-7 08:00:00','259.41','1946546','limit','C000001231','HMNY','sell');
insert into stocks values('COVS','C000000677');
insert into transaction ("volume","time","price","seller","buyer","stock") values('0','1975-11-7 08:00:00','465.46','admin','admin','COVS');
insert into orders ("time","price","volume","type","trader","stock","cat") values('2014-11-7 08:00:00','465.46','1380348','limit','C000000677','COVS','sell');
insert into stocks values('AMD','C000000061');
insert into transaction ("volume","time","price","seller","buyer","stock") values('0','1975-11-7 08:00:00','104.5','admin','admin','AMD');
insert into orders ("time","price","volume","type","trader","stock","cat") values('2014-11-7 08:00:00','104.5','1938769','limit','C000000061','AMD','sell');
insert into stocks values('INTX','C000001368');
insert into transaction ("volume","time","price","seller","buyer","stock") values('0','1975-11-7 08:00:00','405.96','admin','admin','INTX');
insert into orders ("time","price","volume","type","trader","stock","cat") values('2014-11-7 08:00:00','405.96','1880028','limit','C000001368','INTX','sell');
insert into stocks values('APDNW','C000000193');
insert into transaction ("volume","time","price","seller","buyer","stock") values('0','1975-11-7 08:00:00','361.45','admin','admin','APDNW');
insert into orders ("time","price","volume","type","trader","stock","cat") values('2014-11-7 08:00:00','361.45','1639311','limit','C000000193','APDNW','sell');
insert into stocks values('LLNW','C000001539');
insert into transaction ("volume","time","price","seller","buyer","stock") values('0','1975-11-7 08:00:00','116.94','admin','admin','LLNW');
insert into orders ("time","price","volume","type","trader","stock","cat") values('2014-11-7 08:00:00','116.94','1264252','limit','C000001539','LLNW','sell');
insert into stocks values('DRRX','C000000795');
insert into transaction ("volume","time","price","seller","buyer","stock") values('0','1975-11-7 08:00:00','111.08','admin','admin','DRRX');
insert into orders ("time","price","volume","type","trader","stock","cat") values('2014-11-7 08:00:00','111.08','1806023','limit','C000000795','DRRX','sell');
insert into stocks values('MIFI','C000001816');
insert into transaction ("volume","time","price","seller","buyer","stock") values('0','1975-11-7 08:00:00','207.34','admin','admin','MIFI');
insert into orders ("time","price","volume","type","trader","stock","cat") values('2014-11-7 08:00:00','207.34','1892519','limit','C000001816','MIFI','sell');
insert into stocks values('RLOG','C000002122');
insert into transaction ("volume","time","price","seller","buyer","stock") values('0','1975-11-7 08:00:00','29.36','admin','admin','RLOG');
insert into orders ("time","price","volume","type","trader","stock","cat") values('2014-11-7 08:00:00','29.36','1767417','limit','C000002122','RLOG','sell');
insert into stocks values('VSTM','C000002689');
insert into transaction ("volume","time","price","seller","buyer","stock") values('0','1975-11-7 08:00:00','151.35','admin','admin','VSTM');
insert into orders ("time","price","volume","type","trader","stock","cat") values('2014-11-7 08:00:00','151.35','1701257','limit','C000002689','VSTM','sell');
insert into stocks values('TINY','C000001209');
insert into transaction ("volume","time","price","seller","buyer","stock") values('0','1975-11-7 08:00:00','105.35','admin','admin','TINY');
insert into orders ("time","price","volume","type","trader","stock","cat") values('2014-11-7 08:00:00','105.35','1067576','limit','C000001209','TINY','sell');
insert into stocks values('IMI','C000001361');
insert into transaction ("volume","time","price","seller","buyer","stock") values('0','1975-11-7 08:00:00','95.83','admin','admin','IMI');
insert into orders ("time","price","volume","type","trader","stock","cat") values('2014-11-7 08:00:00','95.83','1960566','limit','C000001361','IMI','sell');
insert into stocks values('SGYPW','C000002440');
insert into transaction ("volume","time","price","seller","buyer","stock") values('0','1975-11-7 08:00:00','82.6','admin','admin','SGYPW');
insert into orders ("time","price","volume","type","trader","stock","cat") values('2014-11-7 08:00:00','82.6','1989281','limit','C000002440','SGYPW','sell');
insert into stocks values('ORIG','C000001840');
insert into transaction ("volume","time","price","seller","buyer","stock") values('0','1975-11-7 08:00:00','492.05','admin','admin','ORIG');
insert into orders ("time","price","volume","type","trader","stock","cat") values('2014-11-7 08:00:00','492.05','1915926','limit','C000001840','ORIG','sell');
insert into stocks values('CETV','C000000507');
insert into transaction ("volume","time","price","seller","buyer","stock") values('0','1975-11-7 08:00:00','311.34','admin','admin','CETV');
insert into orders ("time","price","volume","type","trader","stock","cat") values('2014-11-7 08:00:00','311.34','1231070','limit','C000000507','CETV','sell');
insert into stocks values('FTEK','C000001085');
insert into transaction ("volume","time","price","seller","buyer","stock") values('0','1975-11-7 08:00:00','323.01','admin','admin','FTEK');
insert into orders ("time","price","volume","type","trader","stock","cat") values('2014-11-7 08:00:00','323.01','1530437','limit','C000001085','FTEK','sell');
insert into stocks values('OGXI','C000001867');
insert into transaction ("volume","time","price","seller","buyer","stock") values('0','1975-11-7 08:00:00','405.63','admin','admin','OGXI');
insert into orders ("time","price","volume","type","trader","stock","cat") values('2014-11-7 08:00:00','405.63','1436111','limit','C000001867','OGXI','sell');
insert into stocks values('ATNY','C000000185');
insert into transaction ("volume","time","price","seller","buyer","stock") values('0','1975-11-7 08:00:00','175.63','admin','admin','ATNY');
insert into orders ("time","price","volume","type","trader","stock","cat") values('2014-11-7 08:00:00','175.63','1269696','limit','C000000185','ATNY','sell');
insert into stocks values('CHNR','C000000557');
insert into transaction ("volume","time","price","seller","buyer","stock") values('0','1975-11-7 08:00:00','306.47','admin','admin','CHNR');
insert into orders ("time","price","volume","type","trader","stock","cat") values('2014-11-7 08:00:00','306.47','1497159','limit','C000000557','CHNR','sell');
insert into stocks values('BOSC','C000000290');
insert into transaction ("volume","time","price","seller","buyer","stock") values('0','1975-11-7 08:00:00','17.34','admin','admin','BOSC');
insert into orders ("time","price","volume","type","trader","stock","cat") values('2014-11-7 08:00:00','17.34','1885505','limit','C000000290','BOSC','sell');
insert into stocks values('BOTA','C000000350');
insert into transaction ("volume","time","price","seller","buyer","stock") values('0','1975-11-7 08:00:00','457.75','admin','admin','BOTA');
insert into orders ("time","price","volume","type","trader","stock","cat") values('2014-11-7 08:00:00','457.75','1169170','limit','C000000350','BOTA','sell');
insert into stocks values('IDSA','C000001323');
insert into transaction ("volume","time","price","seller","buyer","stock") values('0','1975-11-7 08:00:00','345.86','admin','admin','IDSA');
insert into orders ("time","price","volume","type","trader","stock","cat") values('2014-11-7 08:00:00','345.86','1190519','limit','C000001323','IDSA','sell');
insert into stocks values('FALC','C000000920');
insert into transaction ("volume","time","price","seller","buyer","stock") values('0','1975-11-7 08:00:00','71.65','admin','admin','FALC');
insert into orders ("time","price","volume","type","trader","stock","cat") values('2014-11-7 08:00:00','71.65','1264095','limit','C000000920','FALC','sell');
insert into stocks values('ROIA','C000002115');
insert into transaction ("volume","time","price","seller","buyer","stock") values('0','1975-11-7 08:00:00','123.82','admin','admin','ROIA');
insert into orders ("time","price","volume","type","trader","stock","cat") values('2014-11-7 08:00:00','123.82','1407766','limit','C000002115','ROIA','sell');
insert into stocks values('ROIAK','C000002115');
insert into transaction ("volume","time","price","seller","buyer","stock") values('0','1975-11-7 08:00:00','226.58','admin','admin','ROIAK');
insert into orders ("time","price","volume","type","trader","stock","cat") values('2014-11-7 08:00:00','226.58','1305897','limit','C000002115','ROIAK','sell');
insert into stocks values('GNVC','C000001116');
insert into transaction ("volume","time","price","seller","buyer","stock") values('0','1975-11-7 08:00:00','80.29','admin','admin','GNVC');
insert into orders ("time","price","volume","type","trader","stock","cat") values('2014-11-7 08:00:00','80.29','1355409','limit','C000001116','GNVC','sell');
insert into stocks values('BWEN','C000000401');
insert into transaction ("volume","time","price","seller","buyer","stock") values('0','1975-11-7 08:00:00','114.72','admin','admin','BWEN');
insert into orders ("time","price","volume","type","trader","stock","cat") values('2014-11-7 08:00:00','114.72','1078945','limit','C000000401','BWEN','sell');
insert into stocks values('ARNA','C000000215');
insert into transaction ("volume","time","price","seller","buyer","stock") values('0','1975-11-7 08:00:00','170.89','admin','admin','ARNA');
insert into orders ("time","price","volume","type","trader","stock","cat") values('2014-11-7 08:00:00','170.89','1205881','limit','C000000215','ARNA','sell');
insert into stocks values('ZN','C000002855');
insert into transaction ("volume","time","price","seller","buyer","stock") values('0','1975-11-7 08:00:00','93.99','admin','admin','ZN');
insert into orders ("time","price","volume","type","trader","stock","cat") values('2014-11-7 08:00:00','93.99','1237042','limit','C000002855','ZN','sell');
insert into stocks values('YOD','C000002843');
insert into transaction ("volume","time","price","seller","buyer","stock") values('0','1975-11-7 08:00:00','249.13','admin','admin','YOD');
insert into orders ("time","price","volume","type","trader","stock","cat") values('2014-11-7 08:00:00','249.13','1467196','limit','C000002843','YOD','sell');
insert into stocks values('TEAR','C000002463');
insert into transaction ("volume","time","price","seller","buyer","stock") values('0','1975-11-7 08:00:00','42.75','admin','admin','TEAR');
insert into orders ("time","price","volume","type","trader","stock","cat") values('2014-11-7 08:00:00','42.75','1000751','limit','C000002463','TEAR','sell');
insert into stocks values('MDSY','C000001697');
insert into transaction ("volume","time","price","seller","buyer","stock") values('0','1975-11-7 08:00:00','131.31','admin','admin','MDSY');
insert into orders ("time","price","volume","type","trader","stock","cat") values('2014-11-7 08:00:00','131.31','1735387','limit','C000001697','MDSY','sell');
insert into stocks values('CYRN','C000000721');
insert into transaction ("volume","time","price","seller","buyer","stock") values('0','1975-11-7 08:00:00','59.35','admin','admin','CYRN');
insert into orders ("time","price","volume","type","trader","stock","cat") values('2014-11-7 08:00:00','59.35','1834809','limit','C000000721','CYRN','sell');
insert into stocks values('BNTCW','C000000327');
insert into transaction ("volume","time","price","seller","buyer","stock") values('0','1975-11-7 08:00:00','146.65','admin','admin','BNTCW');
insert into orders ("time","price","volume","type","trader","stock","cat") values('2014-11-7 08:00:00','146.65','1341747','limit','C000000327','BNTCW','sell');
insert into stocks values('ASTC','C000000246');
insert into transaction ("volume","time","price","seller","buyer","stock") values('0','1975-11-7 08:00:00','173.9','admin','admin','ASTC');
insert into orders ("time","price","volume","type","trader","stock","cat") values('2014-11-7 08:00:00','173.9','1870004','limit','C000000246','ASTC','sell');
insert into stocks values('STRM','C000002401');
insert into transaction ("volume","time","price","seller","buyer","stock") values('0','1975-11-7 08:00:00','204.13','admin','admin','STRM');
insert into orders ("time","price","volume","type","trader","stock","cat") values('2014-11-7 08:00:00','204.13','1818703','limit','C000002401','STRM','sell');
insert into stocks values('HMPR','C000001200');
insert into transaction ("volume","time","price","seller","buyer","stock") values('0','1975-11-7 08:00:00','46.67','admin','admin','HMPR');
insert into orders ("time","price","volume","type","trader","stock","cat") values('2014-11-7 08:00:00','46.67','1757441','limit','C000001200','HMPR','sell');
insert into stocks values('VRML','C000002695');
insert into transaction ("volume","time","price","seller","buyer","stock") values('0','1975-11-7 08:00:00','108.17','admin','admin','VRML');
insert into orders ("time","price","volume","type","trader","stock","cat") values('2014-11-7 08:00:00','108.17','1763741','limit','C000002695','VRML','sell');
insert into stocks values('AMRN','C000000126');
insert into transaction ("volume","time","price","seller","buyer","stock") values('0','1975-11-7 08:00:00','323.51','admin','admin','AMRN');
insert into orders ("time","price","volume","type","trader","stock","cat") values('2014-11-7 08:00:00','323.51','1032805','limit','C000000126','AMRN','sell');
insert into stocks values('AEHR','C000000067');
insert into transaction ("volume","time","price","seller","buyer","stock") values('0','1975-11-7 08:00:00','241.62','admin','admin','AEHR');
insert into orders ("time","price","volume","type","trader","stock","cat") values('2014-11-7 08:00:00','241.62','1884245','limit','C000000067','AEHR','sell');
insert into stocks values('TTHI','C000002562');
insert into transaction ("volume","time","price","seller","buyer","stock") values('0','1975-11-7 08:00:00','65.01','admin','admin','TTHI');
insert into orders ("time","price","volume","type","trader","stock","cat") values('2014-11-7 08:00:00','65.01','1676615','limit','C000002562','TTHI','sell');
insert into stocks values('RIBT','C000002178');
insert into transaction ("volume","time","price","seller","buyer","stock") values('0','1975-11-7 08:00:00','92.08','admin','admin','RIBT');
insert into orders ("time","price","volume","type","trader","stock","cat") values('2014-11-7 08:00:00','92.08','1155698','limit','C000002178','RIBT','sell');
insert into stocks values('WHLR','C000002777');
insert into transaction ("volume","time","price","seller","buyer","stock") values('0','1975-11-7 08:00:00','314.93','admin','admin','WHLR');
insert into orders ("time","price","volume","type","trader","stock","cat") values('2014-11-7 08:00:00','314.93','1096368','limit','C000002777','WHLR','sell');
insert into stocks values('IFON','C000001328');
insert into transaction ("volume","time","price","seller","buyer","stock") values('0','1975-11-7 08:00:00','207.89','admin','admin','IFON');
insert into orders ("time","price","volume","type","trader","stock","cat") values('2014-11-7 08:00:00','207.89','1109612','limit','C000001328','IFON','sell');
insert into stocks values('KBIO','C000001455');
insert into transaction ("volume","time","price","seller","buyer","stock") values('0','1975-11-7 08:00:00','377.47','admin','admin','KBIO');
insert into orders ("time","price","volume","type","trader","stock","cat") values('2014-11-7 08:00:00','377.47','1837044','limit','C000001455','KBIO','sell');
insert into stocks values('GEVO','C000001121');
insert into transaction ("volume","time","price","seller","buyer","stock") values('0','1975-11-7 08:00:00','404.35','admin','admin','GEVO');
insert into orders ("time","price","volume","type","trader","stock","cat") values('2014-11-7 08:00:00','404.35','1934031','limit','C000001121','GEVO','sell');
insert into stocks values('RITT','C000002183');
insert into transaction ("volume","time","price","seller","buyer","stock") values('0','1975-11-7 08:00:00','46.08','admin','admin','RITT');
insert into orders ("time","price","volume","type","trader","stock","cat") values('2014-11-7 08:00:00','46.08','1090633','limit','C000002183','RITT','sell');
insert into stocks values('EXXI','C000000861');
insert into transaction ("volume","time","price","seller","buyer","stock") values('0','1975-11-7 08:00:00','346.81','admin','admin','EXXI');
insert into orders ("time","price","volume","type","trader","stock","cat") values('2014-11-7 08:00:00','346.81','1169299','limit','C000000861','EXXI','sell');
insert into stocks values('IPCI','C000001353');
insert into transaction ("volume","time","price","seller","buyer","stock") values('0','1975-11-7 08:00:00','499.66','admin','admin','IPCI');
insert into orders ("time","price","volume","type","trader","stock","cat") values('2014-11-7 08:00:00','499.66','1061831','limit','C000001353','IPCI','sell');
insert into stocks values('BNSO','C000000384');
insert into transaction ("volume","time","price","seller","buyer","stock") values('0','1975-11-7 08:00:00','44.54','admin','admin','BNSO');
insert into orders ("time","price","volume","type","trader","stock","cat") values('2014-11-7 08:00:00','44.54','1521020','limit','C000000384','BNSO','sell');
insert into stocks values('GURE','C000001189');
insert into transaction ("volume","time","price","seller","buyer","stock") values('0','1975-11-7 08:00:00','130.94','admin','admin','GURE');
insert into orders ("time","price","volume","type","trader","stock","cat") values('2014-11-7 08:00:00','130.94','1512744','limit','C000001189','GURE','sell');
insert into stocks values('GOGL','C000001158');
insert into transaction ("volume","time","price","seller","buyer","stock") values('0','1975-11-7 08:00:00','149.84','admin','admin','GOGL');
insert into orders ("time","price","volume","type","trader","stock","cat") values('2014-11-7 08:00:00','149.84','1976547','limit','C000001158','GOGL','sell');
insert into stocks values('CLSN','C000000502');
insert into transaction ("volume","time","price","seller","buyer","stock") values('0','1975-11-7 08:00:00','134.44','admin','admin','CLSN');
insert into orders ("time","price","volume","type","trader","stock","cat") values('2014-11-7 08:00:00','134.44','1257689','limit','C000000502','CLSN','sell');
insert into stocks values('PIRS','C000001990');
insert into transaction ("volume","time","price","seller","buyer","stock") values('0','1975-11-7 08:00:00','350.24','admin','admin','PIRS');
insert into orders ("time","price","volume","type","trader","stock","cat") values('2014-11-7 08:00:00','350.24','1699965','limit','C000001990','PIRS','sell');
insert into stocks values('PTIE','C000001921');
insert into transaction ("volume","time","price","seller","buyer","stock") values('0','1975-11-7 08:00:00','67.6','admin','admin','PTIE');
insert into orders ("time","price","volume","type","trader","stock","cat") values('2014-11-7 08:00:00','67.6','1162384','limit','C000001921','PTIE','sell');
insert into stocks values('CJJD','C000000555');
insert into transaction ("volume","time","price","seller","buyer","stock") values('0','1975-11-7 08:00:00','290.39','admin','admin','CJJD');
insert into orders ("time","price","volume","type","trader","stock","cat") values('2014-11-7 08:00:00','290.39','1057978','limit','C000000555','CJJD','sell');
insert into stocks values('APWC','C000000238');
insert into transaction ("volume","time","price","seller","buyer","stock") values('0','1975-11-7 08:00:00','305.22','admin','admin','APWC');
insert into orders ("time","price","volume","type","trader","stock","cat") values('2014-11-7 08:00:00','305.22','1161342','limit','C000000238','APWC','sell');
insert into stocks values('XTLB','C000002837');
insert into transaction ("volume","time","price","seller","buyer","stock") values('0','1975-11-7 08:00:00','111.99','admin','admin','XTLB');
insert into orders ("time","price","volume","type","trader","stock","cat") values('2014-11-7 08:00:00','111.99','1122542','limit','C000002837','XTLB','sell');
insert into stocks values('MEIP','C000001640');
insert into transaction ("volume","time","price","seller","buyer","stock") values('0','1975-11-7 08:00:00','484.62','admin','admin','MEIP');
insert into orders ("time","price","volume","type","trader","stock","cat") values('2014-11-7 08:00:00','484.62','1250574','limit','C000001640','MEIP','sell');
insert into stocks values('TLOG','C000002484');
insert into transaction ("volume","time","price","seller","buyer","stock") values('0','1975-11-7 08:00:00','373.02','admin','admin','TLOG');
insert into orders ("time","price","volume","type","trader","stock","cat") values('2014-11-7 08:00:00','373.02','1991725','limit','C000002484','TLOG','sell');
insert into stocks values('TRCH','C000002549');
insert into transaction ("volume","time","price","seller","buyer","stock") values('0','1975-11-7 08:00:00','126.98','admin','admin','TRCH');
insert into orders ("time","price","volume","type","trader","stock","cat") values('2014-11-7 08:00:00','126.98','1909395','limit','C000002549','TRCH','sell');
insert into stocks values('LIVE','C000001554');
insert into transaction ("volume","time","price","seller","buyer","stock") values('0','1975-11-7 08:00:00','181.6','admin','admin','LIVE');
insert into orders ("time","price","volume","type","trader","stock","cat") values('2014-11-7 08:00:00','181.6','1905704','limit','C000001554','LIVE','sell');
insert into stocks values('BUR','C000000411');
insert into transaction ("volume","time","price","seller","buyer","stock") values('0','1975-11-7 08:00:00','423.64','admin','admin','BUR');
insert into orders ("time","price","volume","type","trader","stock","cat") values('2014-11-7 08:00:00','423.64','1049674','limit','C000000411','BUR','sell');
insert into stocks values('SUMR','C000002406');
insert into transaction ("volume","time","price","seller","buyer","stock") values('0','1975-11-7 08:00:00','35.62','admin','admin','SUMR');
insert into orders ("time","price","volume","type","trader","stock","cat") values('2014-11-7 08:00:00','35.62','1091111','limit','C000002406','SUMR','sell');
insert into stocks values('NSPH','C000001731');
insert into transaction ("volume","time","price","seller","buyer","stock") values('0','1975-11-7 08:00:00','174.97','admin','admin','NSPH');
insert into orders ("time","price","volume","type","trader","stock","cat") values('2014-11-7 08:00:00','174.97','1185008','limit','C000001731','NSPH','sell');
insert into stocks values('CDTI','C000000587');
insert into transaction ("volume","time","price","seller","buyer","stock") values('0','1975-11-7 08:00:00','190.15','admin','admin','CDTI');
insert into orders ("time","price","volume","type","trader","stock","cat") values('2014-11-7 08:00:00','190.15','1250500','limit','C000000587','CDTI','sell');
insert into stocks values('ARCW','C000000207');
insert into transaction ("volume","time","price","seller","buyer","stock") values('0','1975-11-7 08:00:00','114.0','admin','admin','ARCW');
insert into orders ("time","price","volume","type","trader","stock","cat") values('2014-11-7 08:00:00','114.0','1668606','limit','C000000207','ARCW','sell');
insert into stocks values('ACTS','C000000044');
insert into transaction ("volume","time","price","seller","buyer","stock") values('0','1975-11-7 08:00:00','296.15','admin','admin','ACTS');
insert into orders ("time","price","volume","type","trader","stock","cat") values('2014-11-7 08:00:00','296.15','1740962','limit','C000000044','ACTS','sell');
insert into stocks values('DYSL','C000000799');
insert into transaction ("volume","time","price","seller","buyer","stock") values('0','1975-11-7 08:00:00','287.58','admin','admin','DYSL');
insert into orders ("time","price","volume","type","trader","stock","cat") values('2014-11-7 08:00:00','287.58','1778572','limit','C000000799','DYSL','sell');
insert into stocks values('XOMA','C000002833');
insert into transaction ("volume","time","price","seller","buyer","stock") values('0','1975-11-7 08:00:00','485.77','admin','admin','XOMA');
insert into orders ("time","price","volume","type","trader","stock","cat") values('2014-11-7 08:00:00','485.77','1192443','limit','C000002833','XOMA','sell');
insert into stocks values('OPGN','C000001877');
insert into transaction ("volume","time","price","seller","buyer","stock") values('0','1975-11-7 08:00:00','287.38','admin','admin','OPGN');
insert into orders ("time","price","volume","type","trader","stock","cat") values('2014-11-7 08:00:00','287.38','1271517','limit','C000001877','OPGN','sell');
insert into stocks values('MDVX','C000001638');
insert into transaction ("volume","time","price","seller","buyer","stock") values('0','1975-11-7 08:00:00','126.91','admin','admin','MDVX');
insert into orders ("time","price","volume","type","trader","stock","cat") values('2014-11-7 08:00:00','126.91','1341648','limit','C000001638','MDVX','sell');
insert into stocks values('CPXX','C000000495');
insert into transaction ("volume","time","price","seller","buyer","stock") values('0','1975-11-7 08:00:00','181.71','admin','admin','CPXX');
insert into orders ("time","price","volume","type","trader","stock","cat") values('2014-11-7 08:00:00','181.71','1382326','limit','C000000495','CPXX','sell');
insert into stocks values('RPRX','C000002161');
insert into transaction ("volume","time","price","seller","buyer","stock") values('0','1975-11-7 08:00:00','108.58','admin','admin','RPRX');
insert into orders ("time","price","volume","type","trader","stock","cat") values('2014-11-7 08:00:00','108.58','1917763','limit','C000002161','RPRX','sell');
insert into stocks values('PSTI','C000002001');
insert into transaction ("volume","time","price","seller","buyer","stock") values('0','1975-11-7 08:00:00','202.11','admin','admin','PSTI');
insert into orders ("time","price","volume","type","trader","stock","cat") values('2014-11-7 08:00:00','202.11','1412716','limit','C000002001','PSTI','sell');
insert into stocks values('GALE','C000001099');
insert into transaction ("volume","time","price","seller","buyer","stock") values('0','1975-11-7 08:00:00','11.73','admin','admin','GALE');
insert into orders ("time","price","volume","type","trader","stock","cat") values('2014-11-7 08:00:00','11.73','1797912','limit','C000001099','GALE','sell');
insert into stocks values('CTRV','C000000660');
insert into transaction ("volume","time","price","seller","buyer","stock") values('0','1975-11-7 08:00:00','417.29','admin','admin','CTRV');
insert into orders ("time","price","volume","type","trader","stock","cat") values('2014-11-7 08:00:00','417.29','1055940','limit','C000000660','CTRV','sell');
insert into stocks values('CAPN','C000000454');
insert into transaction ("volume","time","price","seller","buyer","stock") values('0','1975-11-7 08:00:00','85.62','admin','admin','CAPN');
insert into orders ("time","price","volume","type","trader","stock","cat") values('2014-11-7 08:00:00','85.62','1832789','limit','C000000454','CAPN','sell');
insert into stocks values('MARA','C000001601');
insert into transaction ("volume","time","price","seller","buyer","stock") values('0','1975-11-7 08:00:00','41.66','admin','admin','MARA');
insert into orders ("time","price","volume","type","trader","stock","cat") values('2014-11-7 08:00:00','41.66','1221014','limit','C000001601','MARA','sell');
insert into stocks values('ROKA','C000002195');
insert into transaction ("volume","time","price","seller","buyer","stock") values('0','1975-11-7 08:00:00','297.91','admin','admin','ROKA');
insert into orders ("time","price","volume","type","trader","stock","cat") values('2014-11-7 08:00:00','297.91','1484860','limit','C000002195','ROKA','sell');
insert into stocks values('OIIM','C000001834');
insert into transaction ("volume","time","price","seller","buyer","stock") values('0','1975-11-7 08:00:00','490.51','admin','admin','OIIM');
insert into orders ("time","price","volume","type","trader","stock","cat") values('2014-11-7 08:00:00','490.51','1338153','limit','C000001834','OIIM','sell');
insert into stocks values('CTCM','C000000701');
insert into transaction ("volume","time","price","seller","buyer","stock") values('0','1975-11-7 08:00:00','285.03','admin','admin','CTCM');
insert into orders ("time","price","volume","type","trader","stock","cat") values('2014-11-7 08:00:00','285.03','1127219','limit','C000000701','CTCM','sell');
insert into stocks values('ARTX','C000000223');
insert into transaction ("volume","time","price","seller","buyer","stock") values('0','1975-11-7 08:00:00','394.98','admin','admin','ARTX');
insert into orders ("time","price","volume","type","trader","stock","cat") values('2014-11-7 08:00:00','394.98','1683297','limit','C000000223','ARTX','sell');
insert into stocks values('ABEOW','C000000023');
insert into transaction ("volume","time","price","seller","buyer","stock") values('0','1975-11-7 08:00:00','348.36','admin','admin','ABEOW');
insert into orders ("time","price","volume","type","trader","stock","cat") values('2014-11-7 08:00:00','348.36','1836609','limit','C000000023','ABEOW','sell');
insert into stocks values('ECTE','C000000816');
insert into transaction ("volume","time","price","seller","buyer","stock") values('0','1975-11-7 08:00:00','26.63','admin','admin','ECTE');
insert into orders ("time","price","volume","type","trader","stock","cat") values('2014-11-7 08:00:00','26.63','1304500','limit','C000000816','ECTE','sell');
insert into stocks values('MTBC','C000001632');
insert into transaction ("volume","time","price","seller","buyer","stock") values('0','1975-11-7 08:00:00','432.02','admin','admin','MTBC');
insert into orders ("time","price","volume","type","trader","stock","cat") values('2014-11-7 08:00:00','432.02','1350362','limit','C000001632','MTBC','sell');
insert into stocks values('SQNM','C000002260');
insert into transaction ("volume","time","price","seller","buyer","stock") values('0','1975-11-7 08:00:00','445.25','admin','admin','SQNM');
insert into orders ("time","price","volume","type","trader","stock","cat") values('2014-11-7 08:00:00','445.25','1270204','limit','C000002260','SQNM','sell');
insert into stocks values('OESX','C000001890');
insert into transaction ("volume","time","price","seller","buyer","stock") values('0','1975-11-7 08:00:00','128.35','admin','admin','OESX');
insert into orders ("time","price","volume","type","trader","stock","cat") values('2014-11-7 08:00:00','128.35','1841671','limit','C000001890','OESX','sell');
insert into stocks values('AMRS','C000000169');
insert into transaction ("volume","time","price","seller","buyer","stock") values('0','1975-11-7 08:00:00','35.84','admin','admin','AMRS');
insert into orders ("time","price","volume","type","trader","stock","cat") values('2014-11-7 08:00:00','35.84','1406007','limit','C000000169','AMRS','sell');
insert into stocks values('CRBP','C000000664');
insert into transaction ("volume","time","price","seller","buyer","stock") values('0','1975-11-7 08:00:00','397.94','admin','admin','CRBP');
insert into orders ("time","price","volume","type","trader","stock","cat") values('2014-11-7 08:00:00','397.94','1918281','limit','C000000664','CRBP','sell');
insert into stocks values('SEED','C000001889');
insert into transaction ("volume","time","price","seller","buyer","stock") values('0','1975-11-7 08:00:00','271.93','admin','admin','SEED');
insert into orders ("time","price","volume","type","trader","stock","cat") values('2014-11-7 08:00:00','271.93','1703486','limit','C000001889','SEED','sell');
insert into stocks values('CBAY','C000000717');
insert into transaction ("volume","time","price","seller","buyer","stock") values('0','1975-11-7 08:00:00','33.65','admin','admin','CBAY');
insert into orders ("time","price","volume","type","trader","stock","cat") values('2014-11-7 08:00:00','33.65','1448699','limit','C000000717','CBAY','sell');
insert into stocks values('VVUS','C000002736');
insert into transaction ("volume","time","price","seller","buyer","stock") values('0','1975-11-7 08:00:00','202.89','admin','admin','VVUS');
insert into orders ("time","price","volume","type","trader","stock","cat") values('2014-11-7 08:00:00','202.89','1728572','limit','C000002736','VVUS','sell');
insert into stocks values('CLRB','C000000499');
insert into transaction ("volume","time","price","seller","buyer","stock") values('0','1975-11-7 08:00:00','304.36','admin','admin','CLRB');
insert into orders ("time","price","volume","type","trader","stock","cat") values('2014-11-7 08:00:00','304.36','1891323','limit','C000000499','CLRB','sell');
insert into stocks values('BLDP','C000000295');
insert into transaction ("volume","time","price","seller","buyer","stock") values('0','1975-11-7 08:00:00','226.27','admin','admin','BLDP');
insert into orders ("time","price","volume","type","trader","stock","cat") values('2014-11-7 08:00:00','226.27','1144638','limit','C000000295','BLDP','sell');
insert into stocks values('ICLD','C000001358');
insert into transaction ("volume","time","price","seller","buyer","stock") values('0','1975-11-7 08:00:00','428.41','admin','admin','ICLD');
insert into orders ("time","price","volume","type","trader","stock","cat") values('2014-11-7 08:00:00','428.41','1368042','limit','C000001358','ICLD','sell');
insert into stocks values('APPS','C000000770');
insert into transaction ("volume","time","price","seller","buyer","stock") values('0','1975-11-7 08:00:00','379.35','admin','admin','APPS');
insert into orders ("time","price","volume","type","trader","stock","cat") values('2014-11-7 08:00:00','379.35','1501281','limit','C000000770','APPS','sell');
insert into stocks values('CGNT','C000000609');
insert into transaction ("volume","time","price","seller","buyer","stock") values('0','1975-11-7 08:00:00','46.35','admin','admin','CGNT');
insert into orders ("time","price","volume","type","trader","stock","cat") values('2014-11-7 08:00:00','46.35','1697777','limit','C000000609','CGNT','sell');
insert into stocks values('PME','C000001992');
insert into transaction ("volume","time","price","seller","buyer","stock") values('0','1975-11-7 08:00:00','110.78','admin','admin','PME');
insert into orders ("time","price","volume","type","trader","stock","cat") values('2014-11-7 08:00:00','110.78','1199362','limit','C000001992','PME','sell');
insert into stocks values('DHRM','C000000743');
insert into transaction ("volume","time","price","seller","buyer","stock") values('0','1975-11-7 08:00:00','465.49','admin','admin','DHRM');
insert into orders ("time","price","volume","type","trader","stock","cat") values('2014-11-7 08:00:00','465.49','1259412','limit','C000000743','DHRM','sell');
insert into stocks values('QCCO','C000002090');
insert into transaction ("volume","time","price","seller","buyer","stock") values('0','1975-11-7 08:00:00','276.21','admin','admin','QCCO');
insert into orders ("time","price","volume","type","trader","stock","cat") values('2014-11-7 08:00:00','276.21','1190252','limit','C000002090','QCCO','sell');
insert into stocks values('PBIB','C000002012');
insert into transaction ("volume","time","price","seller","buyer","stock") values('0','1975-11-7 08:00:00','398.51','admin','admin','PBIB');
insert into orders ("time","price","volume","type","trader","stock","cat") values('2014-11-7 08:00:00','398.51','1284357','limit','C000002012','PBIB','sell');
insert into stocks values('NCTY','C000002527');
insert into transaction ("volume","time","price","seller","buyer","stock") values('0','1975-11-7 08:00:00','76.5','admin','admin','NCTY');
insert into orders ("time","price","volume","type","trader","stock","cat") values('2014-11-7 08:00:00','76.5','1239091','limit','C000002527','NCTY','sell');
insert into stocks values('LRAD','C000001568');
insert into transaction ("volume","time","price","seller","buyer","stock") values('0','1975-11-7 08:00:00','66.76','admin','admin','LRAD');
insert into orders ("time","price","volume","type","trader","stock","cat") values('2014-11-7 08:00:00','66.76','1103249','limit','C000001568','LRAD','sell');
insert into stocks values('AGFSW','C000000080');
insert into transaction ("volume","time","price","seller","buyer","stock") values('0','1975-11-7 08:00:00','383.23','admin','admin','AGFSW');
insert into orders ("time","price","volume","type","trader","stock","cat") values('2014-11-7 08:00:00','383.23','1941926','limit','C000000080','AGFSW','sell');
insert into stocks values('ACPW','C000000045');
insert into transaction ("volume","time","price","seller","buyer","stock") values('0','1975-11-7 08:00:00','241.93','admin','admin','ACPW');
insert into orders ("time","price","volume","type","trader","stock","cat") values('2014-11-7 08:00:00','241.93','1946987','limit','C000000045','ACPW','sell');
insert into stocks values('SYNC','C000002436');
insert into transaction ("volume","time","price","seller","buyer","stock") values('0','1975-11-7 08:00:00','122.89','admin','admin','SYNC');
insert into orders ("time","price","volume","type","trader","stock","cat") values('2014-11-7 08:00:00','122.89','1079295','limit','C000002436','SYNC','sell');
insert into stocks values('SBLK','C000002372');
insert into transaction ("volume","time","price","seller","buyer","stock") values('0','1975-11-7 08:00:00','333.46','admin','admin','SBLK');
insert into orders ("time","price","volume","type","trader","stock","cat") values('2014-11-7 08:00:00','333.46','1495700','limit','C000002372','SBLK','sell');
insert into stocks values('FORD','C000001067');
insert into transaction ("volume","time","price","seller","buyer","stock") values('0','1975-11-7 08:00:00','174.41','admin','admin','FORD');
insert into orders ("time","price","volume","type","trader","stock","cat") values('2014-11-7 08:00:00','174.41','1195011','limit','C000001067','FORD','sell');
insert into stocks values('ONTX','C000001869');
insert into transaction ("volume","time","price","seller","buyer","stock") values('0','1975-11-7 08:00:00','253.65','admin','admin','ONTX');
insert into orders ("time","price","volume","type","trader","stock","cat") values('2014-11-7 08:00:00','253.65','1487326','limit','C000001869','ONTX','sell');
insert into stocks values('CFRXW','C000000659');
insert into transaction ("volume","time","price","seller","buyer","stock") values('0','1975-11-7 08:00:00','105.62','admin','admin','CFRXW');
insert into orders ("time","price","volume","type","trader","stock","cat") values('2014-11-7 08:00:00','105.62','1286297','limit','C000000659','CFRXW','sell');
insert into stocks values('LPTH','C000001536');
insert into transaction ("volume","time","price","seller","buyer","stock") values('0','1975-11-7 08:00:00','226.88','admin','admin','LPTH');
insert into orders ("time","price","volume","type","trader","stock","cat") values('2014-11-7 08:00:00','226.88','1345514','limit','C000001536','LPTH','sell');
insert into stocks values('BASI','C000000332');
insert into transaction ("volume","time","price","seller","buyer","stock") values('0','1975-11-7 08:00:00','115.6','admin','admin','BASI');
insert into orders ("time","price","volume","type","trader","stock","cat") values('2014-11-7 08:00:00','115.6','1827089','limit','C000000332','BASI','sell');
insert into stocks values('AXAS','C000000025');
insert into transaction ("volume","time","price","seller","buyer","stock") values('0','1975-11-7 08:00:00','419.32','admin','admin','AXAS');
insert into orders ("time","price","volume","type","trader","stock","cat") values('2014-11-7 08:00:00','419.32','1267624','limit','C000000025','AXAS','sell');
insert into stocks values('SMTX','C000002320');
insert into transaction ("volume","time","price","seller","buyer","stock") values('0','1975-11-7 08:00:00','393.26','admin','admin','SMTX');
insert into orders ("time","price","volume","type","trader","stock","cat") values('2014-11-7 08:00:00','393.26','1538637','limit','C000002320','SMTX','sell');
insert into stocks values('WPCS','C000002817');
insert into transaction ("volume","time","price","seller","buyer","stock") values('0','1975-11-7 08:00:00','278.54','admin','admin','WPCS');
insert into orders ("time","price","volume","type","trader","stock","cat") values('2014-11-7 08:00:00','278.54','1113573','limit','C000002817','WPCS','sell');
insert into stocks values('MOKO','C000001699');
insert into transaction ("volume","time","price","seller","buyer","stock") values('0','1975-11-7 08:00:00','53.36','admin','admin','MOKO');
insert into orders ("time","price","volume","type","trader","stock","cat") values('2014-11-7 08:00:00','53.36','1000377','limit','C000001699','MOKO','sell');
insert into stocks values('LINC','C000001541');
insert into transaction ("volume","time","price","seller","buyer","stock") values('0','1975-11-7 08:00:00','387.81','admin','admin','LINC');
insert into orders ("time","price","volume","type","trader","stock","cat") values('2014-11-7 08:00:00','387.81','1862049','limit','C000001541','LINC','sell');
insert into stocks values('FLL','C000001089');
insert into transaction ("volume","time","price","seller","buyer","stock") values('0','1975-11-7 08:00:00','430.46','admin','admin','FLL');
insert into orders ("time","price","volume","type","trader","stock","cat") values('2014-11-7 08:00:00','430.46','1213620','limit','C000001089','FLL','sell');
insert into stocks values('BLRX','C000000341');
insert into transaction ("volume","time","price","seller","buyer","stock") values('0','1975-11-7 08:00:00','173.38','admin','admin','BLRX');
insert into orders ("time","price","volume","type","trader","stock","cat") values('2014-11-7 08:00:00','173.38','1146867','limit','C000000341','BLRX','sell');
insert into stocks values('TST','C000002530');
insert into transaction ("volume","time","price","seller","buyer","stock") values('0','1975-11-7 08:00:00','128.51','admin','admin','TST');
insert into orders ("time","price","volume","type","trader","stock","cat") values('2014-11-7 08:00:00','128.51','1147717','limit','C000002530','TST','sell');
insert into stocks values('WSTL','C000002771');
insert into transaction ("volume","time","price","seller","buyer","stock") values('0','1975-11-7 08:00:00','242.69','admin','admin','WSTL');
insert into orders ("time","price","volume","type","trader","stock","cat") values('2014-11-7 08:00:00','242.69','1473208','limit','C000002771','WSTL','sell');
insert into stocks values('CLNT','C000000589');
insert into transaction ("volume","time","price","seller","buyer","stock") values('0','1975-11-7 08:00:00','175.26','admin','admin','CLNT');
insert into orders ("time","price","volume","type","trader","stock","cat") values('2014-11-7 08:00:00','175.26','1173612','limit','C000000589','CLNT','sell');
insert into stocks values('MOSY','C000001714');
insert into transaction ("volume","time","price","seller","buyer","stock") values('0','1975-11-7 08:00:00','425.88','admin','admin','MOSY');
insert into orders ("time","price","volume","type","trader","stock","cat") values('2014-11-7 08:00:00','425.88','1279653','limit','C000001714','MOSY','sell');
insert into stocks values('BPTH','C000000344');
insert into transaction ("volume","time","price","seller","buyer","stock") values('0','1975-11-7 08:00:00','84.39','admin','admin','BPTH');
insert into orders ("time","price","volume","type","trader","stock","cat") values('2014-11-7 08:00:00','84.39','1936983','limit','C000000344','BPTH','sell');
insert into stocks values('PRZM','C000002056');
insert into transaction ("volume","time","price","seller","buyer","stock") values('0','1975-11-7 08:00:00','470.29','admin','admin','PRZM');
insert into orders ("time","price","volume","type","trader","stock","cat") values('2014-11-7 08:00:00','470.29','1107884','limit','C000002056','PRZM','sell');
insert into stocks values('GROW','C000002594');
insert into transaction ("volume","time","price","seller","buyer","stock") values('0','1975-11-7 08:00:00','147.81','admin','admin','GROW');
insert into orders ("time","price","volume","type","trader","stock","cat") values('2014-11-7 08:00:00','147.81','1632210','limit','C000002594','GROW','sell');
insert into stocks values('IKGH','C000001288');
insert into transaction ("volume","time","price","seller","buyer","stock") values('0','1975-11-7 08:00:00','311.26','admin','admin','IKGH');
insert into orders ("time","price","volume","type","trader","stock","cat") values('2014-11-7 08:00:00','311.26','1103219','limit','C000001288','IKGH','sell');
insert into stocks values('CFBK','C000000508');
insert into transaction ("volume","time","price","seller","buyer","stock") values('0','1975-11-7 08:00:00','89.82','admin','admin','CFBK');
insert into orders ("time","price","volume","type","trader","stock","cat") values('2014-11-7 08:00:00','89.82','1895068','limit','C000000508','CFBK','sell');
insert into stocks values('CTIC','C000000702');
insert into transaction ("volume","time","price","seller","buyer","stock") values('0','1975-11-7 08:00:00','57.61','admin','admin','CTIC');
insert into orders ("time","price","volume","type","trader","stock","cat") values('2014-11-7 08:00:00','57.61','1485682','limit','C000000702','CTIC','sell');
insert into stocks values('SGRP','C000002350');
insert into transaction ("volume","time","price","seller","buyer","stock") values('0','1975-11-7 08:00:00','386.71','admin','admin','SGRP');
insert into orders ("time","price","volume","type","trader","stock","cat") values('2014-11-7 08:00:00','386.71','1826853','limit','C000002350','SGRP','sell');
insert into stocks values('PRPH','C000002065');
insert into transaction ("volume","time","price","seller","buyer","stock") values('0','1975-11-7 08:00:00','165.73','admin','admin','PRPH');
insert into orders ("time","price","volume","type","trader","stock","cat") values('2014-11-7 08:00:00','165.73','1098601','limit','C000002065','PRPH','sell');
insert into stocks values('DSWL','C000000756');
insert into transaction ("volume","time","price","seller","buyer","stock") values('0','1975-11-7 08:00:00','282.41','admin','admin','DSWL');
insert into orders ("time","price","volume","type","trader","stock","cat") values('2014-11-7 08:00:00','282.41','1308097','limit','C000000756','DSWL','sell');
insert into stocks values('CRDS','C000000693');
insert into transaction ("volume","time","price","seller","buyer","stock") values('0','1975-11-7 08:00:00','58.83','admin','admin','CRDS');
insert into orders ("time","price","volume","type","trader","stock","cat") values('2014-11-7 08:00:00','58.83','1756433','limit','C000000693','CRDS','sell');
insert into stocks values('BYFC','C000000400');
insert into transaction ("volume","time","price","seller","buyer","stock") values('0','1975-11-7 08:00:00','236.14','admin','admin','BYFC');
insert into orders ("time","price","volume","type","trader","stock","cat") values('2014-11-7 08:00:00','236.14','1287126','limit','C000000400','BYFC','sell');
insert into stocks values('QUIK','C000002105');
insert into transaction ("volume","time","price","seller","buyer","stock") values('0','1975-11-7 08:00:00','403.75','admin','admin','QUIK');
insert into orders ("time","price","volume","type","trader","stock","cat") values('2014-11-7 08:00:00','403.75','1817565','limit','C000002105','QUIK','sell');
insert into stocks values('PDII','C000001953');
insert into transaction ("volume","time","price","seller","buyer","stock") values('0','1975-11-7 08:00:00','381.5','admin','admin','PDII');
insert into orders ("time","price","volume","type","trader","stock","cat") values('2014-11-7 08:00:00','381.5','1248041','limit','C000001953','PDII','sell');
insert into stocks values('IMNP','C000001312');
insert into transaction ("volume","time","price","seller","buyer","stock") values('0','1975-11-7 08:00:00','321.12','admin','admin','IMNP');
insert into orders ("time","price","volume","type","trader","stock","cat") values('2014-11-7 08:00:00','321.12','1161094','limit','C000001312','IMNP','sell');
insert into stocks values('FNJN','C000000948');
insert into transaction ("volume","time","price","seller","buyer","stock") values('0','1975-11-7 08:00:00','150.56','admin','admin','FNJN');
insert into orders ("time","price","volume","type","trader","stock","cat") values('2014-11-7 08:00:00','150.56','1306655','limit','C000000948','FNJN','sell');
insert into stocks values('CRNT','C000000516');
insert into transaction ("volume","time","price","seller","buyer","stock") values('0','1975-11-7 08:00:00','161.8','admin','admin','CRNT');
insert into orders ("time","price","volume","type","trader","stock","cat") values('2014-11-7 08:00:00','161.8','1651557','limit','C000000516','CRNT','sell');
insert into stocks values('ATRS','C000000182');
insert into transaction ("volume","time","price","seller","buyer","stock") values('0','1975-11-7 08:00:00','28.7','admin','admin','ATRS');
insert into orders ("time","price","volume","type","trader","stock","cat") values('2014-11-7 08:00:00','28.7','1066484','limit','C000000182','ATRS','sell');
insert into stocks values('BLIN','C000000394');
insert into transaction ("volume","time","price","seller","buyer","stock") values('0','1975-11-7 08:00:00','153.95','admin','admin','BLIN');
insert into orders ("time","price","volume","type","trader","stock","cat") values('2014-11-7 08:00:00','153.95','1879317','limit','C000000394','BLIN','sell');
insert into stocks values('APRI','C000000199');
insert into transaction ("volume","time","price","seller","buyer","stock") values('0','1975-11-7 08:00:00','129.85','admin','admin','APRI');
insert into orders ("time","price","volume","type","trader","stock","cat") values('2014-11-7 08:00:00','129.85','1501930','limit','C000000199','APRI','sell');
insert into stocks values('CLBS','C000000422');
insert into transaction ("volume","time","price","seller","buyer","stock") values('0','1975-11-7 08:00:00','191.67','admin','admin','CLBS');
insert into orders ("time","price","volume","type","trader","stock","cat") values('2014-11-7 08:00:00','191.67','1116397','limit','C000000422','CLBS','sell');
insert into stocks values('CTHR','C000000527');
insert into transaction ("volume","time","price","seller","buyer","stock") values('0','1975-11-7 08:00:00','128.33','admin','admin','CTHR');
insert into orders ("time","price","volume","type","trader","stock","cat") values('2014-11-7 08:00:00','128.33','1872350','limit','C000000527','CTHR','sell');
insert into stocks values('HOTR','C000000526');
insert into transaction ("volume","time","price","seller","buyer","stock") values('0','1975-11-7 08:00:00','422.25','admin','admin','HOTR');
insert into orders ("time","price","volume","type","trader","stock","cat") values('2014-11-7 08:00:00','422.25','1101471','limit','C000000526','HOTR','sell');
insert into stocks values('ZHNE','C000002853');
insert into transaction ("volume","time","price","seller","buyer","stock") values('0','1975-11-7 08:00:00','118.99','admin','admin','ZHNE');
insert into orders ("time","price","volume","type","trader","stock","cat") values('2014-11-7 08:00:00','118.99','1138033','limit','C000002853','ZHNE','sell');
insert into stocks values('MSLI','C000001658');
insert into transaction ("volume","time","price","seller","buyer","stock") values('0','1975-11-7 08:00:00','180.17','admin','admin','MSLI');
insert into orders ("time","price","volume","type","trader","stock","cat") values('2014-11-7 08:00:00','180.17','1803288','limit','C000001658','MSLI','sell');
insert into stocks values('CSUN','C000000559');
insert into transaction ("volume","time","price","seller","buyer","stock") values('0','1975-11-7 08:00:00','387.97','admin','admin','CSUN');
insert into orders ("time","price","volume","type","trader","stock","cat") values('2014-11-7 08:00:00','387.97','1530100','limit','C000000559','CSUN','sell');
insert into stocks values('GNOW','C000000145');
insert into transaction ("volume","time","price","seller","buyer","stock") values('0','1975-11-7 08:00:00','57.4','admin','admin','GNOW');
insert into orders ("time","price","volume","type","trader","stock","cat") values('2014-11-7 08:00:00','57.4','1445749','limit','C000000145','GNOW','sell');
insert into stocks values('SKBI','C000002312');
insert into transaction ("volume","time","price","seller","buyer","stock") values('0','1975-11-7 08:00:00','10.83','admin','admin','SKBI');
insert into orders ("time","price","volume","type","trader","stock","cat") values('2014-11-7 08:00:00','10.83','1043702','limit','C000002312','SKBI','sell');
insert into stocks values('RBCN','C000002205');
insert into transaction ("volume","time","price","seller","buyer","stock") values('0','1975-11-7 08:00:00','75.38','admin','admin','RBCN');
insert into orders ("time","price","volume","type","trader","stock","cat") values('2014-11-7 08:00:00','75.38','1846035','limit','C000002205','RBCN','sell');
insert into stocks values('ELTK','C000000844');
insert into transaction ("volume","time","price","seller","buyer","stock") values('0','1975-11-7 08:00:00','29.84','admin','admin','ELTK');
insert into orders ("time","price","volume","type","trader","stock","cat") values('2014-11-7 08:00:00','29.84','1036271','limit','C000000844','ELTK','sell');
insert into stocks values('COOL','C000001590');
insert into transaction ("volume","time","price","seller","buyer","stock") values('0','1975-11-7 08:00:00','171.48','admin','admin','COOL');
insert into orders ("time","price","volume","type","trader","stock","cat") values('2014-11-7 08:00:00','171.48','1446514','limit','C000001590','COOL','sell');
insert into stocks values('CELGZ','C000000496');
insert into transaction ("volume","time","price","seller","buyer","stock") values('0','1975-11-7 08:00:00','387.09','admin','admin','CELGZ');
insert into orders ("time","price","volume","type","trader","stock","cat") values('2014-11-7 08:00:00','387.09','1412201','limit','C000000496','CELGZ','sell');
insert into stocks values('SIFY','C000002283');
insert into transaction ("volume","time","price","seller","buyer","stock") values('0','1975-11-7 08:00:00','32.65','admin','admin','SIFY');
insert into orders ("time","price","volume","type","trader","stock","cat") values('2014-11-7 08:00:00','32.65','1363566','limit','C000002283','SIFY','sell');
insert into stocks values('LTRX','C000001509');
insert into transaction ("volume","time","price","seller","buyer","stock") values('0','1975-11-7 08:00:00','279.9','admin','admin','LTRX');
insert into orders ("time","price","volume","type","trader","stock","cat") values('2014-11-7 08:00:00','279.9','1238394','limit','C000001509','LTRX','sell');
insert into stocks values('AVEO','C000000278');
insert into transaction ("volume","time","price","seller","buyer","stock") values('0','1975-11-7 08:00:00','486.33','admin','admin','AVEO');
insert into orders ("time","price","volume","type","trader","stock","cat") values('2014-11-7 08:00:00','486.33','1591703','limit','C000000278','AVEO','sell');
insert into stocks values('AHPI','C000000111');
insert into transaction ("volume","time","price","seller","buyer","stock") values('0','1975-11-7 08:00:00','460.02','admin','admin','AHPI');
insert into orders ("time","price","volume","type","trader","stock","cat") values('2014-11-7 08:00:00','460.02','1676662','limit','C000000111','AHPI','sell');
insert into stocks values('CDOR','C000000647');
insert into transaction ("volume","time","price","seller","buyer","stock") values('0','1975-11-7 08:00:00','169.97','admin','admin','CDOR');
insert into orders ("time","price","volume","type","trader","stock","cat") values('2014-11-7 08:00:00','169.97','1611954','limit','C000000647','CDOR','sell');
insert into stocks values('CASM','C000000476');
insert into transaction ("volume","time","price","seller","buyer","stock") values('0','1975-11-7 08:00:00','380.26','admin','admin','CASM');
insert into orders ("time","price","volume","type","trader","stock","cat") values('2014-11-7 08:00:00','380.26','1458265','limit','C000000476','CASM','sell');
insert into stocks values('SPRT','C000002425');
insert into transaction ("volume","time","price","seller","buyer","stock") values('0','1975-11-7 08:00:00','436.26','admin','admin','SPRT');
insert into orders ("time","price","volume","type","trader","stock","cat") values('2014-11-7 08:00:00','436.26','1489669','limit','C000002425','SPRT','sell');
insert into stocks values('OCLS','C000001847');
insert into transaction ("volume","time","price","seller","buyer","stock") values('0','1975-11-7 08:00:00','276.11','admin','admin','OCLS');
insert into orders ("time","price","volume","type","trader","stock","cat") values('2014-11-7 08:00:00','276.11','1522740','limit','C000001847','OCLS','sell');
insert into stocks values('DCIX','C000000764');
insert into transaction ("volume","time","price","seller","buyer","stock") values('0','1975-11-7 08:00:00','269.25','admin','admin','DCIX');
insert into orders ("time","price","volume","type","trader","stock","cat") values('2014-11-7 08:00:00','269.25','1864791','limit','C000000764','DCIX','sell');
insert into stocks values('ENG','C000000863');
insert into transaction ("volume","time","price","seller","buyer","stock") values('0','1975-11-7 08:00:00','172.0','admin','admin','ENG');
insert into orders ("time","price","volume","type","trader","stock","cat") values('2014-11-7 08:00:00','172.0','1473560','limit','C000000863','ENG','sell');
insert into stocks values('CHEKW','C000000532');
insert into transaction ("volume","time","price","seller","buyer","stock") values('0','1975-11-7 08:00:00','354.54','admin','admin','CHEKW');
insert into orders ("time","price","volume","type","trader","stock","cat") values('2014-11-7 08:00:00','354.54','1526515','limit','C000000532','CHEKW','sell');
insert into stocks values('CASI','C000000481');
insert into transaction ("volume","time","price","seller","buyer","stock") values('0','1975-11-7 08:00:00','314.65','admin','admin','CASI');
insert into orders ("time","price","volume","type","trader","stock","cat") values('2014-11-7 08:00:00','314.65','1123164','limit','C000000481','CASI','sell');
insert into stocks values('WILN','C000002780');
insert into transaction ("volume","time","price","seller","buyer","stock") values('0','1975-11-7 08:00:00','164.16','admin','admin','WILN');
insert into orders ("time","price","volume","type","trader","stock","cat") values('2014-11-7 08:00:00','164.16','1263811','limit','C000002780','WILN','sell');
insert into stocks values('QTWW','C000002103');
insert into transaction ("volume","time","price","seller","buyer","stock") values('0','1975-11-7 08:00:00','252.64','admin','admin','QTWW');
insert into orders ("time","price","volume","type","trader","stock","cat") values('2014-11-7 08:00:00','252.64','1906700','limit','C000002103','QTWW','sell');
insert into stocks values('LUNA','C000001574');
insert into transaction ("volume","time","price","seller","buyer","stock") values('0','1975-11-7 08:00:00','203.19','admin','admin','LUNA');
insert into orders ("time","price","volume","type","trader","stock","cat") values('2014-11-7 08:00:00','203.19','1149620','limit','C000001574','LUNA','sell');
insert into stocks values('OHGI','C000001872');
insert into transaction ("volume","time","price","seller","buyer","stock") values('0','1975-11-7 08:00:00','176.2','admin','admin','OHGI');
insert into orders ("time","price","volume","type","trader","stock","cat") values('2014-11-7 08:00:00','176.2','1741547','limit','C000001872','OHGI','sell');
insert into stocks values('CUR','C000001777');
insert into transaction ("volume","time","price","seller","buyer","stock") values('0','1975-11-7 08:00:00','202.94','admin','admin','CUR');
insert into orders ("time","price","volume","type","trader","stock","cat") values('2014-11-7 08:00:00','202.94','1890704','limit','C000001777','CUR','sell');
insert into stocks values('MNGA','C000001586');
insert into transaction ("volume","time","price","seller","buyer","stock") values('0','1975-11-7 08:00:00','21.19','admin','admin','MNGA');
insert into orders ("time","price","volume","type","trader","stock","cat") values('2014-11-7 08:00:00','21.19','1056274','limit','C000001586','MNGA','sell');
insert into stocks values('MCUR','C000001579');
insert into transaction ("volume","time","price","seller","buyer","stock") values('0','1975-11-7 08:00:00','178.8','admin','admin','MCUR');
insert into orders ("time","price","volume","type","trader","stock","cat") values('2014-11-7 08:00:00','178.8','1102710','limit','C000001579','MCUR','sell');
insert into stocks values('SIEB','C000002279');
insert into transaction ("volume","time","price","seller","buyer","stock") values('0','1975-11-7 08:00:00','473.16','admin','admin','SIEB');
insert into orders ("time","price","volume","type","trader","stock","cat") values('2014-11-7 08:00:00','473.16','1459105','limit','C000002279','SIEB','sell');
insert into stocks values('GIGA','C000001124');
insert into transaction ("volume","time","price","seller","buyer","stock") values('0','1975-11-7 08:00:00','240.44','admin','admin','GIGA');
insert into orders ("time","price","volume","type","trader","stock","cat") values('2014-11-7 08:00:00','240.44','1590801','limit','C000001124','GIGA','sell');
insert into stocks values('DRAM','C000000737');
insert into transaction ("volume","time","price","seller","buyer","stock") values('0','1975-11-7 08:00:00','166.98','admin','admin','DRAM');
insert into orders ("time","price","volume","type","trader","stock","cat") values('2014-11-7 08:00:00','166.98','1806040','limit','C000000737','DRAM','sell');
insert into stocks values('PBMD','C000002052');
insert into transaction ("volume","time","price","seller","buyer","stock") values('0','1975-11-7 08:00:00','281.78','admin','admin','PBMD');
insert into orders ("time","price","volume","type","trader","stock","cat") values('2014-11-7 08:00:00','281.78','1920339','limit','C000002052','PBMD','sell');
insert into stocks values('QBAK','C000002101');
insert into transaction ("volume","time","price","seller","buyer","stock") values('0','1975-11-7 08:00:00','63.41','admin','admin','QBAK');
insert into orders ("time","price","volume","type","trader","stock","cat") values('2014-11-7 08:00:00','63.41','1046904','limit','C000002101','QBAK','sell');
insert into stocks values('PRXI','C000002046');
insert into transaction ("volume","time","price","seller","buyer","stock") values('0','1975-11-7 08:00:00','411.37','admin','admin','PRXI');
insert into orders ("time","price","volume","type","trader","stock","cat") values('2014-11-7 08:00:00','411.37','1653566','limit','C000002046','PRXI','sell');
insert into stocks values('EMITF','C000000830');
insert into transaction ("volume","time","price","seller","buyer","stock") values('0','1975-11-7 08:00:00','36.53','admin','admin','EMITF');
insert into orders ("time","price","volume","type","trader","stock","cat") values('2014-11-7 08:00:00','36.53','1428236','limit','C000000830','EMITF','sell');
insert into stocks values('AXPW','C000000285');
insert into transaction ("volume","time","price","seller","buyer","stock") values('0','1975-11-7 08:00:00','368.62','admin','admin','AXPW');
insert into orders ("time","price","volume","type","trader","stock","cat") values('2014-11-7 08:00:00','368.62','1187111','limit','C000000285','AXPW','sell');
insert into stocks values('PFIE','C000002060');
insert into transaction ("volume","time","price","seller","buyer","stock") values('0','1975-11-7 08:00:00','449.07','admin','admin','PFIE');
insert into orders ("time","price","volume","type","trader","stock","cat") values('2014-11-7 08:00:00','449.07','1763703','limit','C000002060','PFIE','sell');
insert into stocks values('PPHM','C000001971');
insert into transaction ("volume","time","price","seller","buyer","stock") values('0','1975-11-7 08:00:00','218.6','admin','admin','PPHM');
insert into orders ("time","price","volume","type","trader","stock","cat") values('2014-11-7 08:00:00','218.6','1729265','limit','C000001971','PPHM','sell');
insert into stocks values('FXEN','C000001093');
insert into transaction ("volume","time","price","seller","buyer","stock") values('0','1975-11-7 08:00:00','17.32','admin','admin','FXEN');
insert into orders ("time","price","volume","type","trader","stock","cat") values('2014-11-7 08:00:00','17.32','1600617','limit','C000001093','FXEN','sell');
insert into stocks values('CLDN','C000000497');
insert into transaction ("volume","time","price","seller","buyer","stock") values('0','1975-11-7 08:00:00','90.28','admin','admin','CLDN');
insert into orders ("time","price","volume","type","trader","stock","cat") values('2014-11-7 08:00:00','90.28','1677085','limit','C000000497','CLDN','sell');
insert into stocks values('SYPR','C000002447');
insert into transaction ("volume","time","price","seller","buyer","stock") values('0','1975-11-7 08:00:00','201.22','admin','admin','SYPR');
insert into orders ("time","price","volume","type","trader","stock","cat") values('2014-11-7 08:00:00','201.22','1544459','limit','C000002447','SYPR','sell');
insert into stocks values('RGSE','C000002133');
insert into transaction ("volume","time","price","seller","buyer","stock") values('0','1975-11-7 08:00:00','28.95','admin','admin','RGSE');
insert into orders ("time","price","volume","type","trader","stock","cat") values('2014-11-7 08:00:00','28.95','1310168','limit','C000002133','RGSE','sell');
insert into stocks values('RLOC','C000002131');
insert into transaction ("volume","time","price","seller","buyer","stock") values('0','1975-11-7 08:00:00','108.48','admin','admin','RLOC');
insert into orders ("time","price","volume","type","trader","stock","cat") values('2014-11-7 08:00:00','108.48','1553221','limit','C000002131','RLOC','sell');
insert into stocks values('BEBE','C000000320');
insert into transaction ("volume","time","price","seller","buyer","stock") values('0','1975-11-7 08:00:00','384.78','admin','admin','BEBE');
insert into orders ("time","price","volume","type","trader","stock","cat") values('2014-11-7 08:00:00','384.78','1227594','limit','C000000320','BEBE','sell');
insert into stocks values('ATHX','C000000252');
insert into transaction ("volume","time","price","seller","buyer","stock") values('0','1975-11-7 08:00:00','461.73','admin','admin','ATHX');
insert into orders ("time","price","volume","type","trader","stock","cat") values('2014-11-7 08:00:00','461.73','1772512','limit','C000000252','ATHX','sell');
insert into stocks values('ALXA','C000000100');
insert into transaction ("volume","time","price","seller","buyer","stock") values('0','1975-11-7 08:00:00','401.88','admin','admin','ALXA');
insert into orders ("time","price","volume","type","trader","stock","cat") values('2014-11-7 08:00:00','401.88','1218106','limit','C000000100','ALXA','sell');
insert into stocks values('MELA','C000001641');
insert into transaction ("volume","time","price","seller","buyer","stock") values('0','1975-11-7 08:00:00','324.69','admin','admin','MELA');
insert into orders ("time","price","volume","type","trader","stock","cat") values('2014-11-7 08:00:00','324.69','1095586','limit','C000001641','MELA','sell');
insert into stocks values('GTXI','C000001184');
insert into transaction ("volume","time","price","seller","buyer","stock") values('0','1975-11-7 08:00:00','345.95','admin','admin','GTXI');
insert into orders ("time","price","volume","type","trader","stock","cat") values('2014-11-7 08:00:00','345.95','1553148','limit','C000001184','GTXI','sell');
insert into stocks values('FWM','C000000919');
insert into transaction ("volume","time","price","seller","buyer","stock") values('0','1975-11-7 08:00:00','265.06','admin','admin','FWM');
insert into orders ("time","price","volume","type","trader","stock","cat") values('2014-11-7 08:00:00','265.06','1972048','limit','C000000919','FWM','sell');
insert into stocks values('NEPT','C000001767');
insert into transaction ("volume","time","price","seller","buyer","stock") values('0','1975-11-7 08:00:00','356.39','admin','admin','NEPT');
insert into orders ("time","price","volume","type","trader","stock","cat") values('2014-11-7 08:00:00','356.39','1335869','limit','C000001767','NEPT','sell');
insert into stocks values('SWSH','C000002432');
insert into transaction ("volume","time","price","seller","buyer","stock") values('0','1975-11-7 08:00:00','272.26','admin','admin','SWSH');
insert into orders ("time","price","volume","type","trader","stock","cat") values('2014-11-7 08:00:00','272.26','1196165','limit','C000002432','SWSH','sell');
insert into stocks values('RCON','C000002141');
insert into transaction ("volume","time","price","seller","buyer","stock") values('0','1975-11-7 08:00:00','143.84','admin','admin','RCON');
insert into orders ("time","price","volume","type","trader","stock","cat") values('2014-11-7 08:00:00','143.84','1997395','limit','C000002141','RCON','sell');
insert into stocks values('ESMC','C000000886');
insert into transaction ("volume","time","price","seller","buyer","stock") values('0','1975-11-7 08:00:00','124.69','admin','admin','ESMC');
insert into orders ("time","price","volume","type","trader","stock","cat") values('2014-11-7 08:00:00','124.69','1050955','limit','C000000886','ESMC','sell');
insert into stocks values('AVNW','C000000279');
insert into transaction ("volume","time","price","seller","buyer","stock") values('0','1975-11-7 08:00:00','131.26','admin','admin','AVNW');
insert into orders ("time","price","volume","type","trader","stock","cat") values('2014-11-7 08:00:00','131.26','1822206','limit','C000000279','AVNW','sell');
insert into stocks values('MTSL','C000001648');
insert into transaction ("volume","time","price","seller","buyer","stock") values('0','1975-11-7 08:00:00','138.84','admin','admin','MTSL');
insert into orders ("time","price","volume","type","trader","stock","cat") values('2014-11-7 08:00:00','138.84','1412075','limit','C000001648','MTSL','sell');
insert into stocks values('EAGLW','C000000786');
insert into transaction ("volume","time","price","seller","buyer","stock") values('0','1975-11-7 08:00:00','132.16','admin','admin','EAGLW');
insert into orders ("time","price","volume","type","trader","stock","cat") values('2014-11-7 08:00:00','132.16','1232563','limit','C000000786','EAGLW','sell');
insert into stocks values('QKLS','C000002094');
insert into transaction ("volume","time","price","seller","buyer","stock") values('0','1975-11-7 08:00:00','165.04','admin','admin','QKLS');
insert into orders ("time","price","volume","type","trader","stock","cat") values('2014-11-7 08:00:00','165.04','1798642','limit','C000002094','QKLS','sell');
insert into stocks values('REDF','C000002145');
insert into transaction ("volume","time","price","seller","buyer","stock") values('0','1975-11-7 08:00:00','161.56','admin','admin','REDF');
insert into orders ("time","price","volume","type","trader","stock","cat") values('2014-11-7 08:00:00','161.56','1204083','limit','C000002145','REDF','sell');
insert into stocks values('LTBR','C000001535');
insert into transaction ("volume","time","price","seller","buyer","stock") values('0','1975-11-7 08:00:00','469.98','admin','admin','LTBR');
insert into orders ("time","price","volume","type","trader","stock","cat") values('2014-11-7 08:00:00','469.98','1221370','limit','C000001535','LTBR','sell');
insert into stocks values('CCCL','C000000548');
insert into transaction ("volume","time","price","seller","buyer","stock") values('0','1975-11-7 08:00:00','115.54','admin','admin','CCCL');
insert into orders ("time","price","volume","type","trader","stock","cat") values('2014-11-7 08:00:00','115.54','1990815','limit','C000000548','CCCL','sell');
insert into stocks values('SYMX','C000002445');
insert into transaction ("volume","time","price","seller","buyer","stock") values('0','1975-11-7 08:00:00','67.45','admin','admin','SYMX');
insert into orders ("time","price","volume","type","trader","stock","cat") values('2014-11-7 08:00:00','67.45','1507275','limit','C000002445','SYMX','sell');
insert into stocks values('IPAS','C000001384');
insert into transaction ("volume","time","price","seller","buyer","stock") values('0','1975-11-7 08:00:00','149.45','admin','admin','IPAS');
insert into orders ("time","price","volume","type","trader","stock","cat") values('2014-11-7 08:00:00','149.45','1501265','limit','C000001384','IPAS','sell');
insert into stocks values('CBMX','C000000623');
insert into transaction ("volume","time","price","seller","buyer","stock") values('0','1975-11-7 08:00:00','420.7','admin','admin','CBMX');
insert into orders ("time","price","volume","type","trader","stock","cat") values('2014-11-7 08:00:00','420.7','1611172','limit','C000000623','CBMX','sell');
insert into stocks values('UNXL','C000002610');
insert into transaction ("volume","time","price","seller","buyer","stock") values('0','1975-11-7 08:00:00','193.88','admin','admin','UNXL');
insert into orders ("time","price","volume","type","trader","stock","cat") values('2014-11-7 08:00:00','193.88','1185507','limit','C000002610','UNXL','sell');
insert into stocks values('TAIT','C000002451');
insert into transaction ("volume","time","price","seller","buyer","stock") values('0','1975-11-7 08:00:00','386.65','admin','admin','TAIT');
insert into orders ("time","price","volume","type","trader","stock","cat") values('2014-11-7 08:00:00','386.65','1534906','limit','C000002451','TAIT','sell');
insert into stocks values('RLJE','C000002187');
insert into transaction ("volume","time","price","seller","buyer","stock") values('0','1975-11-7 08:00:00','37.27','admin','admin','RLJE');
insert into orders ("time","price","volume","type","trader","stock","cat") values('2014-11-7 08:00:00','37.27','1408144','limit','C000002187','RLJE','sell');
insert into stocks values('CERE','C000000518');
insert into transaction ("volume","time","price","seller","buyer","stock") values('0','1975-11-7 08:00:00','120.63','admin','admin','CERE');
insert into orders ("time","price","volume","type","trader","stock","cat") values('2014-11-7 08:00:00','120.63','1562351','limit','C000000518','CERE','sell');
insert into stocks values('OXBRW','C000001903');
insert into transaction ("volume","time","price","seller","buyer","stock") values('0','1975-11-7 08:00:00','234.12','admin','admin','OXBRW');
insert into orders ("time","price","volume","type","trader","stock","cat") values('2014-11-7 08:00:00','234.12','1097557','limit','C000001903','OXBRW','sell');
insert into stocks values('RVLT','C000002173');
insert into transaction ("volume","time","price","seller","buyer","stock") values('0','1975-11-7 08:00:00','11.68','admin','admin','RVLT');
insert into orders ("time","price","volume","type","trader","stock","cat") values('2014-11-7 08:00:00','11.68','1262124','limit','C000002173','RVLT','sell');
insert into stocks values('THST','C000002576');
insert into transaction ("volume","time","price","seller","buyer","stock") values('0','1975-11-7 08:00:00','446.42','admin','admin','THST');
insert into orders ("time","price","volume","type","trader","stock","cat") values('2014-11-7 08:00:00','446.42','1183058','limit','C000002576','THST','sell');
insert into stocks values('TOR','C000002430');
insert into transaction ("volume","time","price","seller","buyer","stock") values('0','1975-11-7 08:00:00','182.21','admin','admin','TOR');
insert into orders ("time","price","volume","type","trader","stock","cat") values('2014-11-7 08:00:00','182.21','1579193','limit','C000002430','TOR','sell');
insert into stocks values('NFEC','C000001790');
insert into transaction ("volume","time","price","seller","buyer","stock") values('0','1975-11-7 08:00:00','100.22','admin','admin','NFEC');
insert into orders ("time","price","volume","type","trader","stock","cat") values('2014-11-7 08:00:00','100.22','1627865','limit','C000001790','NFEC','sell');
insert into stocks values('WMGIZ','C000002819');
insert into transaction ("volume","time","price","seller","buyer","stock") values('0','1975-11-7 08:00:00','470.93','admin','admin','WMGIZ');
insert into orders ("time","price","volume","type","trader","stock","cat") values('2014-11-7 08:00:00','470.93','1669370','limit','C000002819','WMGIZ','sell');
insert into stocks values('TBIO','C000002560');
insert into transaction ("volume","time","price","seller","buyer","stock") values('0','1975-11-7 08:00:00','456.84','admin','admin','TBIO');
insert into orders ("time","price","volume","type","trader","stock","cat") values('2014-11-7 08:00:00','456.84','1202302','limit','C000002560','TBIO','sell');
insert into stocks values('STXS','C000002388');
insert into transaction ("volume","time","price","seller","buyer","stock") values('0','1975-11-7 08:00:00','449.37','admin','admin','STXS');
insert into orders ("time","price","volume","type","trader","stock","cat") values('2014-11-7 08:00:00','449.37','1256938','limit','C000002388','STXS','sell');
insert into stocks values('ICLDW','C000001358');
insert into transaction ("volume","time","price","seller","buyer","stock") values('0','1975-11-7 08:00:00','10.9','admin','admin','ICLDW');
insert into orders ("time","price","volume","type","trader","stock","cat") values('2014-11-7 08:00:00','10.9','1044296','limit','C000001358','ICLDW','sell');
insert into stocks values('WGBS','C000002747');
insert into transaction ("volume","time","price","seller","buyer","stock") values('0','1975-11-7 08:00:00','327.18','admin','admin','WGBS');
insert into orders ("time","price","volume","type","trader","stock","cat") values('2014-11-7 08:00:00','327.18','1304021','limit','C000002747','WGBS','sell');
insert into stocks values('SFXE','C000002267');
insert into transaction ("volume","time","price","seller","buyer","stock") values('0','1975-11-7 08:00:00','182.4','admin','admin','SFXE');
insert into orders ("time","price","volume","type","trader","stock","cat") values('2014-11-7 08:00:00','182.4','1243927','limit','C000002267','SFXE','sell');
insert into stocks values('EYEGW','C000000912');
insert into transaction ("volume","time","price","seller","buyer","stock") values('0','1975-11-7 08:00:00','480.09','admin','admin','EYEGW');
insert into orders ("time","price","volume","type","trader","stock","cat") values('2014-11-7 08:00:00','480.09','1882107','limit','C000000912','EYEGW','sell');
insert into stocks values('OSN','C000001896');
insert into transaction ("volume","time","price","seller","buyer","stock") values('0','1975-11-7 08:00:00','253.34','admin','admin','OSN');
insert into orders ("time","price","volume","type","trader","stock","cat") values('2014-11-7 08:00:00','253.34','1420717','limit','C000001896','OSN','sell');
insert into stocks values('UNIS','C000002607');
insert into transaction ("volume","time","price","seller","buyer","stock") values('0','1975-11-7 08:00:00','18.74','admin','admin','UNIS');
insert into orders ("time","price","volume","type","trader","stock","cat") values('2014-11-7 08:00:00','18.74','1321383','limit','C000002607','UNIS','sell');
insert into stocks values('CNET','C000000564');
insert into transaction ("volume","time","price","seller","buyer","stock") values('0','1975-11-7 08:00:00','412.65','admin','admin','CNET');
insert into orders ("time","price","volume","type","trader","stock","cat") values('2014-11-7 08:00:00','412.65','1962155','limit','C000000564','CNET','sell');
insert into stocks values('SGNL','C000002287');
insert into transaction ("volume","time","price","seller","buyer","stock") values('0','1975-11-7 08:00:00','272.0','admin','admin','SGNL');
insert into orders ("time","price","volume","type","trader","stock","cat") values('2014-11-7 08:00:00','272.0','1839326','limit','C000002287','SGNL','sell');
insert into stocks values('FCEL','C000001086');
insert into transaction ("volume","time","price","seller","buyer","stock") values('0','1975-11-7 08:00:00','392.75','admin','admin','FCEL');
insert into orders ("time","price","volume","type","trader","stock","cat") values('2014-11-7 08:00:00','392.75','1793189','limit','C000001086','FCEL','sell');
insert into stocks values('CALI','C000000544');
insert into transaction ("volume","time","price","seller","buyer","stock") values('0','1975-11-7 08:00:00','346.54','admin','admin','CALI');
insert into orders ("time","price","volume","type","trader","stock","cat") values('2014-11-7 08:00:00','346.54','1270379','limit','C000000544','CALI','sell');
insert into stocks values('OXGN','C000001906');
insert into transaction ("volume","time","price","seller","buyer","stock") values('0','1975-11-7 08:00:00','404.16','admin','admin','OXGN');
insert into orders ("time","price","volume","type","trader","stock","cat") values('2014-11-7 08:00:00','404.16','1527851','limit','C000001906','OXGN','sell');
insert into stocks values('CNIT','C000000554');
insert into transaction ("volume","time","price","seller","buyer","stock") values('0','1975-11-7 08:00:00','50.59','admin','admin','CNIT');
insert into orders ("time","price","volume","type","trader","stock","cat") values('2014-11-7 08:00:00','50.59','1633163','limit','C000000554','CNIT','sell');
insert into stocks values('BVXVW','C000000343');
insert into transaction ("volume","time","price","seller","buyer","stock") values('0','1975-11-7 08:00:00','280.06','admin','admin','BVXVW');
insert into orders ("time","price","volume","type","trader","stock","cat") values('2014-11-7 08:00:00','280.06','1239891','limit','C000000343','BVXVW','sell');
insert into stocks values('SNSS','C000002413');
insert into transaction ("volume","time","price","seller","buyer","stock") values('0','1975-11-7 08:00:00','209.84','admin','admin','SNSS');
insert into orders ("time","price","volume","type","trader","stock","cat") values('2014-11-7 08:00:00','209.84','1477751','limit','C000002413','SNSS','sell');
insert into stocks values('RMGN','C000002188');
insert into transaction ("volume","time","price","seller","buyer","stock") values('0','1975-11-7 08:00:00','251.9','admin','admin','RMGN');
insert into orders ("time","price","volume","type","trader","stock","cat") values('2014-11-7 08:00:00','251.9','1444702','limit','C000002188','RMGN','sell');
insert into stocks values('EMMS','C000000848');
insert into transaction ("volume","time","price","seller","buyer","stock") values('0','1975-11-7 08:00:00','374.22','admin','admin','EMMS');
insert into orders ("time","price","volume","type","trader","stock","cat") values('2014-11-7 08:00:00','374.22','1899070','limit','C000000848','EMMS','sell');
insert into stocks values('TWER','C000002552');
insert into transaction ("volume","time","price","seller","buyer","stock") values('0','1975-11-7 08:00:00','452.42','admin','admin','TWER');
insert into orders ("time","price","volume","type","trader","stock","cat") values('2014-11-7 08:00:00','452.42','1829216','limit','C000002552','TWER','sell');
insert into stocks values('TOPS','C000002547');
insert into transaction ("volume","time","price","seller","buyer","stock") values('0','1975-11-7 08:00:00','205.71','admin','admin','TOPS');
insert into orders ("time","price","volume","type","trader","stock","cat") values('2014-11-7 08:00:00','205.71','1479924','limit','C000002547','TOPS','sell');
insert into stocks values('SINO','C000002301');
insert into transaction ("volume","time","price","seller","buyer","stock") values('0','1975-11-7 08:00:00','443.05','admin','admin','SINO');
insert into orders ("time","price","volume","type","trader","stock","cat") values('2014-11-7 08:00:00','443.05','1140470','limit','C000002301','SINO','sell');
insert into stocks values('PRAN','C000002043');
insert into transaction ("volume","time","price","seller","buyer","stock") values('0','1975-11-7 08:00:00','98.48','admin','admin','PRAN');
insert into orders ("time","price","volume","type","trader","stock","cat") values('2014-11-7 08:00:00','98.48','1248502','limit','C000002043','PRAN','sell');
insert into stocks values('DARA','C000000734');
insert into transaction ("volume","time","price","seller","buyer","stock") values('0','1975-11-7 08:00:00','308.17','admin','admin','DARA');
insert into orders ("time","price","volume","type","trader","stock","cat") values('2014-11-7 08:00:00','308.17','1857576','limit','C000000734','DARA','sell');
insert into stocks values('SYRX','C000002448');
insert into transaction ("volume","time","price","seller","buyer","stock") values('0','1975-11-7 08:00:00','65.75','admin','admin','SYRX');
insert into orders ("time","price","volume","type","trader","stock","cat") values('2014-11-7 08:00:00','65.75','1224356','limit','C000002448','SYRX','sell');
insert into stocks values('UPIP','C000002636');
insert into transaction ("volume","time","price","seller","buyer","stock") values('0','1975-11-7 08:00:00','378.25','admin','admin','UPIP');
insert into orders ("time","price","volume","type","trader","stock","cat") values('2014-11-7 08:00:00','378.25','1519232','limit','C000002636','UPIP','sell');
insert into stocks values('CHOP','C000000551');
insert into transaction ("volume","time","price","seller","buyer","stock") values('0','1975-11-7 08:00:00','152.14','admin','admin','CHOP');
insert into orders ("time","price","volume","type","trader","stock","cat") values('2014-11-7 08:00:00','152.14','1265065','limit','C000000551','CHOP','sell');
insert into stocks values('SPHS','C000002334');
insert into transaction ("volume","time","price","seller","buyer","stock") values('0','1975-11-7 08:00:00','495.35','admin','admin','SPHS');
insert into orders ("time","price","volume","type","trader","stock","cat") values('2014-11-7 08:00:00','495.35','1105845','limit','C000002334','SPHS','sell');
insert into stocks values('GLRI','C000001150');
insert into transaction ("volume","time","price","seller","buyer","stock") values('0','1975-11-7 08:00:00','123.77','admin','admin','GLRI');
insert into orders ("time","price","volume","type","trader","stock","cat") values('2014-11-7 08:00:00','123.77','1475803','limit','C000001150','GLRI','sell');
insert into stocks values('SMSI','C000002319');
insert into transaction ("volume","time","price","seller","buyer","stock") values('0','1975-11-7 08:00:00','438.49','admin','admin','SMSI');
insert into orders ("time","price","volume","type","trader","stock","cat") values('2014-11-7 08:00:00','438.49','1997468','limit','C000002319','SMSI','sell');
insert into stocks values('ARCI','C000000192');
insert into transaction ("volume","time","price","seller","buyer","stock") values('0','1975-11-7 08:00:00','181.53','admin','admin','ARCI');
insert into orders ("time","price","volume","type","trader","stock","cat") values('2014-11-7 08:00:00','181.53','1896234','limit','C000000192','ARCI','sell');
insert into stocks values('CNTF','C000000560');
insert into transaction ("volume","time","price","seller","buyer","stock") values('0','1975-11-7 08:00:00','331.93','admin','admin','CNTF');
insert into orders ("time","price","volume","type","trader","stock","cat") values('2014-11-7 08:00:00','331.93','1939508','limit','C000000560','CNTF','sell');
insert into stocks values('QRHC','C000002104');
insert into transaction ("volume","time","price","seller","buyer","stock") values('0','1975-11-7 08:00:00','128.29','admin','admin','QRHC');
insert into orders ("time","price","volume","type","trader","stock","cat") values('2014-11-7 08:00:00','128.29','1183595','limit','C000002104','QRHC','sell');
insert into stocks values('VGGL','C000002720');
insert into transaction ("volume","time","price","seller","buyer","stock") values('0','1975-11-7 08:00:00','220.8','admin','admin','VGGL');
insert into orders ("time","price","volume","type","trader","stock","cat") values('2014-11-7 08:00:00','220.8','1184293','limit','C000002720','VGGL','sell');
insert into stocks values('URRE','C000002638');
insert into transaction ("volume","time","price","seller","buyer","stock") values('0','1975-11-7 08:00:00','397.72','admin','admin','URRE');
insert into orders ("time","price","volume","type","trader","stock","cat") values('2014-11-7 08:00:00','397.72','1751077','limit','C000002638','URRE','sell');
insert into stocks values('ENZN','C000000873');
insert into transaction ("volume","time","price","seller","buyer","stock") values('0','1975-11-7 08:00:00','297.61','admin','admin','ENZN');
insert into orders ("time","price","volume","type","trader","stock","cat") values('2014-11-7 08:00:00','297.61','1299249','limit','C000000873','ENZN','sell');
insert into stocks values('CAPNW','C000000454');
insert into transaction ("volume","time","price","seller","buyer","stock") values('0','1975-11-7 08:00:00','32.99','admin','admin','CAPNW');
insert into orders ("time","price","volume","type","trader","stock","cat") values('2014-11-7 08:00:00','32.99','1944712','limit','C000000454','CAPNW','sell');
insert into stocks values('PCO','C000001958');
insert into transaction ("volume","time","price","seller","buyer","stock") values('0','1975-11-7 08:00:00','49.91','admin','admin','PCO');
insert into orders ("time","price","volume","type","trader","stock","cat") values('2014-11-7 08:00:00','49.91','1676904','limit','C000001958','PCO','sell');
insert into stocks values('OTIV','C000001866');
insert into transaction ("volume","time","price","seller","buyer","stock") values('0','1975-11-7 08:00:00','173.08','admin','admin','OTIV');
insert into orders ("time","price","volume","type","trader","stock","cat") values('2014-11-7 08:00:00','173.08','1778505','limit','C000001866','OTIV','sell');
insert into stocks values('RADA','C000002113');
insert into transaction ("volume","time","price","seller","buyer","stock") values('0','1975-11-7 08:00:00','99.12','admin','admin','RADA');
insert into orders ("time","price","volume","type","trader","stock","cat") values('2014-11-7 08:00:00','99.12','1568498','limit','C000002113','RADA','sell');
insert into stocks values('BIOL','C000000339');
insert into transaction ("volume","time","price","seller","buyer","stock") values('0','1975-11-7 08:00:00','158.82','admin','admin','BIOL');
insert into orders ("time","price","volume","type","trader","stock","cat") values('2014-11-7 08:00:00','158.82','1053838','limit','C000000339','BIOL','sell');
insert into stocks values('GALTW','C000001098');
insert into transaction ("volume","time","price","seller","buyer","stock") values('0','1975-11-7 08:00:00','376.98','admin','admin','GALTW');
insert into orders ("time","price","volume","type","trader","stock","cat") values('2014-11-7 08:00:00','376.98','1761345','limit','C000001098','GALTW','sell');
insert into stocks values('IPDN','C000002059');
insert into transaction ("volume","time","price","seller","buyer","stock") values('0','1975-11-7 08:00:00','300.88','admin','admin','IPDN');
insert into orders ("time","price","volume","type","trader","stock","cat") values('2014-11-7 08:00:00','300.88','1446345','limit','C000002059','IPDN','sell');
insert into stocks values('BSPM','C000000349');
insert into transaction ("volume","time","price","seller","buyer","stock") values('0','1975-11-7 08:00:00','331.4','admin','admin','BSPM');
insert into orders ("time","price","volume","type","trader","stock","cat") values('2014-11-7 08:00:00','331.4','1438409','limit','C000000349','BSPM','sell');
insert into stocks values('THTI','C000002533');
insert into transaction ("volume","time","price","seller","buyer","stock") values('0','1975-11-7 08:00:00','142.47','admin','admin','THTI');
insert into orders ("time","price","volume","type","trader","stock","cat") values('2014-11-7 08:00:00','142.47','1760816','limit','C000002533','THTI','sell');
insert into stocks values('SHIP','C000002243');
insert into transaction ("volume","time","price","seller","buyer","stock") values('0','1975-11-7 08:00:00','255.44','admin','admin','SHIP');
insert into orders ("time","price","volume","type","trader","stock","cat") values('2014-11-7 08:00:00','255.44','1229893','limit','C000002243','SHIP','sell');
insert into stocks values('RIBTW','C000002178');
insert into transaction ("volume","time","price","seller","buyer","stock") values('0','1975-11-7 08:00:00','436.82','admin','admin','RIBTW');
insert into orders ("time","price","volume","type","trader","stock","cat") values('2014-11-7 08:00:00','436.82','1328879','limit','C000002178','RIBTW','sell');
insert into stocks values('ATOS','C000000262');
insert into transaction ("volume","time","price","seller","buyer","stock") values('0','1975-11-7 08:00:00','201.83','admin','admin','ATOS');
insert into orders ("time","price","volume","type","trader","stock","cat") values('2014-11-7 08:00:00','201.83','1030979','limit','C000000262','ATOS','sell');
insert into stocks values('NURO','C000001780');
insert into transaction ("volume","time","price","seller","buyer","stock") values('0','1975-11-7 08:00:00','485.59','admin','admin','NURO');
insert into orders ("time","price","volume","type","trader","stock","cat") values('2014-11-7 08:00:00','485.59','1775618','limit','C000001780','NURO','sell');
insert into stocks values('RELV','C000002150');
insert into transaction ("volume","time","price","seller","buyer","stock") values('0','1975-11-7 08:00:00','404.04','admin','admin','RELV');
insert into orders ("time","price","volume","type","trader","stock","cat") values('2014-11-7 08:00:00','404.04','1675320','limit','C000002150','RELV','sell');
insert into stocks values('WLRHW','C000002811');
insert into transaction ("volume","time","price","seller","buyer","stock") values('0','1975-11-7 08:00:00','245.2','admin','admin','WLRHW');
insert into orders ("time","price","volume","type","trader","stock","cat") values('2014-11-7 08:00:00','245.2','1144038','limit','C000002811','WLRHW','sell');
insert into stocks values('BBLU','C000000370');
insert into transaction ("volume","time","price","seller","buyer","stock") values('0','1975-11-7 08:00:00','497.69','admin','admin','BBLU');
insert into orders ("time","price","volume","type","trader","stock","cat") values('2014-11-7 08:00:00','497.69','1247523','limit','C000000370','BBLU','sell');
insert into stocks values('SNTA','C000002443');
insert into transaction ("volume","time","price","seller","buyer","stock") values('0','1975-11-7 08:00:00','285.32','admin','admin','SNTA');
insert into orders ("time","price","volume","type","trader","stock","cat") values('2014-11-7 08:00:00','285.32','1060338','limit','C000002443','SNTA','sell');
insert into stocks values('XGTI','C000002831');
insert into transaction ("volume","time","price","seller","buyer","stock") values('0','1975-11-7 08:00:00','484.79','admin','admin','XGTI');
insert into orders ("time","price","volume","type","trader","stock","cat") values('2014-11-7 08:00:00','484.79','1704095','limit','C000002831','XGTI','sell');
insert into stocks values('ABAC','C000000184');
insert into transaction ("volume","time","price","seller","buyer","stock") values('0','1975-11-7 08:00:00','239.88','admin','admin','ABAC');
insert into orders ("time","price","volume","type","trader","stock","cat") values('2014-11-7 08:00:00','239.88','1706675','limit','C000000184','ABAC','sell');
insert into stocks values('CYRXW','C000000696');
insert into transaction ("volume","time","price","seller","buyer","stock") values('0','1975-11-7 08:00:00','94.77','admin','admin','CYRXW');
insert into orders ("time","price","volume","type","trader","stock","cat") values('2014-11-7 08:00:00','94.77','1454863','limit','C000000696','CYRXW','sell');
insert into stocks values('KUTV','C000001489');
insert into transaction ("volume","time","price","seller","buyer","stock") values('0','1975-11-7 08:00:00','400.22','admin','admin','KUTV');
insert into orders ("time","price","volume","type","trader","stock","cat") values('2014-11-7 08:00:00','400.22','1427664','limit','C000001489','KUTV','sell');
insert into stocks values('NXTD','C000001832');
insert into transaction ("volume","time","price","seller","buyer","stock") values('0','1975-11-7 08:00:00','310.12','admin','admin','NXTD');
insert into orders ("time","price","volume","type","trader","stock","cat") values('2014-11-7 08:00:00','310.12','1607879','limit','C000001832','NXTD','sell');
insert into stocks values('CYCC','C000000716');
insert into transaction ("volume","time","price","seller","buyer","stock") values('0','1975-11-7 08:00:00','287.86','admin','admin','CYCC');
insert into orders ("time","price","volume","type","trader","stock","cat") values('2014-11-7 08:00:00','287.86','1463044','limit','C000000716','CYCC','sell');
insert into stocks values('OPHC','C000001881');
insert into transaction ("volume","time","price","seller","buyer","stock") values('0','1975-11-7 08:00:00','249.02','admin','admin','OPHC');
insert into orders ("time","price","volume","type","trader","stock","cat") values('2014-11-7 08:00:00','249.02','1910291','limit','C000001881','OPHC','sell');
insert into stocks values('ELON','C000000814');
insert into transaction ("volume","time","price","seller","buyer","stock") values('0','1975-11-7 08:00:00','319.62','admin','admin','ELON');
insert into orders ("time","price","volume","type","trader","stock","cat") values('2014-11-7 08:00:00','319.62','1986254','limit','C000000814','ELON','sell');
insert into stocks values('HART','C000001210');
insert into transaction ("volume","time","price","seller","buyer","stock") values('0','1975-11-7 08:00:00','356.35','admin','admin','HART');
insert into orders ("time","price","volume","type","trader","stock","cat") values('2014-11-7 08:00:00','356.35','1401105','limit','C000001210','HART','sell');
insert into stocks values('PRSN','C000001980');
insert into transaction ("volume","time","price","seller","buyer","stock") values('0','1975-11-7 08:00:00','205.37','admin','admin','PRSN');
insert into orders ("time","price","volume","type","trader","stock","cat") values('2014-11-7 08:00:00','205.37','1853990','limit','C000001980','PRSN','sell');
insert into stocks values('CLRBW','C000000499');
insert into transaction ("volume","time","price","seller","buyer","stock") values('0','1975-11-7 08:00:00','344.96','admin','admin','CLRBW');
insert into orders ("time","price","volume","type","trader","stock","cat") values('2014-11-7 08:00:00','344.96','1782435','limit','C000000499','CLRBW','sell');
insert into stocks values('ESCRP','C000000885');
insert into transaction ("volume","time","price","seller","buyer","stock") values('0','1975-11-7 08:00:00','220.68','admin','admin','ESCRP');
insert into orders ("time","price","volume","type","trader","stock","cat") values('2014-11-7 08:00:00','220.68','1099439','limit','C000000885','ESCRP','sell');
insert into stocks values('COSI','C000000671');
insert into transaction ("volume","time","price","seller","buyer","stock") values('0','1975-11-7 08:00:00','50.14','admin','admin','COSI');
insert into orders ("time","price","volume","type","trader","stock","cat") values('2014-11-7 08:00:00','50.14','1317271','limit','C000000671','COSI','sell');
insert into stocks values('MOLG','C000001700');
insert into transaction ("volume","time","price","seller","buyer","stock") values('0','1975-11-7 08:00:00','326.81','admin','admin','MOLG');
insert into orders ("time","price","volume","type","trader","stock","cat") values('2014-11-7 08:00:00','326.81','1403229','limit','C000001700','MOLG','sell');
insert into stocks values('ROYL','C000002201');
insert into transaction ("volume","time","price","seller","buyer","stock") values('0','1975-11-7 08:00:00','418.39','admin','admin','ROYL');
insert into orders ("time","price","volume","type","trader","stock","cat") values('2014-11-7 08:00:00','418.39','1863566','limit','C000002201','ROYL','sell');
insert into stocks values('NLST','C000001774');
insert into transaction ("volume","time","price","seller","buyer","stock") values('0','1975-11-7 08:00:00','92.19','admin','admin','NLST');
insert into orders ("time","price","volume","type","trader","stock","cat") values('2014-11-7 08:00:00','92.19','1632038','limit','C000001774','NLST','sell');
insert into stocks values('GLBS','C000001149');
insert into transaction ("volume","time","price","seller","buyer","stock") values('0','1975-11-7 08:00:00','266.07','admin','admin','GLBS');
insert into orders ("time","price","volume","type","trader","stock","cat") values('2014-11-7 08:00:00','266.07','1427271','limit','C000001149','GLBS','sell');
insert into stocks values('KOOL','C000000522');
insert into transaction ("volume","time","price","seller","buyer","stock") values('0','1975-11-7 08:00:00','106.65','admin','admin','KOOL');
insert into orders ("time","price","volume","type","trader","stock","cat") values('2014-11-7 08:00:00','106.65','1891058','limit','C000000522','KOOL','sell');
insert into stocks values('TRTLW','C000002476');
insert into transaction ("volume","time","price","seller","buyer","stock") values('0','1975-11-7 08:00:00','399.23','admin','admin','TRTLW');
insert into orders ("time","price","volume","type","trader","stock","cat") values('2014-11-7 08:00:00','399.23','1608287','limit','C000002476','TRTLW','sell');
insert into stocks values('GIGM','C000001123');
insert into transaction ("volume","time","price","seller","buyer","stock") values('0','1975-11-7 08:00:00','191.09','admin','admin','GIGM');
insert into orders ("time","price","volume","type","trader","stock","cat") values('2014-11-7 08:00:00','191.09','1673077','limit','C000001123','GIGM','sell');
insert into stocks values('AXPWW','C000000285');
insert into transaction ("volume","time","price","seller","buyer","stock") values('0','1975-11-7 08:00:00','21.11','admin','admin','AXPWW');
insert into orders ("time","price","volume","type","trader","stock","cat") values('2014-11-7 08:00:00','21.11','1358529','limit','C000000285','AXPWW','sell');
insert into stocks values('KGJI','C000001475');
insert into transaction ("volume","time","price","seller","buyer","stock") values('0','1975-11-7 08:00:00','84.21','admin','admin','KGJI');
insert into orders ("time","price","volume","type","trader","stock","cat") values('2014-11-7 08:00:00','84.21','1954128','limit','C000001475','KGJI','sell');
insert into stocks values('MPET','C000001583');
insert into transaction ("volume","time","price","seller","buyer","stock") values('0','1975-11-7 08:00:00','380.15','admin','admin','MPET');
insert into orders ("time","price","volume","type","trader","stock","cat") values('2014-11-7 08:00:00','380.15','1801602','limit','C000001583','MPET','sell');
insert into stocks values('FES','C000001060');
insert into transaction ("volume","time","price","seller","buyer","stock") values('0','1975-11-7 08:00:00','155.96','admin','admin','FES');
insert into orders ("time","price","volume","type","trader","stock","cat") values('2014-11-7 08:00:00','155.96','1730225','limit','C000001060','FES','sell');
insert into stocks values('SMT','C000002316');
insert into transaction ("volume","time","price","seller","buyer","stock") values('0','1975-11-7 08:00:00','201.27','admin','admin','SMT');
insert into orders ("time","price","volume","type","trader","stock","cat") values('2014-11-7 08:00:00','201.27','1435635','limit','C000002316','SMT','sell');
insert into stocks values('EACQW','C000000809');
insert into transaction ("volume","time","price","seller","buyer","stock") values('0','1975-11-7 08:00:00','169.96','admin','admin','EACQW');
insert into orders ("time","price","volume","type","trader","stock","cat") values('2014-11-7 08:00:00','169.96','1246385','limit','C000000809','EACQW','sell');
insert into stocks values('CCCR','C000000549');
insert into transaction ("volume","time","price","seller","buyer","stock") values('0','1975-11-7 08:00:00','407.56','admin','admin','CCCR');
insert into orders ("time","price","volume","type","trader","stock","cat") values('2014-11-7 08:00:00','407.56','1271753','limit','C000000549','CCCR','sell');
insert into stocks values('ADAT','C000000271');
insert into transaction ("volume","time","price","seller","buyer","stock") values('0','1975-11-7 08:00:00','368.22','admin','admin','ADAT');
insert into orders ("time","price","volume","type","trader","stock","cat") values('2014-11-7 08:00:00','368.22','1195488','limit','C000000271','ADAT','sell');
insert into stocks values('STEM','C000002386');
insert into transaction ("volume","time","price","seller","buyer","stock") values('0','1975-11-7 08:00:00','224.94','admin','admin','STEM');
insert into orders ("time","price","volume","type","trader","stock","cat") values('2014-11-7 08:00:00','224.94','1654276','limit','C000002386','STEM','sell');
insert into stocks values('MEIL','C000001663');
insert into transaction ("volume","time","price","seller","buyer","stock") values('0','1975-11-7 08:00:00','162.13','admin','admin','MEIL');
insert into orders ("time","price","volume","type","trader","stock","cat") values('2014-11-7 08:00:00','162.13','1220973','limit','C000001663','MEIL','sell');
insert into stocks values('CIDM','C000000574');
insert into transaction ("volume","time","price","seller","buyer","stock") values('0','1975-11-7 08:00:00','43.99','admin','admin','CIDM');
insert into orders ("time","price","volume","type","trader","stock","cat") values('2014-11-7 08:00:00','43.99','1247418','limit','C000000574','CIDM','sell');
insert into stocks values('LEDS','C000002255');
insert into transaction ("volume","time","price","seller","buyer","stock") values('0','1975-11-7 08:00:00','495.9','admin','admin','LEDS');
insert into orders ("time","price","volume","type","trader","stock","cat") values('2014-11-7 08:00:00','495.9','1209343','limit','C000002255','LEDS','sell');
insert into stocks values('WRES','C000002749');
insert into transaction ("volume","time","price","seller","buyer","stock") values('0','1975-11-7 08:00:00','266.61','admin','admin','WRES');
insert into orders ("time","price","volume","type","trader","stock","cat") values('2014-11-7 08:00:00','266.61','1887307','limit','C000002749','WRES','sell');
insert into stocks values('DCTH','C000000746');
insert into transaction ("volume","time","price","seller","buyer","stock") values('0','1975-11-7 08:00:00','325.21','admin','admin','DCTH');
insert into orders ("time","price","volume","type","trader","stock","cat") values('2014-11-7 08:00:00','325.21','1713443','limit','C000000746','DCTH','sell');
insert into stocks values('RITTW','C000002183');
insert into transaction ("volume","time","price","seller","buyer","stock") values('0','1975-11-7 08:00:00','163.58','admin','admin','RITTW');
insert into orders ("time","price","volume","type","trader","stock","cat") values('2014-11-7 08:00:00','163.58','1462623','limit','C000002183','RITTW','sell');
insert into stocks values('PHMD','C000001987');
insert into transaction ("volume","time","price","seller","buyer","stock") values('0','1975-11-7 08:00:00','258.24','admin','admin','PHMD');
insert into orders ("time","price","volume","type","trader","stock","cat") values('2014-11-7 08:00:00','258.24','1093778','limit','C000001987','PHMD','sell');
insert into stocks values('VICL','C000002704');
insert into transaction ("volume","time","price","seller","buyer","stock") values('0','1975-11-7 08:00:00','336.9','admin','admin','VICL');
insert into orders ("time","price","volume","type","trader","stock","cat") values('2014-11-7 08:00:00','336.9','1048764','limit','C000002704','VICL','sell');
insert into stocks values('RXII','C000002208');
insert into transaction ("volume","time","price","seller","buyer","stock") values('0','1975-11-7 08:00:00','128.95','admin','admin','RXII');
insert into orders ("time","price","volume","type","trader","stock","cat") values('2014-11-7 08:00:00','128.95','1712892','limit','C000002208','RXII','sell');
insert into stocks values('CMLS','C000000708');
insert into transaction ("volume","time","price","seller","buyer","stock") values('0','1975-11-7 08:00:00','431.64','admin','admin','CMLS');
insert into orders ("time","price","volume","type","trader","stock","cat") values('2014-11-7 08:00:00','431.64','1063329','limit','C000000708','CMLS','sell');
insert into stocks values('GPIAW','C000001164');
insert into transaction ("volume","time","price","seller","buyer","stock") values('0','1975-11-7 08:00:00','265.21','admin','admin','GPIAW');
insert into orders ("time","price","volume","type","trader","stock","cat") values('2014-11-7 08:00:00','265.21','1042598','limit','C000001164','GPIAW','sell');
insert into stocks values('CREG','C000000558');
insert into transaction ("volume","time","price","seller","buyer","stock") values('0','1975-11-7 08:00:00','308.98','admin','admin','CREG');
insert into orders ("time","price","volume","type","trader","stock","cat") values('2014-11-7 08:00:00','308.98','1322741','limit','C000000558','CREG','sell');
insert into stocks values('OMEX','C000001848');
insert into transaction ("volume","time","price","seller","buyer","stock") values('0','1975-11-7 08:00:00','294.77','admin','admin','OMEX');
insert into orders ("time","price","volume","type","trader","stock","cat") values('2014-11-7 08:00:00','294.77','1426330','limit','C000001848','OMEX','sell');
insert into stocks values('VPCO','C000002678');
insert into transaction ("volume","time","price","seller","buyer","stock") values('0','1975-11-7 08:00:00','494.86','admin','admin','VPCO');
insert into orders ("time","price","volume","type","trader","stock","cat") values('2014-11-7 08:00:00','494.86','1158627','limit','C000002678','VPCO','sell');
insert into stocks values('SGOC','C000002268');
insert into transaction ("volume","time","price","seller","buyer","stock") values('0','1975-11-7 08:00:00','155.95','admin','admin','SGOC');
insert into orders ("time","price","volume","type","trader","stock","cat") values('2014-11-7 08:00:00','155.95','1433904','limit','C000002268','SGOC','sell');
insert into stocks values('FNTCW','C000000949');
insert into transaction ("volume","time","price","seller","buyer","stock") values('0','1975-11-7 08:00:00','375.29','admin','admin','FNTCW');
insert into orders ("time","price","volume","type","trader","stock","cat") values('2014-11-7 08:00:00','375.29','1169094','limit','C000000949','FNTCW','sell');
insert into stocks values('USEG','C000002593');
insert into transaction ("volume","time","price","seller","buyer","stock") values('0','1975-11-7 08:00:00','196.5','admin','admin','USEG');
insert into orders ("time","price","volume","type","trader","stock","cat") values('2014-11-7 08:00:00','196.5','1860831','limit','C000002593','USEG','sell');
insert into stocks values('CYTX','C000000725');
insert into transaction ("volume","time","price","seller","buyer","stock") values('0','1975-11-7 08:00:00','290.56','admin','admin','CYTX');
insert into orders ("time","price","volume","type","trader","stock","cat") values('2014-11-7 08:00:00','290.56','1953717','limit','C000000725','CYTX','sell');
insert into stocks values('OPGNW','C000001877');
insert into transaction ("volume","time","price","seller","buyer","stock") values('0','1975-11-7 08:00:00','248.16','admin','admin','OPGNW');
insert into orders ("time","price","volume","type","trader","stock","cat") values('2014-11-7 08:00:00','248.16','1359891','limit','C000001877','OPGNW','sell');
insert into stocks values('HRMNW','C000001208');
insert into transaction ("volume","time","price","seller","buyer","stock") values('0','1975-11-7 08:00:00','313.36','admin','admin','HRMNW');
insert into orders ("time","price","volume","type","trader","stock","cat") values('2014-11-7 08:00:00','313.36','1889971','limit','C000001208','HRMNW','sell');
insert into stocks values('CETC','C000001262');
insert into transaction ("volume","time","price","seller","buyer","stock") values('0','1975-11-7 08:00:00','173.56','admin','admin','CETC');
insert into orders ("time","price","volume","type","trader","stock","cat") values('2014-11-7 08:00:00','173.56','1345076','limit','C000001262','CETC','sell');
insert into stocks values('BIOD','C000000336');
insert into transaction ("volume","time","price","seller","buyer","stock") values('0','1975-11-7 08:00:00','11.96','admin','admin','BIOD');
insert into orders ("time","price","volume","type","trader","stock","cat") values('2014-11-7 08:00:00','11.96','1313585','limit','C000000336','BIOD','sell');
insert into stocks values('OCLSW','C000001847');
insert into transaction ("volume","time","price","seller","buyer","stock") values('0','1975-11-7 08:00:00','370.95','admin','admin','OCLSW');
insert into orders ("time","price","volume","type","trader","stock","cat") values('2014-11-7 08:00:00','370.95','1269176','limit','C000001847','OCLSW','sell');
insert into stocks values('PSUN','C000001918');
insert into transaction ("volume","time","price","seller","buyer","stock") values('0','1975-11-7 08:00:00','255.43','admin','admin','PSUN');
insert into orders ("time","price","volume","type","trader","stock","cat") values('2014-11-7 08:00:00','255.43','1294530','limit','C000001918','PSUN','sell');
insert into stocks values('VRNG','C000002742');
insert into transaction ("volume","time","price","seller","buyer","stock") values('0','1975-11-7 08:00:00','378.97','admin','admin','VRNG');
insert into orders ("time","price","volume","type","trader","stock","cat") values('2014-11-7 08:00:00','378.97','1774763','limit','C000002742','VRNG','sell');
insert into stocks values('SPEX','C000002358');
insert into transaction ("volume","time","price","seller","buyer","stock") values('0','1975-11-7 08:00:00','175.74','admin','admin','SPEX');
insert into orders ("time","price","volume","type","trader","stock","cat") values('2014-11-7 08:00:00','175.74','1739407','limit','C000002358','SPEX','sell');
insert into stocks values('DSCO','C000000776');
insert into transaction ("volume","time","price","seller","buyer","stock") values('0','1975-11-7 08:00:00','317.83','admin','admin','DSCO');
insert into orders ("time","price","volume","type","trader","stock","cat") values('2014-11-7 08:00:00','317.83','1465031','limit','C000000776','DSCO','sell');
insert into stocks values('ATEC','C000000121');
insert into transaction ("volume","time","price","seller","buyer","stock") values('0','1975-11-7 08:00:00','40.62','admin','admin','ATEC');
insert into orders ("time","price","volume","type","trader","stock","cat") values('2014-11-7 08:00:00','40.62','1476867','limit','C000000121','ATEC','sell');
insert into stocks values('CNLMR','C000000490');
insert into transaction ("volume","time","price","seller","buyer","stock") values('0','1975-11-7 08:00:00','92.22','admin','admin','CNLMR');
insert into orders ("time","price","volume","type","trader","stock","cat") values('2014-11-7 08:00:00','92.22','1188167','limit','C000000490','CNLMR','sell');
insert into stocks values('ESSX','C000000891');
insert into transaction ("volume","time","price","seller","buyer","stock") values('0','1975-11-7 08:00:00','104.61','admin','admin','ESSX');
insert into orders ("time","price","volume","type","trader","stock","cat") values('2014-11-7 08:00:00','104.61','1497409','limit','C000000891','ESSX','sell');
insert into stocks values('JOEZ','C000001448');
insert into transaction ("volume","time","price","seller","buyer","stock") values('0','1975-11-7 08:00:00','167.55','admin','admin','JOEZ');
insert into orders ("time","price","volume","type","trader","stock","cat") values('2014-11-7 08:00:00','167.55','1068168','limit','C000001448','JOEZ','sell');
insert into stocks values('ELECW','C000000838');
insert into transaction ("volume","time","price","seller","buyer","stock") values('0','1975-11-7 08:00:00','296.87','admin','admin','ELECW');
insert into orders ("time","price","volume","type","trader","stock","cat") values('2014-11-7 08:00:00','296.87','1221674','limit','C000000838','ELECW','sell');
insert into stocks values('HDRAR','C000001284');
insert into transaction ("volume","time","price","seller","buyer","stock") values('0','1975-11-7 08:00:00','10.23','admin','admin','HDRAR');
insert into orders ("time","price","volume","type","trader","stock","cat") values('2014-11-7 08:00:00','10.23','1080050','limit','C000001284','HDRAR','sell');
insert into stocks values('APPY','C000002686');
insert into transaction ("volume","time","price","seller","buyer","stock") values('0','1975-11-7 08:00:00','269.08','admin','admin','APPY');
insert into orders ("time","price","volume","type","trader","stock","cat") values('2014-11-7 08:00:00','269.08','1336758','limit','C000002686','APPY','sell');
insert into stocks values('MICTW','C000001671');
insert into transaction ("volume","time","price","seller","buyer","stock") values('0','1975-11-7 08:00:00','361.58','admin','admin','MICTW');
insert into orders ("time","price","volume","type","trader","stock","cat") values('2014-11-7 08:00:00','361.58','1696801','limit','C000001671','MICTW','sell');
insert into stocks values('CAMBW','C000000439');
insert into transaction ("volume","time","price","seller","buyer","stock") values('0','1975-11-7 08:00:00','363.17','admin','admin','CAMBW');
insert into orders ("time","price","volume","type","trader","stock","cat") values('2014-11-7 08:00:00','363.17','1788050','limit','C000000439','CAMBW','sell');
insert into stocks values('LLEX','C000001537');
insert into transaction ("volume","time","price","seller","buyer","stock") values('0','1975-11-7 08:00:00','374.75','admin','admin','LLEX');
insert into orders ("time","price","volume","type","trader","stock","cat") values('2014-11-7 08:00:00','374.75','1738879','limit','C000001537','LLEX','sell');
insert into stocks values('HDRAW','C000001284');
insert into transaction ("volume","time","price","seller","buyer","stock") values('0','1975-11-7 08:00:00','279.56','admin','admin','HDRAW');
insert into orders ("time","price","volume","type","trader","stock","cat") values('2014-11-7 08:00:00','279.56','1825858','limit','C000001284','HDRAW','sell');
insert into stocks values('DXM','C000000758');
insert into transaction ("volume","time","price","seller","buyer","stock") values('0','1975-11-7 08:00:00','89.99','admin','admin','DXM');
insert into orders ("time","price","volume","type","trader","stock","cat") values('2014-11-7 08:00:00','89.99','1682617','limit','C000000758','DXM','sell');
insert into stocks values('ANAD','C000000171');
insert into transaction ("volume","time","price","seller","buyer","stock") values('0','1975-11-7 08:00:00','413.06','admin','admin','ANAD');
insert into orders ("time","price","volume","type","trader","stock","cat") values('2014-11-7 08:00:00','413.06','1088430','limit','C000000171','ANAD','sell');
insert into stocks values('AMDA','C000000134');
insert into transaction ("volume","time","price","seller","buyer","stock") values('0','1975-11-7 08:00:00','468.2','admin','admin','AMDA');
insert into orders ("time","price","volume","type","trader","stock","cat") values('2014-11-7 08:00:00','468.2','1473998','limit','C000000134','AMDA','sell');
insert into stocks values('NXTDW','C000001832');
insert into transaction ("volume","time","price","seller","buyer","stock") values('0','1975-11-7 08:00:00','410.65','admin','admin','NXTDW');
insert into orders ("time","price","volume","type","trader","stock","cat") values('2014-11-7 08:00:00','410.65','1430326','limit','C000001832','NXTDW','sell');
insert into stocks values('INVT','C000001377');
insert into transaction ("volume","time","price","seller","buyer","stock") values('0','1975-11-7 08:00:00','433.53','admin','admin','INVT');
insert into orders ("time","price","volume","type","trader","stock","cat") values('2014-11-7 08:00:00','433.53','1516342','limit','C000001377','INVT','sell');
insert into stocks values('GPACW','C000001138');
insert into transaction ("volume","time","price","seller","buyer","stock") values('0','1975-11-7 08:00:00','157.03','admin','admin','GPACW');
insert into orders ("time","price","volume","type","trader","stock","cat") values('2014-11-7 08:00:00','157.03','1792459','limit','C000001138','GPACW','sell');
insert into stocks values('PRGN','C000001927');
insert into transaction ("volume","time","price","seller","buyer","stock") values('0','1975-11-7 08:00:00','376.64','admin','admin','PRGN');
insert into orders ("time","price","volume","type","trader","stock","cat") values('2014-11-7 08:00:00','376.64','1461893','limit','C000001927','PRGN','sell');
insert into stocks values('PAACR','C000001917');
insert into transaction ("volume","time","price","seller","buyer","stock") values('0','1975-11-7 08:00:00','39.13','admin','admin','PAACR');
insert into orders ("time","price","volume","type","trader","stock","cat") values('2014-11-7 08:00:00','39.13','1125835','limit','C000001917','PAACR','sell');
insert into stocks values('CADTR','C000000792');
insert into transaction ("volume","time","price","seller","buyer","stock") values('0','1975-11-7 08:00:00','432.56','admin','admin','CADTR');
insert into orders ("time","price","volume","type","trader","stock","cat") values('2014-11-7 08:00:00','432.56','1510071','limit','C000000792','CADTR','sell');
insert into stocks values('SCON','C000002422');
insert into transaction ("volume","time","price","seller","buyer","stock") values('0','1975-11-7 08:00:00','456.3','admin','admin','SCON');
insert into orders ("time","price","volume","type","trader","stock","cat") values('2014-11-7 08:00:00','456.3','1707497','limit','C000002422','SCON','sell');
insert into stocks values('QPACW','C000002107');
insert into transaction ("volume","time","price","seller","buyer","stock") values('0','1975-11-7 08:00:00','144.69','admin','admin','QPACW');
insert into orders ("time","price","volume","type","trader","stock","cat") values('2014-11-7 08:00:00','144.69','1882917','limit','C000002107','QPACW','sell');
insert into stocks values('MDVXW','C000001638');
insert into transaction ("volume","time","price","seller","buyer","stock") values('0','1975-11-7 08:00:00','74.51','admin','admin','MDVXW');
insert into orders ("time","price","volume","type","trader","stock","cat") values('2014-11-7 08:00:00','74.51','1929514','limit','C000001638','MDVXW','sell');
insert into stocks values('HOTRW','C000000526');
insert into transaction ("volume","time","price","seller","buyer","stock") values('0','1975-11-7 08:00:00','365.68','admin','admin','HOTRW');
insert into orders ("time","price","volume","type","trader","stock","cat") values('2014-11-7 08:00:00','365.68','1070261','limit','C000000526','HOTRW','sell');
insert into stocks values('CPST','C000000456');
insert into transaction ("volume","time","price","seller","buyer","stock") values('0','1975-11-7 08:00:00','198.02','admin','admin','CPST');
insert into orders ("time","price","volume","type","trader","stock","cat") values('2014-11-7 08:00:00','198.02','1300145','limit','C000000456','CPST','sell');
insert into stocks values('BHACR','C000000308');
insert into transaction ("volume","time","price","seller","buyer","stock") values('0','1975-11-7 08:00:00','212.89','admin','admin','BHACR');
insert into orders ("time","price","volume","type","trader","stock","cat") values('2014-11-7 08:00:00','212.89','1805737','limit','C000000308','BHACR','sell');
insert into stocks values('AUMAW','C000000203');
insert into transaction ("volume","time","price","seller","buyer","stock") values('0','1975-11-7 08:00:00','12.16','admin','admin','AUMAW');
insert into orders ("time","price","volume","type","trader","stock","cat") values('2014-11-7 08:00:00','12.16','1913964','limit','C000000203','AUMAW','sell');
insert into stocks values('TFSCR','C000000001');
insert into transaction ("volume","time","price","seller","buyer","stock") values('0','1975-11-7 08:00:00','395.35','admin','admin','TFSCR');
insert into orders ("time","price","volume","type","trader","stock","cat") values('2014-11-7 08:00:00','395.35','1296271','limit','C000000001','TFSCR','sell');
insert into stocks values('LPTN','C000001566');
insert into transaction ("volume","time","price","seller","buyer","stock") values('0','1975-11-7 08:00:00','359.22','admin','admin','LPTN');
insert into orders ("time","price","volume","type","trader","stock","cat") values('2014-11-7 08:00:00','359.22','1107212','limit','C000001566','LPTN','sell');
insert into stocks values('HCACW','C000001234');
insert into transaction ("volume","time","price","seller","buyer","stock") values('0','1975-11-7 08:00:00','169.95','admin','admin','HCACW');
insert into orders ("time","price","volume","type","trader","stock","cat") values('2014-11-7 08:00:00','169.95','1439552','limit','C000001234','HCACW','sell');
insert into stocks values('CNLMW','C000000490');
insert into transaction ("volume","time","price","seller","buyer","stock") values('0','1975-11-7 08:00:00','181.34','admin','admin','CNLMW');
insert into orders ("time","price","volume","type","trader","stock","cat") values('2014-11-7 08:00:00','181.34','1647319','limit','C000000490','CNLMW','sell');
insert into stocks values('CRDC','C000000460');
insert into transaction ("volume","time","price","seller","buyer","stock") values('0','1975-11-7 08:00:00','151.72','admin','admin','CRDC');
insert into orders ("time","price","volume","type","trader","stock","cat") values('2014-11-7 08:00:00','151.72','1492316','limit','C000000460','CRDC','sell');
insert into stocks values('ARWAR','C000000224');
insert into transaction ("volume","time","price","seller","buyer","stock") values('0','1975-11-7 08:00:00','433.01','admin','admin','ARWAR');
insert into orders ("time","price","volume","type","trader","stock","cat") values('2014-11-7 08:00:00','433.01','1343535','limit','C000000224','ARWAR','sell');
insert into stocks values('TFSCW','C000000001');
insert into transaction ("volume","time","price","seller","buyer","stock") values('0','1975-11-7 08:00:00','188.1','admin','admin','TFSCW');
insert into orders ("time","price","volume","type","trader","stock","cat") values('2014-11-7 08:00:00','188.1','1995533','limit','C000000001','TFSCW','sell');
insert into stocks values('DRYS','C000000789');
insert into transaction ("volume","time","price","seller","buyer","stock") values('0','1975-11-7 08:00:00','348.61','admin','admin','DRYS');
insert into orders ("time","price","volume","type","trader","stock","cat") values('2014-11-7 08:00:00','348.61','1196728','limit','C000000789','DRYS','sell');
insert into stocks values('ETRM','C000000869');
insert into transaction ("volume","time","price","seller","buyer","stock") values('0','1975-11-7 08:00:00','378.27','admin','admin','ETRM');
insert into orders ("time","price","volume","type","trader","stock","cat") values('2014-11-7 08:00:00','378.27','1433589','limit','C000000869','ETRM','sell');
insert into stocks values('PRKR','C000001933');
insert into transaction ("volume","time","price","seller","buyer","stock") values('0','1975-11-7 08:00:00','36.32','admin','admin','PRKR');
insert into orders ("time","price","volume","type","trader","stock","cat") values('2014-11-7 08:00:00','36.32','1657803','limit','C000001933','PRKR','sell');
insert into stocks values('BHACW','C000000308');
insert into transaction ("volume","time","price","seller","buyer","stock") values('0','1975-11-7 08:00:00','173.31','admin','admin','BHACW');
insert into orders ("time","price","volume","type","trader","stock","cat") values('2014-11-7 08:00:00','173.31','1850967','limit','C000000308','BHACW','sell');
insert into stocks values('JASNW','C000001438');
insert into transaction ("volume","time","price","seller","buyer","stock") values('0','1975-11-7 08:00:00','284.11','admin','admin','JASNW');
insert into orders ("time","price","volume","type","trader","stock","cat") values('2014-11-7 08:00:00','284.11','1258912','limit','C000001438','JASNW','sell');
insert into stocks values('COYN','C000000663');
insert into transaction ("volume","time","price","seller","buyer","stock") values('0','1975-11-7 08:00:00','394.04','admin','admin','COYN');
insert into orders ("time","price","volume","type","trader","stock","cat") values('2014-11-7 08:00:00','394.04','1975029','limit','C000000663','COYN','sell');
insert into stocks values('WAVX','C000002754');
insert into transaction ("volume","time","price","seller","buyer","stock") values('0','1975-11-7 08:00:00','295.44','admin','admin','WAVX');
insert into orders ("time","price","volume","type","trader","stock","cat") values('2014-11-7 08:00:00','295.44','1712323','limit','C000002754','WAVX','sell');
insert into stocks values('SPDC','C000002356');
insert into transaction ("volume","time","price","seller","buyer","stock") values('0','1975-11-7 08:00:00','148.49','admin','admin','SPDC');
insert into orders ("time","price","volume","type","trader","stock","cat") values('2014-11-7 08:00:00','148.49','1721153','limit','C000002356','SPDC','sell');
insert into stocks values('NUROW','C000001780');
insert into transaction ("volume","time","price","seller","buyer","stock") values('0','1975-11-7 08:00:00','334.96','admin','admin','NUROW');
insert into orders ("time","price","volume","type","trader","stock","cat") values('2014-11-7 08:00:00','334.96','1566461','limit','C000001780','NUROW','sell');
insert into stocks values('ASTI','C000000237');
insert into transaction ("volume","time","price","seller","buyer","stock") values('0','1975-11-7 08:00:00','445.26','admin','admin','ASTI');
insert into orders ("time","price","volume","type","trader","stock","cat") values('2014-11-7 08:00:00','445.26','1359635','limit','C000000237','ASTI','sell');
insert into stocks values('GGACR','C000001104');
insert into transaction ("volume","time","price","seller","buyer","stock") values('0','1975-11-7 08:00:00','478.17','admin','admin','GGACR');
insert into orders ("time","price","volume","type","trader","stock","cat") values('2014-11-7 08:00:00','478.17','1066550','limit','C000001104','GGACR','sell');
insert into stocks values('DRWI','C000000787');
insert into transaction ("volume","time","price","seller","buyer","stock") values('0','1975-11-7 08:00:00','283.67','admin','admin','DRWI');
insert into orders ("time","price","volume","type","trader","stock","cat") values('2014-11-7 08:00:00','283.67','1905344','limit','C000000787','DRWI','sell');
insert into stocks values('DELTW','C000000748');
insert into transaction ("volume","time","price","seller","buyer","stock") values('0','1975-11-7 08:00:00','465.87','admin','admin','DELTW');
insert into orders ("time","price","volume","type","trader","stock","cat") values('2014-11-7 08:00:00','465.87','1390400','limit','C000000748','DELTW','sell');
insert into stocks values('OPXAW','C000001876');
insert into transaction ("volume","time","price","seller","buyer","stock") values('0','1975-11-7 08:00:00','148.95','admin','admin','OPXAW');
insert into orders ("time","price","volume","type","trader","stock","cat") values('2014-11-7 08:00:00','148.95','1453748','limit','C000001876','OPXAW','sell');
insert into stocks values('XGTIW','C000002831');
insert into transaction ("volume","time","price","seller","buyer","stock") values('0','1975-11-7 08:00:00','105.69','admin','admin','XGTIW');
insert into orders ("time","price","volume","type","trader","stock","cat") values('2014-11-7 08:00:00','105.69','1636160','limit','C000002831','XGTIW','sell');
insert into stocks values('GCVRZ','C000002227');
insert into transaction ("volume","time","price","seller","buyer","stock") values('0','1975-11-7 08:00:00','327.44','admin','admin','GCVRZ');
insert into orders ("time","price","volume","type","trader","stock","cat") values('2014-11-7 08:00:00','327.44','1172042','limit','C000002227','GCVRZ','sell');
insert into stocks values('PAACW','C000001917');
insert into transaction ("volume","time","price","seller","buyer","stock") values('0','1975-11-7 08:00:00','455.46','admin','admin','PAACW');
insert into orders ("time","price","volume","type","trader","stock","cat") values('2014-11-7 08:00:00','455.46','1363292','limit','C000001917','PAACW','sell');
insert into stocks values('GGACW','C000001104');
insert into transaction ("volume","time","price","seller","buyer","stock") values('0','1975-11-7 08:00:00','10.24','admin','admin','GGACW');
insert into orders ("time","price","volume","type","trader","stock","cat") values('2014-11-7 08:00:00','10.24','1124737','limit','C000001104','GGACW','sell');
insert into stocks values('NETE','C000001769');
insert into transaction ("volume","time","price","seller","buyer","stock") values('0','1975-11-7 08:00:00','381.25','admin','admin','NETE');
insert into orders ("time","price","volume","type","trader","stock","cat") values('2014-11-7 08:00:00','381.25','1639352','limit','C000001769','NETE','sell');
insert into stocks values('ARWAW','C000000224');
insert into transaction ("volume","time","price","seller","buyer","stock") values('0','1975-11-7 08:00:00','105.75','admin','admin','ARWAW');
insert into orders ("time","price","volume","type","trader","stock","cat") values('2014-11-7 08:00:00','105.75','1825190','limit','C000000224','ARWAW','sell');
insert into stocks values('CADTW','C000000792');
insert into transaction ("volume","time","price","seller","buyer","stock") values('0','1975-11-7 08:00:00','193.81','admin','admin','CADTW');
insert into orders ("time","price","volume","type","trader","stock","cat") values('2014-11-7 08:00:00','193.81','1670967','limit','C000000792','CADTW','sell');
insert into stocks values('AEZS','C000000072');
insert into transaction ("volume","time","price","seller","buyer","stock") values('0','1975-11-7 08:00:00','494.5','admin','admin','AEZS');
insert into orders ("time","price","volume","type","trader","stock","cat") values('2014-11-7 08:00:00','494.5','1952193','limit','C000000072','AEZS','sell');
insert into stocks values('GBSN','C000001167');
insert into transaction ("volume","time","price","seller","buyer","stock") values('0','1975-11-7 08:00:00','250.69','admin','admin','GBSN');
insert into orders ("time","price","volume","type","trader","stock","cat") values('2014-11-7 08:00:00','250.69','1374915','limit','C000001167','GBSN','sell');
insert into stocks values('FREE','C000001076');
insert into transaction ("volume","time","price","seller","buyer","stock") values('0','1975-11-7 08:00:00','175.94','admin','admin','FREE');
insert into orders ("time","price","volume","type","trader","stock","cat") values('2014-11-7 08:00:00','175.94','1326301','limit','C000001076','FREE','sell');
insert into stocks values('PRSNW','C000001980');
insert into transaction ("volume","time","price","seller","buyer","stock") values('0','1975-11-7 08:00:00','32.22','admin','admin','PRSNW');
insert into orders ("time","price","volume","type","trader","stock","cat") values('2014-11-7 08:00:00','32.22','1251883','limit','C000001980','PRSNW','sell');
insert into stocks values('MEILW','C000001663');
insert into transaction ("volume","time","price","seller","buyer","stock") values('0','1975-11-7 08:00:00','177.16','admin','admin','MEILW');
insert into orders ("time","price","volume","type","trader","stock","cat") values('2014-11-7 08:00:00','177.16','1782849','limit','C000001663','MEILW','sell');
insert into stocks values('WHLRW','C000002777');
insert into transaction ("volume","time","price","seller","buyer","stock") values('0','1975-11-7 08:00:00','36.8','admin','admin','WHLRW');
insert into orders ("time","price","volume","type","trader","stock","cat") values('2014-11-7 08:00:00','36.8','1271059','limit','C000002777','WHLRW','sell');
insert into stocks values('DRWIW','C000000787');
insert into transaction ("volume","time","price","seller","buyer","stock") values('0','1975-11-7 08:00:00','148.72','admin','admin','DRWIW');
insert into orders ("time","price","volume","type","trader","stock","cat") values('2014-11-7 08:00:00','148.72','1469513','limit','C000000787','DRWIW','sell');
insert into stocks values('MEILZ','C000001663');
insert into transaction ("volume","time","price","seller","buyer","stock") values('0','1975-11-7 08:00:00','98.98','admin','admin','MEILZ');
insert into orders ("time","price","volume","type","trader","stock","cat") values('2014-11-7 08:00:00','98.98','1362759','limit','C000001663','MEILZ','sell');
insert into stocks values('CYHHZ','C000000632');
insert into transaction ("volume","time","price","seller","buyer","stock") values('0','1975-11-7 08:00:00','299.71','admin','admin','CYHHZ');
insert into orders ("time","price","volume","type","trader","stock","cat") values('2014-11-7 08:00:00','299.71','1603569','limit','C000000632','CYHHZ','sell');
insert into stocks values('PACE','C000001910');
insert into transaction ("volume","time","price","seller","buyer","stock") values('0','1975-11-7 08:00:00','79.45','admin','admin','PACE');
insert into orders ("time","price","volume","type","trader","stock","cat") values('2014-11-7 08:00:00','79.45','1722196','limit','C000001910','PACE','sell');
